"SkillDir","RefFile","RefPath","RefSize","RefDesc","Status","SelfRef","PromptRef","PromptFiles","SiblingRef","SiblingFiles","CommonRef","CommonFiles","IsStale","MissingRefsSec"
"CommonSkills\通用-补充构建素材库","各池条目录入模板.md","CommonSkills\通用-补充构建素材库\references\各池条目录入模板.md","9611","各池条目录入模板","ok","True","False","","False","","True","通用-补充构建素材库","False","True"
"CommonSkills\通用-补充构建素材库","缺件诊断检查表.md","CommonSkills\通用-补充构建素材库\references\缺件诊断检查表.md","5580","缺件诊断检查表","ok","True","False","","False","","True","通用-补充构建素材库","False","True"
"CommonSkills\通用-补充构建素材库","搜索日志记录模板.md","CommonSkills\通用-补充构建素材库\references\搜索日志记录模板.md","2779","搜索日志记录模板","ok","True","False","","False","","True","通用-补充构建素材库","False","True"
"CommonSkills\通用-创建小说正文","场景串章与章级回报分配卡.md","CommonSkills\通用-创建小说正文\references\场景串章与章级回报分配卡.md","4084","场景串章与章级回报分配卡","ok","True","False","","False","","True","通用-创建小说正文","False","False"
"CommonSkills\通用-创建小说正文","第一人称转第三人称映射与首现关系卡.md","CommonSkills\通用-创建小说正文\references\第一人称转第三人称映射与首现关系卡.md","1952","第一人称转第三人称映射与首现关系卡","ok","True","False","","False","","True","通用-创建小说正文","False","False"
"CommonSkills\通用-创建小说正文","多视角章的切换句与切换段接口卡.md","CommonSkills\通用-创建小说正文\references\多视角章的切换句与切换段接口卡.md","5172","多视角章的切换句与切换段接口卡","ok","True","False","","False","","True","通用-创建小说正文","False","False"
"CommonSkills\通用-创建小说正文","多视角章的章首辨识锚点.md","CommonSkills\通用-创建小说正文\references\多视角章的章首辨识锚点.md","4409","多视角章的章首辨识锚点","ok","True","False","","False","","True","通用-创建小说正文","False","False"
"CommonSkills\通用-创建小说正文","黄金三章与首轮回报设计.md","CommonSkills\通用-创建小说正文\references\黄金三章与首轮回报设计.md","17341","黄金三章与首轮回报设计","ok","True","False","","False","","True","通用-创建小说正文","False","False"
"CommonSkills\通用-创建小说正文","拼章检查卡_开头中段章末与钩子链复核.md","CommonSkills\通用-创建小说正文\references\拼章检查卡_开头中段章末与钩子链复核.md","3277","拼章检查卡_开头中段章末与钩子链复核","dead","False","False","","False","","False","","False","False"
"CommonSkills\通用-创建小说正文","三阶段骨架扩写拼合_体裁与扩字补编.md","CommonSkills\通用-创建小说正文\references\三阶段骨架扩写拼合_体裁与扩字补编.md","5716","三阶段骨架扩写拼合_体裁与扩字补编","dead","False","False","","False","","False","","False","False"
"CommonSkills\通用-创建小说正文","视角切换章与多视角连续章规则.md","CommonSkills\通用-创建小说正文\references\视角切换章与多视角连续章规则.md","5148","视角切换章与多视角连续章规则","ok","True","False","","False","","True","通用-创建小说正文","False","False"
"CommonSkills\通用-创建小说正文","视角与叙述距离控制.md","CommonSkills\通用-创建小说正文\references\视角与叙述距离控制.md","3614","视角与叙述距离控制","ok","True","False","","False","","True","通用-创建小说正文","False","False"
"CommonSkills\通用-创建小说正文","写作启动工具与创意阻力处理.md","CommonSkills\通用-创建小说正文\references\写作启动工具与创意阻力处理.md","8219","写作启动工具与创意阻力处理","ok","True","False","","False","","True","通用-创建小说正文","False","False"
"CommonSkills\通用-创建小说正文","章节附属构件与后记规范.md","CommonSkills\通用-创建小说正文\references\章节附属构件与后记规范.md","10015","章节附属构件与后记规范","ok","True","False","","False","","True","通用-创建小说正文","False","False"
"CommonSkills\通用-创建小说正文","章节四拍执行与钩子轮换写作卡.md","CommonSkills\通用-创建小说正文\references\章节四拍执行与钩子轮换写作卡.md","1381","章节四拍执行与钩子轮换写作卡","ok","True","False","","False","","True","通用-创建小说正文","False","False"
"CommonSkills\通用-创建小说正文","章节正文创作总流程与交付规范.md","CommonSkills\通用-创建小说正文\references\章节正文创作总流程与交付规范.md","37591","章节正文创作总流程与交付规范","ok","True","False","","False","","True","通用-创建小说正文","False","False"
"CommonSkills\通用-大纲审阅优化闭环","大纲审阅优化闭环总流程.md","CommonSkills\通用-大纲审阅优化闭环\references\大纲审阅优化闭环总流程.md","5661","大纲审阅优化闭环总流程（参考）","ok","True","False","","False","","True","通用-大纲审阅优化闭环","False","False"
"CommonSkills\通用-大纲审阅优化闭环","审阅报告复用与9点2门槛.md","CommonSkills\通用-大纲审阅优化闭环\references\审阅报告复用与9点2门槛.md","2544","审阅报告复用与 9.2 门槛","ok","True","False","","False","","True","通用-大纲审阅优化闭环","False","False"
"CommonSkills\通用-多平台输出编排","多平台输出门禁与相似度规则.md","CommonSkills\通用-多平台输出编排\references\多平台输出门禁与相似度规则.md","7763","多平台输出门禁与相似度规则","ok","True","False","","False","","True","通用-多平台输出编排","False","False"
"CommonSkills\通用-多平台输出编排","多平台输出摘要与日志规范.md","CommonSkills\通用-多平台输出编排\references\多平台输出摘要与日志规范.md","5351","多平台输出摘要与日志规范","ok","True","False","","False","","True","通用-多平台输出编排","False","False"
"CommonSkills\通用-多平台输出编排","多平台输出执行总流程与断点恢复.md","CommonSkills\通用-多平台输出编排\references\多平台输出执行总流程与断点恢复.md","10569","多平台输出执行总流程与断点恢复（参考）","ok","True","False","","False","","True","通用-多平台输出编排","False","False"
"CommonSkills\通用-多平台小说适配","多平台改写前推演清单.md","CommonSkills\通用-多平台小说适配\references\多平台改写前推演清单.md","1684","多平台改写前推演清单","ok","True","False","","False","","True","通用-多平台小说适配","False","True"
"CommonSkills\通用-多平台小说适配","平台差异矩阵.md","CommonSkills\通用-多平台小说适配\references\平台差异矩阵.md","4637","平台差异矩阵","ok","True","False","","False","","True","通用-多平台小说适配","False","True"
"CommonSkills\通用-多平台小说适配","平台风格总则与撞车修复.md","CommonSkills\通用-多平台小说适配\references\平台风格总则与撞车修复.md","2763","平台风格总则与撞车修复","ok","True","False","","False","","True","通用-多平台小说适配","False","True"
"CommonSkills\通用-多平台小说适配","平台节奏与付费机制补充.md","CommonSkills\通用-多平台小说适配\references\平台节奏与付费机制补充.md","3403","平台节奏与付费机制补充","ok","True","False","","False","","True","通用-多平台小说适配","False","True"
"CommonSkills\通用-多平台小说适配","平台情绪直给度对照表.md","CommonSkills\通用-多平台小说适配\references\平台情绪直给度对照表.md","4026","平台情绪直给度对照表","ok","True","False","","False","","True","通用-多平台小说适配","False","True"
"CommonSkills\通用-多平台小说适配","平台POV基线表_模板.md","CommonSkills\通用-多平台小说适配\references\平台POV基线表_模板.md","11368","平台 POV 基线表（生成指引与模板）","ok","True","False","","False","","True","通用-多平台小说适配","False","True"
"CommonSkills\通用-多平台小说适配","人称视角双向转换适配卡.md","CommonSkills\通用-多平台小说适配\references\人称视角双向转换适配卡.md","5494","人称视角双向转换适配卡","ok","True","False","","False","","True","通用-多平台小说适配","False","True"
"CommonSkills\通用-分析竞对作品","榜单检索与样本池确定规则.md","CommonSkills\通用-分析竞对作品\references\榜单检索与样本池确定规则.md","12536","榜单检索与样本池确定规则","ok","True","False","","False","","True","通用-分析竞对作品","False","False"
"CommonSkills\通用-分析竞对作品","范文对标的定量与定性分析方法.md","CommonSkills\通用-分析竞对作品\references\范文对标的定量与定性分析方法.md","20769","范文对标的定量与定性分析方法（四层竞对拆解版）","ok","True","False","","False","","True","通用-分析竞对作品","False","False"
"CommonSkills\通用-分析竞对作品","竞对分析报告模板.md","CommonSkills\通用-分析竞对作品\references\竞对分析报告模板.md","11867","竞对分析报告模板","ok","True","False","","False","","True","通用-分析竞对作品","False","False"
"CommonSkills\通用-分析竞对作品","竞对分析执行清单.md","CommonSkills\通用-分析竞对作品\references\竞对分析执行清单.md","7770","竞对分析执行清单","ok","True","False","","False","","True","通用-分析竞对作品","False","False"
"CommonSkills\通用-分析竞对作品","竞对分析总览模板.md","CommonSkills\通用-分析竞对作品\references\竞对分析总览模板.md","9036","竞对分析总览模板","ok","True","False","","False","","True","通用-分析竞对作品","False","False"
"CommonSkills\通用-分析竞对作品","GEO竞对分析增补.md","CommonSkills\通用-分析竞对作品\references\GEO竞对分析增补.md","3128","竞对分析的 GEO 维度增补","ok","True","False","","False","","True","通用-分析竞对作品","False","False"
"CommonSkills\通用-管理连续性冷热线","动态状态模板.md","CommonSkills\通用-管理连续性冷热线\references\动态状态模板.md","2032","动态状态模板","ok","True","False","","False","","True","通用-管理连续性冷热线","False","True"
"CommonSkills\通用-管理连续性冷热线","归档更新_决策日志_进度追踪补编.md","CommonSkills\通用-管理连续性冷热线\references\归档更新_决策日志_进度追踪补编.md","9342","归档更新_决策日志_进度追踪补编","ok","True","False","","False","","True","通用-管理连续性冷热线","False","True"
"CommonSkills\通用-管理连续性冷热线","合理休眠说明模板.md","CommonSkills\通用-管理连续性冷热线\references\合理休眠说明模板.md","292","合理休眠说明模板","ok","True","False","","False","","True","通用-管理连续性冷热线","False","True"
"CommonSkills\通用-管理连续性冷热线","冷线复查与回归决策表.md","CommonSkills\通用-管理连续性冷热线\references\冷线复查与回归决策表.md","2516","冷线复查与回归决策表","ok","True","False","","False","","True","通用-管理连续性冷热线","False","True"
"CommonSkills\通用-管理连续性冷热线","连续性与冷热线保真规则.md","CommonSkills\通用-管理连续性冷热线\references\连续性与冷热线保真规则.md","4971","连续性与冷热线保真规则","ok","True","False","","False","","True","通用-管理连续性冷热线","False","True"
"CommonSkills\通用-管理连续性冷热线","章节链路热度与回写层级表.md","CommonSkills\通用-管理连续性冷热线\references\章节链路热度与回写层级表.md","4719","章节链路热度与回写层级表","ok","True","False","","False","","True","通用-管理连续性冷热线","False","True"
"CommonSkills\通用-平台签约评估框架","大纲收入公式评估诊断.md","CommonSkills\通用-平台签约评估框架\references\大纲收入公式评估诊断.md","2087","大纲收入公式评估诊断","ok","True","False","","False","","True","通用-平台签约评估框架","False","False"
"CommonSkills\通用-平台签约评估框架","短剧改编适配度快速评估.md","CommonSkills\通用-平台签约评估框架\references\短剧改编适配度快速评估.md","3619","短剧改编适配度快速评估","ok","True","False","","False","","True","通用-平台签约评估框架","False","False"
"CommonSkills\通用-平台签约评估框架","番茄默认审核流程与硬门槛.md","CommonSkills\通用-平台签约评估框架\references\番茄默认审核流程与硬门槛.md","2695","番茄默认审核流程与硬门槛","ok","True","False","","False","","True","通用-平台签约评估框架","False","False"
"CommonSkills\通用-平台签约评估框架","概率分段与一票否决规则.md","CommonSkills\通用-平台签约评估框架\references\概率分段与一票否决规则.md","9548","概率分段与一票否决规则","ok","True","False","","False","","True","通用-平台签约评估框架","False","False"
"CommonSkills\通用-平台签约评估框架","晋江默认审核流程与硬门槛.md","CommonSkills\通用-平台签约评估框架\references\晋江默认审核流程与硬门槛.md","2644","晋江默认审核流程与硬门槛","ok","True","False","","False","","True","通用-平台签约评估框架","False","False"
"CommonSkills\通用-平台签约评估框架","平台错位诊断卡.md","CommonSkills\通用-平台签约评估框架\references\平台错位诊断卡.md","3314","平台错位诊断卡","ok","True","False","","False","","True","通用-平台签约评估框架","False","False"
"CommonSkills\通用-平台签约评估框架","平台签约评估报告模板.md","CommonSkills\通用-平台签约评估框架\references\平台签约评估报告模板.md","19476","平台签约评估报告模板","ok","True","False","","False","","True","通用-平台签约评估框架","False","False"
"CommonSkills\通用-平台签约评估框架","平台签约评估维度与权重.md","CommonSkills\通用-平台签约评估框架\references\平台签约评估维度与权重.md","24713","平台签约评估维度与权重","ok","True","False","","False","","True","通用-平台签约评估框架","False","False"
"CommonSkills\通用-平台签约评估框架","评估模式与落盘规则.md","CommonSkills\通用-平台签约评估框架\references\评估模式与落盘规则.md","15324","评估模式与落盘规则","ok","True","False","","False","","True","通用-平台签约评估框架","False","False"
"CommonSkills\通用-平台签约评估框架","七猫默认审核流程与硬门槛.md","CommonSkills\通用-平台签约评估框架\references\七猫默认审核流程与硬门槛.md","2675","七猫默认审核流程与硬门槛","ok","True","False","","False","","True","通用-平台签约评估框架","False","False"
"CommonSkills\通用-平台签约评估框架","起点默认审核流程与硬门槛.md","CommonSkills\通用-平台签约评估框架\references\起点默认审核流程与硬门槛.md","8709","起点默认审核流程与硬门槛","ok","True","False","","False","","True","通用-平台签约评估框架","False","False"
"CommonSkills\通用-平台签约评估框架","起点数据指标与爆款分层标准.md","CommonSkills\通用-平台签约评估框架\references\起点数据指标与爆款分层标准.md","5354","起点数据指标与爆款分层标准","ok","True","False","","False","","True","通用-平台签约评估框架","False","False"
"CommonSkills\通用-平台签约评估框架","套路赛道饱和度评估.md","CommonSkills\通用-平台签约评估框架\references\套路赛道饱和度评估.md","2304","套路赛道饱和度评估","ok","True","False","","False","","True","通用-平台签约评估框架","False","False"
"CommonSkills\通用-平台签约评估框架","腾讯专栏签约评估快审卡点与投稿成熟度增补.md","CommonSkills\通用-平台签约评估框架\references\腾讯专栏签约评估快审卡点与投稿成熟度增补.md","2254","腾讯专栏：签约评估快审卡点与投稿成熟度增补","ok","True","False","","False","","True","通用-平台签约评估框架","False","False"
"CommonSkills\通用-平台签约评估框架","投稿成熟度审阅清单.md","CommonSkills\通用-平台签约评估框架\references\投稿成熟度审阅清单.md","1795","投稿成熟度审阅清单","ok","True","False","","False","","True","通用-平台签约评估框架","False","False"
"CommonSkills\通用-平台签约评估框架","研究回灌补强.md","CommonSkills\通用-平台签约评估框架\references\研究回灌补强.md","331","研究回灌补强","ok","True","False","","False","","True","通用-平台签约评估框架","False","False"
"CommonSkills\通用-平台签约评估框架","蒸馏产物对标签约评估.md","CommonSkills\通用-平台签约评估框架\references\蒸馏产物对标签约评估.md","13177","蒸馏产物对标签约评估","ok","True","False","","False","","True","通用-平台签约评估框架","False","False"
"CommonSkills\通用-强化章节开头","反常开场十机制速查.md","CommonSkills\通用-强化章节开头\references\反常开场十机制速查.md","4846","反常开场十一机制速查","ok","True","False","","False","","True","通用-强化章节开头","False","False"
"CommonSkills\通用-强化章节开头","钩子类型分类与样本库.md","CommonSkills\通用-强化章节开头\references\钩子类型分类与样本库.md","2469","钩子类型分类与样本库","ok","True","False","","False","","True","通用-强化章节开头;通用-强化章末钩子","False","False"
"CommonSkills\通用-强化章节开头","滑梯效应与首段安抚.md","CommonSkills\通用-强化章节开头\references\滑梯效应与首段安抚.md","2332","滑梯效应与首段安抚","ok","True","False","","False","","True","通用-强化章节开头","False","False"
"CommonSkills\通用-强化章节开头","黄金三章与五类开篇钩子.md","CommonSkills\通用-强化章节开头\references\黄金三章与五类开篇钩子.md","3427","黄金三章与五类开篇钩子","ok","True","False","","False","","True","通用-强化章节开头","False","False"
"CommonSkills\通用-强化章节开头","开篇四步框架.md","CommonSkills\通用-强化章节开头\references\开篇四步框架.md","2910","开篇四步框架","ok","True","False","","False","","True","通用-强化章节开头","False","False"
"CommonSkills\通用-强化章节开头","七猫专栏章首前200字强化增补.md","CommonSkills\通用-强化章节开头\references\七猫专栏章首前200字强化增补.md","4518","七猫专栏：章首前200字直接入冲突增补","ok","True","False","","False","","True","通用-强化章节开头","False","False"
"CommonSkills\通用-强化章节开头","腾讯专栏爆款文切入点与框架增补.md","CommonSkills\通用-强化章节开头\references\腾讯专栏爆款文切入点与框架增补.md","3437","腾讯专栏爆款文切入点与框架增补","ok","True","False","","False","","True","通用-强化章节开头","False","False"
"CommonSkills\通用-强化章节开头","腾讯专栏畅销书开篇四类型框架增补.md","CommonSkills\通用-强化章节开头\references\腾讯专栏畅销书开篇四类型框架增补.md","2515","腾讯专栏：畅销书开篇四类型框架增补","ok","True","False","","False","","True","通用-强化章节开头","False","False"
"CommonSkills\通用-强化章节开头","腾讯专栏多作家开头设计步骤与低阅读难度共识增补.md","CommonSkills\通用-强化章节开头\references\腾讯专栏多作家开头设计步骤与低阅读难度共识增补.md","2876","腾讯专栏：多位作家开头设计步骤与低阅读难度共识增补","ok","True","False","","False","","True","通用-强化章节开头","False","False"
"CommonSkills\通用-强化章节开头","腾讯专栏黄金三章多维共识增补.md","CommonSkills\通用-强化章节开头\references\腾讯专栏黄金三章多维共识增补.md","2526","腾讯专栏黄金三章多维共识增补","ok","True","False","","False","","True","通用-强化章节开头","False","False"
"CommonSkills\通用-强化章节开头","腾讯专栏黄金三章三要点多作者共识增补.md","CommonSkills\通用-强化章节开头\references\腾讯专栏黄金三章三要点多作者共识增补.md","3747","腾讯专栏：黄金三章三要点多作者共识增补","ok","True","False","","False","","True","通用-强化章节开头","False","False"
"CommonSkills\通用-强化章节开头","腾讯专栏开篇设定引入禁忌与主角视角增补.md","CommonSkills\通用-强化章节开头\references\腾讯专栏开篇设定引入禁忌与主角视角增补.md","2431","腾讯专栏：开篇设定引入禁忌与主角视角增补","ok","True","False","","False","","True","通用-强化章节开头","False","False"
"CommonSkills\通用-强化章节开头","腾讯专栏开篇以情节为核心增补.md","CommonSkills\通用-强化章节开头\references\腾讯专栏开篇以情节为核心增补.md","1880","腾讯专栏开篇以情节为核心增补","ok","True","False","","False","","True","通用-强化章节开头","False","False"
"CommonSkills\通用-强化章节开头","腾讯专栏章首抓力增补规则.md","CommonSkills\通用-强化章节开头\references\腾讯专栏章首抓力增补规则.md","2222","腾讯专栏章首抓力增补规则（2026-05-03）","ok","True","False","","False","","True","通用-强化章节开头","False","False"
"CommonSkills\通用-强化章节开头","章节开头检查清单.md","CommonSkills\通用-强化章节开头\references\章节开头检查清单.md","3953","章节开头检查清单","ok","True","False","","False","","True","通用-强化章节开头","False","False"
"CommonSkills\通用-强化章节开头","章节开头强化规则.md","CommonSkills\通用-强化章节开头\references\章节开头强化规则.md","6771","章节开头强化规则","ok","True","False","","False","","True","通用-强化章节开头","False","False"
"CommonSkills\通用-强化章节开头","章首补丁回写控制卡与场景职责表.md","CommonSkills\通用-强化章节开头\references\章首补丁回写控制卡与场景职责表.md","4260","章首补丁回写控制卡与场景职责表","ok","True","False","","False","","True","通用-强化章节开头","False","False"
"CommonSkills\通用-强化章节开头","章首直接入冲突增补.md","CommonSkills\通用-强化章节开头\references\章首直接入冲突增补.md","4575","章首直接入冲突增补（跨平台通用）","ok","True","False","","False","","True","通用-强化章节开头","False","False"
"CommonSkills\通用-强化章末钩子","断章三式与章末钩子技法.md","CommonSkills\通用-强化章末钩子\references\断章三式与章末钩子技法.md","3272","断章三式与章末钩子技法","ok","True","False","","False","","True","通用-强化章末钩子","False","False"
"CommonSkills\通用-强化章末钩子","七猫专栏章末钩子升级增补.md","CommonSkills\通用-强化章末钩子\references\七猫专栏章末钩子升级增补.md","4802","七猫专栏：章末钩子类型升级增补","ok","True","False","","False","","True","通用-强化章末钩子","False","False"
"CommonSkills\通用-强化章末钩子","腾讯专栏卡章引催更与段评互动增补.md","CommonSkills\通用-强化章末钩子\references\腾讯专栏卡章引催更与段评互动增补.md","2261","腾讯专栏：章末卡章引催更技巧增补","ok","True","False","","False","","True","通用-强化章末钩子","False","False"
"CommonSkills\通用-强化章末钩子","腾讯专栏章末卡章方法增补.md","CommonSkills\通用-强化章末钩子\references\腾讯专栏章末卡章方法增补.md","2074","腾讯专栏章末卡章方法增补（2026-05-04）","ok","True","False","","False","","True","通用-强化章末钩子","False","False"
"CommonSkills\通用-强化章末钩子","章末补丁回写控制卡与场景职责表.md","CommonSkills\通用-强化章末钩子\references\章末补丁回写控制卡与场景职责表.md","4242","章末补丁回写控制卡与场景职责表","ok","True","False","","False","","True","通用-强化章末钩子","False","False"
"CommonSkills\通用-强化章末钩子","章末钩子检查清单.md","CommonSkills\通用-强化章末钩子\references\章末钩子检查清单.md","3621","章末钩子检查清单","ok","True","False","","False","","True","通用-强化章末钩子","False","False"
"CommonSkills\通用-强化章末钩子","章末钩子强度升级增补.md","CommonSkills\通用-强化章末钩子\references\章末钩子强度升级增补.md","4862","章末钩子强度升级增补（跨平台通用）","ok","True","False","","False","","True","通用-强化章末钩子","False","False"
"CommonSkills\通用-强化章末钩子","章末钩子强化规则.md","CommonSkills\通用-强化章末钩子\references\章末钩子强化规则.md","4840","章末钩子强化规则","ok","True","False","","False","","True","通用-强化章末钩子","False","False"
"CommonSkills\通用-去AI味重写","风格注入锚点卡.md","CommonSkills\通用-去AI味重写\references\风格注入锚点卡.md","6617","风格注入锚点卡","ok","True","False","","False","","True","通用-去AI味重写","False","False"
"CommonSkills\通用-去AI味重写","科幻类AI味典型问题.md","CommonSkills\通用-去AI味重写\references\科幻类AI味典型问题.md","4104","科幻小说AI味典型问题与修正策略","dead","False","False","","False","","False","","False","False"
"CommonSkills\通用-去AI味重写","七猫专栏OS叙事拐杖检测增补.md","CommonSkills\通用-去AI味重写\references\七猫专栏OS叙事拐杖检测增补.md","4018","七猫专栏：OS叙事拐杖检测与去AI味增补","dead","False","False","","False","","False","","False","False"
"CommonSkills\通用-去AI味重写","去雕琢腔与透明人声校准卡.md","CommonSkills\通用-去AI味重写\references\去雕琢腔与透明人声校准卡.md","3359","去雕琢腔与透明人声校准卡","ok","True","False","","False","","True","通用-去AI味重写","False","False"
"CommonSkills\通用-去AI味重写","去AI味多轮诊断与回写模板.md","CommonSkills\通用-去AI味重写\references\去AI味多轮诊断与回写模板.md","3351","去AI味多轮诊断与回写模板","ok","True","False","","False","","True","通用-去AI味重写","False","False"
"CommonSkills\通用-去AI味重写","去AI味风格与排版补充.md","CommonSkills\通用-去AI味重写\references\去AI味风格与排版补充.md","1796","去AI味风格与排版补充","ok","True","False","","False","","True","通用-去AI味重写","False","False"
"CommonSkills\通用-去AI味重写","去AI味共享裁判规则补编.md","CommonSkills\通用-去AI味重写\references\去AI味共享裁判规则补编.md","14648","去AI味共享裁判规则补编","ok","True","False","","False","","True","通用-去AI味重写","False","False"
"CommonSkills\通用-去AI味重写","去AI味红线保护.md","CommonSkills\通用-去AI味重写\references\去AI味红线保护.md","647","去AI味红线保护","ok","True","False","","False","","True","通用-去AI味重写","False","False"
"CommonSkills\通用-去AI味重写","去AI味后供血与职责复检卡.md","CommonSkills\通用-去AI味重写\references\去AI味后供血与职责复检卡.md","3999","去AI味后供血与职责复检卡","ok","True","False","","False","","True","通用-去AI味重写","False","False"
"CommonSkills\通用-去AI味重写","去AI味句级改写工具.md","CommonSkills\通用-去AI味重写\references\去AI味句级改写工具.md","1301","去AI味句级改写工具","ok","True","False","","False","","True","通用-去AI味重写","False","False"
"CommonSkills\通用-去AI味重写","去AI味三档手术强度与风险卡.md","CommonSkills\通用-去AI味重写\references\去AI味三档手术强度与风险卡.md","2546","去AI味三档手术强度与风险卡","ok","True","False","","False","","True","通用-去AI味重写","False","False"
"CommonSkills\通用-去AI味重写","去AI味三级改造与工具包.md","CommonSkills\通用-去AI味重写\references\去AI味三级改造与工具包.md","6285","去AI味三级改造与工具包","ok","True","False","","False","","True","通用-去AI味重写","False","False"
"CommonSkills\通用-去AI味重写","去AI味识别雷达.md","CommonSkills\通用-去AI味重写\references\去AI味识别雷达.md","12402","去AI味识别雷达","ok","True","False","","False","","True","通用-去AI味重写","False","False"
"CommonSkills\通用-去AI味重写","去AI味四维病灶与45条规则.md","CommonSkills\通用-去AI味重写\references\去AI味四维病灶与45条规则.md","5394","去AI味四维病灶与45条规则","ok","True","False","","False","","True","通用-去AI味重写","False","False"
"CommonSkills\通用-去AI味重写","去AI味执行清单.md","CommonSkills\通用-去AI味重写\references\去AI味执行清单.md","4608","去AI味执行清单","ok","True","False","","False","","True","通用-去AI味重写","False","False"
"CommonSkills\通用-去AI味重写","实战对比案例——从AI稿与人工稿的差异提取可复用诊断与拆洗规则.md","CommonSkills\通用-去AI味重写\references\实战对比案例——从AI稿与人工稿的差异提取可复用诊断与拆洗规则.md","43697","实战对比案例——从AI稿与人工稿的差异提取可复用诊断与拆洗规则","ok","True","False","","False","","True","通用-去AI味重写","False","False"
"CommonSkills\通用-去AI味重写","视角塌陷与五感替代诊断修复卡.md","CommonSkills\通用-去AI味重写\references\视角塌陷与五感替代诊断修复卡.md","8994","视角塌陷诊断与五感替代修复卡","ok","True","False","","False","","True","通用-创建小说正文;通用-去AI味重写","False","False"
"CommonSkills\通用-去AI味重写","腾讯专栏直白与氛围保持增补.md","CommonSkills\通用-去AI味重写\references\腾讯专栏直白与氛围保持增补.md","2486","腾讯专栏：直白原则与氛围保持规则增补","ok","True","False","","False","","True","通用-去AI味重写","False","False"
"CommonSkills\通用-去AI味重写","AI句式替换与动作化替代清单.md","CommonSkills\通用-去AI味重写\references\AI句式替换与动作化替代清单.md","4321","AI句式替换与动作化替代清单","ok","True","False","","False","","True","通用-去AI味重写","False","False"
"CommonSkills\通用-去AI味重写","AI味高发信号与拆洗策略补充.md","CommonSkills\通用-去AI味重写\references\AI味高发信号与拆洗策略补充.md","4352","AI 味高发信号与拆洗策略补充","ok","True","False","","False","","True","通用-去AI味重写","False","False"
"CommonSkills\通用-去AI味重写","OS叙事拐杖检测增补.md","CommonSkills\通用-去AI味重写\references\OS叙事拐杖检测增补.md","4067","OS叙事拐杖检测增补（跨平台通用）","ok","True","False","","False","","True","通用-去AI味重写","False","False"
"CommonSkills\通用-润色作者有话说","腾讯专栏作者有话说互动固粉增补.md","CommonSkills\通用-润色作者有话说\references\腾讯专栏作者有话说互动固粉增补.md","3393","腾讯专栏：作者有话说互动固粉增补","ok","True","False","","False","","True","通用-润色作者有话说","False","True"
"CommonSkills\通用-润色作者有话说","作者有话说读者向规则.md","CommonSkills\通用-润色作者有话说\references\作者有话说读者向规则.md","5405","作者有话说读者向规则","ok","True","False","","False","","True","通用-润色作者有话说","False","True"
"CommonSkills\通用-润色作者有话说","作者有话说检查清单.md","CommonSkills\通用-润色作者有话说\references\作者有话说检查清单.md","2592","作者有话说检查清单","ok","True","False","","False","","True","通用-润色作者有话说","False","True"
"CommonSkills\通用-设计标题","点击吸引点与书名边界.md","CommonSkills\通用-设计标题\references\点击吸引点与书名边界.md","1909","点击吸引点与书名边界","ok","True","False","","False","","True","通用-设计标题","False","False"
"CommonSkills\通用-设计标题","候选书名文件模板.md","CommonSkills\通用-设计标题\references\候选书名文件模板.md","10972","候选书名文件模板","ok","True","False","","False","","True","通用-设计标题","False","False"
"CommonSkills\通用-设计标题","平台书名策略矩阵.md","CommonSkills\通用-设计标题\references\平台书名策略矩阵.md","6408","平台书名策略矩阵","ok","True","False","","False","","True","通用-设计标题","False","False"
"CommonSkills\通用-设计标题","书名交付与写回规则.md","CommonSkills\通用-设计标题\references\书名交付与写回规则.md","4171","书名交付与写回规则","ok","True","False","","False","","True","通用-设计标题","False","False"
"CommonSkills\通用-设计标题","书名评分与排序规则.md","CommonSkills\通用-设计标题\references\书名评分与排序规则.md","6785","书名评分与排序规则","ok","True","False","","False","","True","通用-设计标题","False","False"
"CommonSkills\通用-设计标题","书名设计流程与评估维度.md","CommonSkills\通用-设计标题\references\书名设计流程与评估维度.md","4292","书名设计流程与评估维度","ok","True","False","","False","","True","通用-设计标题","False","False"
"CommonSkills\通用-设计标题","书名吸量公式与词汇库.md","CommonSkills\通用-设计标题\references\书名吸量公式与词汇库.md","2646","书名吸量公式与固定词汇库","ok","True","False","","False","","True","通用-设计标题","False","False"
"CommonSkills\通用-设计标题","腾讯专栏女频书名热词亮点方法增补.md","CommonSkills\通用-设计标题\references\腾讯专栏女频书名热词亮点方法增补.md","2460","腾讯专栏：女频书名热词亮点方法增补","ok","True","False","","False","","True","通用-设计标题","False","False"
"CommonSkills\通用-设计标题","腾讯专栏签约冲刺书名站点差异增补.md","CommonSkills\通用-设计标题\references\腾讯专栏签约冲刺书名站点差异增补.md","3132","腾讯专栏：签约冲刺书名站点差异增补","ok","True","False","","False","","True","通用-设计标题","False","False"
"CommonSkills\通用-设计标题","腾讯专栏书名包装三法增补.md","CommonSkills\通用-设计标题\references\腾讯专栏书名包装三法增补.md","2276","腾讯专栏书名包装三法增补","ok","True","False","","False","","True","通用-设计标题","False","False"
"CommonSkills\通用-设计标题","腾讯专栏书名动词与亮点增补.md","CommonSkills\通用-设计标题\references\腾讯专栏书名动词与亮点增补.md","1538","腾讯专栏书名动词与亮点增补（2026-05-03）","ok","True","False","","False","","True","通用-设计标题","False","False"
"CommonSkills\通用-设计标题","腾讯专栏书名七要点增补.md","CommonSkills\通用-设计标题\references\腾讯专栏书名七要点增补.md","2511","腾讯专栏书名七要点增补","ok","True","False","","False","","True","通用-设计标题","False","False"
"CommonSkills\通用-设计标题","GEO标题优化规则.md","CommonSkills\通用-设计标题\references\GEO标题优化规则.md","4110","书名的 GEO 优化规则","ok","True","False","","False","","True","通用-设计标题","False","False"
"CommonSkills\通用-设计分卷大纲","标题规范与章节验收增强.md","CommonSkills\通用-设计分卷大纲\references\标题规范与章节验收增强.md","4773","标题规范与章节验收增强","ok","True","False","","False","","True","通用-设计分卷大纲","False","True"
"CommonSkills\通用-设计分卷大纲","超长篇分卷节奏与单元闭环.md","CommonSkills\通用-设计分卷大纲\references\超长篇分卷节奏与单元闭环.md","1102","超长篇分卷节奏与单元闭环","ok","True","False","","False","","True","通用-设计分卷大纲","False","True"
"CommonSkills\通用-设计分卷大纲","分部模板.md","CommonSkills\通用-设计分卷大纲\references\分部模板.md","2290","分部模板","ok","True","False","","False","","True","通用-设计分卷大纲","False","True"
"CommonSkills\通用-设计分卷大纲","分部与分卷设计规则.md","CommonSkills\通用-设计分卷大纲\references\分部与分卷设计规则.md","10024","分部与分卷设计规则","ok","True","False","","False","","True","通用-设计分卷大纲","False","True"
"CommonSkills\通用-设计分卷大纲","分卷模板与章节工件.md","CommonSkills\通用-设计分卷大纲\references\分卷模板与章节工件.md","14908","分卷模板与章节工件","ok","True","False","","False","","True","通用-设计分卷大纲","False","True"
"CommonSkills\通用-设计分卷大纲","故事面承接与卷章落点核对表.md","CommonSkills\通用-设计分卷大纲\references\故事面承接与卷章落点核对表.md","4162","故事面承接与卷章落点核对表","ok","True","False","","False","","True","通用-设计分卷大纲","False","True"
"CommonSkills\通用-设计分卷大纲","卷级四段推进与关键点布置表.md","CommonSkills\通用-设计分卷大纲\references\卷级四段推进与关键点布置表.md","8771","卷级四段推进与关键点布置表","ok","True","False","","False","","True","通用-设计分卷大纲","False","True"
"CommonSkills\通用-设计封面生图提示词","封面避坑与平台展示提醒.md","CommonSkills\通用-设计封面生图提示词\references\封面避坑与平台展示提醒.md","1689","封面避坑与平台展示提醒","ok","True","False","","False","","True","通用-设计封面生图提示词","False","False"
"CommonSkills\通用-设计封面生图提示词","封面提示词结构与约束.md","CommonSkills\通用-设计封面生图提示词\references\封面提示词结构与约束.md","2987","封面提示词结构与约束","ok","True","False","","False","","True","通用-设计封面生图提示词","False","False"
"CommonSkills\通用-设计封面生图提示词","平台封面策略矩阵.md","CommonSkills\通用-设计封面生图提示词\references\平台封面策略矩阵.md","4808","平台封面策略矩阵","ok","True","False","","False","","True","通用-设计封面生图提示词","False","False"
"CommonSkills\通用-设计封面生图提示词","文字安全与落盘规范.md","CommonSkills\通用-设计封面生图提示词\references\文字安全与落盘规范.md","5179","文字安全与落盘规范","ok","True","False","","False","","True","通用-设计封面生图提示词","False","False"
"CommonSkills\通用-设计故事面","故事面常见失误与修正.md","CommonSkills\通用-设计故事面\references\故事面常见失误与修正.md","2475","故事面常见失误与修正","ok","True","False","","False","","True","通用-设计故事面","False","True"
"CommonSkills\通用-设计故事面","故事面到分卷供血映射卡.md","CommonSkills\通用-设计故事面\references\故事面到分卷供血映射卡.md","4928","故事面到分卷供血映射卡","ok","True","False","","False","","True","通用-设计故事面","False","True"
"CommonSkills\通用-设计故事面","故事面设计规则.md","CommonSkills\通用-设计故事面\references\故事面设计规则.md","3669","故事面设计规则","ok","True","False","","False","","True","通用-设计故事面","False","True"
"CommonSkills\通用-设计故事面","人性锚点与社会议题耦合.md","CommonSkills\通用-设计故事面\references\人性锚点与社会议题耦合.md","1008","人性锚点与社会议题耦合","ok","True","False","","False","","True","通用-设计故事面","False","True"
"CommonSkills\通用-设计故事面","爽点模式库与三阶节拍.md","CommonSkills\通用-设计故事面\references\爽点模式库与三阶节拍.md","1595","爽点模式库与三阶节拍","ok","True","False","","False","","True","通用-设计故事面","False","True"
"CommonSkills\通用-设计故事面","主题显影与人物弧线耦合.md","CommonSkills\通用-设计故事面\references\主题显影与人物弧线耦合.md","4008","主题显影与人物弧线耦合","ok","True","False","","False","","True","通用-设计故事面","False","True"
"CommonSkills\通用-设计故事设定","创新性要素库与阶段红线.md","CommonSkills\通用-设计故事设定\references\创新性要素库与阶段红线.md","2656","创新性要素库与阶段红线","ok","True","False","","False","","True","通用-设计故事设定","False","True"
"CommonSkills\通用-设计故事设定","故事设定模板与镜头包.md","CommonSkills\通用-设计故事设定\references\故事设定模板与镜头包.md","10167","故事设定模板与镜头包","ok","True","False","","False","","True","通用-设计故事设定","False","True"
"CommonSkills\通用-设计故事设定","结构规范与真实感要求.md","CommonSkills\通用-设计故事设定\references\结构规范与真实感要求.md","2383","结构规范与真实感要求","ok","True","False","","False","","True","通用-设计故事设定","False","True"
"CommonSkills\通用-设计故事设定","金手指三阶段成长与代价闸门.md","CommonSkills\通用-设计故事设定\references\金手指三阶段成长与代价闸门.md","1506","金手指三阶段成长与代价闸门","ok","True","False","","False","","True","通用-设计故事设定","False","True"
"CommonSkills\通用-设计故事设定","科学对冲玄学与能力代价设计.md","CommonSkills\通用-设计故事设定\references\科学对冲玄学与能力代价设计.md","7037","科学对冲玄学与能力代价设计","ok","True","False","","False","","True","通用-设计故事设定","False","True"
"CommonSkills\通用-设计故事设定","世界规则分层_事实更新_真相版本补编.md","CommonSkills\通用-设计故事设定\references\世界规则分层_事实更新_真相版本补编.md","3422","世界规则分层_事实更新_真相版本补编","ok","True","False","","False","","True","通用-设计故事设定","False","True"
"CommonSkills\通用-设计故事设定","示例格式与验证流程.md","CommonSkills\通用-设计故事设定\references\示例格式与验证流程.md","3743","示例格式与验证流程","ok","True","False","","False","","True","通用-设计故事设定","False","True"
"CommonSkills\通用-设计故事设定","腾讯专栏金手指与世界观设定增补.md","CommonSkills\通用-设计故事设定\references\腾讯专栏金手指与世界观设定增补.md","4179","腾讯专栏金手指与世界观设定增补（2026-05-04）","ok","True","False","","False","","True","通用-设计故事设定","False","True"
"CommonSkills\通用-设计故事设定","现实职业绑定与前三章验证.md","CommonSkills\通用-设计故事设定\references\现实职业绑定与前三章验证.md","3523","现实职业绑定与前三章验证","ok","True","False","","False","","True","通用-设计故事设定","False","True"
"CommonSkills\通用-设计故事设定","长篇演进与城市语境.md","CommonSkills\通用-设计故事设定\references\长篇演进与城市语境.md","3587","长篇演进与城市语境","ok","True","False","","False","","True","通用-设计故事设定","False","True"
"CommonSkills\通用-设计故事设定","证据链与程序摩擦规则.md","CommonSkills\通用-设计故事设定\references\证据链与程序摩擦规则.md","9538","证据链与程序摩擦规则","ok","True","False","","False","","True","通用-设计故事设定","False","True"
"CommonSkills\通用-设计故事设定","中国语境与一致性检查.md","CommonSkills\通用-设计故事设定\references\中国语境与一致性检查.md","2229","中国语境与一致性检查","ok","True","False","","False","","True","通用-设计故事设定","False","True"
"CommonSkills\通用-设计人物传记","弧光四象限与配角独立动机.md","CommonSkills\通用-设计人物传记\references\弧光四象限与配角独立动机.md","3127","弧光四象限与配角独立动机","ok","True","False","","False","","True","通用-设计人物传记","False","False"
"CommonSkills\通用-设计人物传记","缺陷执念秘密与反派动机.md","CommonSkills\通用-设计人物传记\references\缺陷执念秘密与反派动机.md","4418","缺陷执念秘密与反派动机","ok","True","False","","False","","True","通用-设计人物传记","False","False"
"CommonSkills\通用-设计人物传记","人物传记最小结构模板.md","CommonSkills\通用-设计人物传记\references\人物传记最小结构模板.md","11456","人物传记最小结构模板","ok","True","False","","False","","True","通用-设计人物传记","False","False"
"CommonSkills\通用-设计人物传记","人物七变量与三维校准.md","CommonSkills\通用-设计人物传记\references\人物七变量与三维校准.md","4605","人物七变量与三维校准","ok","True","False","","False","","True","通用-设计人物传记","False","False"
"CommonSkills\通用-设计人物传记","人物文件落盘与三级索引规则.md","CommonSkills\通用-设计人物传记\references\人物文件落盘与三级索引规则.md","2857","人物文件落盘与三级索引规则","ok","True","False","","False","","True","通用-设计人物传记","False","False"
"CommonSkills\通用-设计人物传记","腾讯专栏反派Boss深层目的包装增补.md","CommonSkills\通用-设计人物传记\references\腾讯专栏反派Boss深层目的包装增补.md","2028","腾讯专栏：反派Boss深层目的包装增补","ok","True","False","","False","","True","通用-设计人物传记","False","False"
"CommonSkills\通用-设计人物传记","腾讯专栏角色脸谱化先导与不弃配角增补.md","CommonSkills\通用-设计人物传记\references\腾讯专栏角色脸谱化先导与不弃配角增补.md","2538","腾讯专栏：角色脸谱化先导与不轻易弃角色增补","ok","True","False","","False","","True","通用-设计人物传记","False","False"
"CommonSkills\通用-设计人物传记","腾讯专栏脸谱化人物初步增补.md","CommonSkills\通用-设计人物传记\references\腾讯专栏脸谱化人物初步增补.md","3060","腾讯专栏：脸谱化人物初步技巧增补","ok","True","False","","False","","True","通用-设计人物传记","False","False"
"CommonSkills\通用-设计人物传记","腾讯专栏七位作者人设金句增补.md","CommonSkills\通用-设计人物传记\references\腾讯专栏七位作者人设金句增补.md","2744","腾讯专栏七位作者人设金句增补","ok","True","False","","False","","True","通用-设计人物传记","False","False"
"CommonSkills\通用-设计人物传记","腾讯专栏人物极致化与反差化增补.md","CommonSkills\通用-设计人物传记\references\腾讯专栏人物极致化与反差化增补.md","2941","腾讯专栏人物极致化与反差化增补（2026-05-04）","ok","True","False","","False","","True","通用-设计人物传记","False","False"
"CommonSkills\通用-设计人物传记","腾讯专栏人物身份外貌性格三维极致增补.md","CommonSkills\通用-设计人物传记\references\腾讯专栏人物身份外貌性格三维极致增补.md","3466","腾讯专栏：人物身份外貌性格三维极致增补","ok","True","False","","False","","True","通用-设计人物传记","False","False"
"CommonSkills\通用-设计人物传记","腾讯专栏人物行动显性格增补.md","CommonSkills\通用-设计人物传记\references\腾讯专栏人物行动显性格增补.md","2184","腾讯专栏人物行动显性格增补（2026-05-04）","ok","True","False","","False","","True","通用-设计人物传记","False","False"
"CommonSkills\通用-设计人物传记","完整精简模板_动态状态_行为记录补编.md","CommonSkills\通用-设计人物传记\references\完整精简模板_动态状态_行为记录补编.md","3934","完整精简模板_动态状态_行为记录补编","ok","True","False","","False","","True","通用-设计人物传记","False","False"
"CommonSkills\通用-设计人物传记","心理弧线与索引规则.md","CommonSkills\通用-设计人物传记\references\心理弧线与索引规则.md","1209","心理弧线与索引规则","ok","True","False","","False","","True","通用-设计人物传记","False","False"
"CommonSkills\通用-设计人物传记","正文可调用素材清单.md","CommonSkills\通用-设计人物传记\references\正文可调用素材清单.md","9693","正文可调用素材清单：从人物传记到正文落地的执行层桥接","ok","True","False","","False","","True","通用-创建小说正文;通用-设计人物传记;通用-审阅章节正文;通用-生成章节控制卡;通用-执行场景单元","False","False"
"CommonSkills\通用-设计人物传记","质量控制与验证流程.md","CommonSkills\通用-设计人物传记\references\质量控制与验证流程.md","6377","质量控制与验证流程","ok","True","False","","False","","True","通用-设计人物传记","False","False"
"CommonSkills\通用-设计人物传记","nuwa-深度人物心智模型注入.md","CommonSkills\通用-设计人物传记\references\nuwa-深度人物心智模型注入.md","20511","Nuwa 深度人物心智模型注入","ok","True","False","","False","","True","通用-设计人物传记;通用-审阅人物传记;通用-审阅章节正文;通用-执行场景单元;通用-执行对话冲突","False","False"
"CommonSkills\通用-设计事件案件引擎","案件余波与主线供血检查表.md","CommonSkills\通用-设计事件案件引擎\references\案件余波与主线供血检查表.md","1532","案件余波与主线供血检查表","ok","True","False","","False","","True","通用-设计事件案件引擎","False","True"
"CommonSkills\通用-设计事件案件引擎","事件案件母板模板.md","CommonSkills\通用-设计事件案件引擎\references\事件案件母板模板.md","3236","事件案件母板模板","ok","True","False","","False","","True","通用-设计事件案件引擎","False","True"
"CommonSkills\通用-设计事件案件引擎","事件案件引擎保真规则.md","CommonSkills\通用-设计事件案件引擎\references\事件案件引擎保真规则.md","4947","事件案件引擎保真规则","ok","True","False","","False","","True","通用-设计事件案件引擎","False","True"
"CommonSkills\通用-设计事件案件引擎","腾讯专栏冲突生活化与信息差设计增补.md","CommonSkills\通用-设计事件案件引擎\references\腾讯专栏冲突生活化与信息差设计增补.md","3241","腾讯专栏：冲突生活化与意外信息差设计增补","ok","True","False","","False","","True","通用-设计事件案件引擎","False","True"
"CommonSkills\通用-设计事件案件引擎","腾讯专栏反套路设定与多冲突线并进技巧增补.md","CommonSkills\通用-设计事件案件引擎\references\腾讯专栏反套路设定与多冲突线并进技巧增补.md","2593","腾讯专栏：反套路设定与多冲突线并进技巧增补","ok","True","False","","False","","True","通用-设计事件案件引擎","False","True"
"CommonSkills\通用-设计事件案件引擎","腾讯专栏无意识装逼与扮猪吃虎交替机制增补.md","CommonSkills\通用-设计事件案件引擎\references\腾讯专栏无意识装逼与扮猪吃虎交替机制增补.md","2056","腾讯专栏：无意识装逼与扮猪吃虎交替机制增补","ok","True","False","","False","","True","通用-设计事件案件引擎","False","True"
"CommonSkills\通用-设计事件案件引擎","腾讯专栏YY式被冤枉桥段增补.md","CommonSkills\通用-设计事件案件引擎\references\腾讯专栏YY式被冤枉桥段增补.md","2071","腾讯专栏YY式被冤枉桥段增补","ok","True","False","","False","","True","通用-设计事件案件引擎","False","True"
"CommonSkills\通用-设计事件案件引擎","证据链排序模板.md","CommonSkills\通用-设计事件案件引擎\references\证据链排序模板.md","2484","证据链排序模板","ok","True","False","","False","","True","通用-设计事件案件引擎","False","True"
"CommonSkills\通用-设计事件案件引擎","证据链与嫌疑池设计法.md","CommonSkills\通用-设计事件案件引擎\references\证据链与嫌疑池设计法.md","3813","证据链与嫌疑池设计法","ok","True","False","","False","","True","通用-设计事件案件引擎","False","True"
"CommonSkills\通用-设计题材定位框架","爱奇艺文学平台作品标签库.md","CommonSkills\通用-设计题材定位框架\references\爱奇艺文学平台作品标签库.md","17185","爱奇艺文学平台作品标签库（概念工厂原材料）","ok","True","False","","False","","True","通用-设计题材定位框架","False","True"
"CommonSkills\通用-设计题材定位框架","创新组合写法模板.md","CommonSkills\通用-设计题材定位框架\references\创新组合写法模板.md","1254","创新组合写法模板","ok","True","False","","False","","True","通用-设计题材定位框架","False","True"
"CommonSkills\通用-设计题材定位框架","豆瓣阅读平台作品标签库.md","CommonSkills\通用-设计题材定位框架\references\豆瓣阅读平台作品标签库.md","12517","豆瓣阅读平台作品标签库（概念工厂原材料）","ok","True","False","","False","","True","通用-设计题材定位框架","False","True"
"CommonSkills\通用-设计题材定位框架","番茄小说平台作品标签库.md","CommonSkills\通用-设计题材定位框架\references\番茄小说平台作品标签库.md","24232","番茄小说平台作品标签库（概念工厂原材料）","ok","True","False","","False","","True","通用-设计题材定位框架","False","True"
"CommonSkills\通用-设计题材定位框架","立意升维与如果会怎样问题链.md","CommonSkills\通用-设计题材定位框架\references\立意升维与如果会怎样问题链.md","5404","立意升维与如果会怎样问题链","ok","True","False","","False","","True","通用-设计题材定位框架","False","True"
"CommonSkills\通用-设计题材定位框架","平台定位与追读承诺检查表.md","CommonSkills\通用-设计题材定位框架\references\平台定位与追读承诺检查表.md","1883","平台定位与追读承诺检查表","ok","True","False","","False","","True","通用-设计题材定位框架","False","True"
"CommonSkills\通用-设计题材定位框架","七猫平台作品标签库.md","CommonSkills\通用-设计题材定位框架\references\七猫平台作品标签库.md","25033","七猫平台作品标签库（概念工厂原材料）","ok","True","False","","False","","True","通用-设计题材定位框架","False","True"
"CommonSkills\通用-设计题材定位框架","腾讯专栏读者爽感与财色权武增补.md","CommonSkills\通用-设计题材定位框架\references\腾讯专栏读者爽感与财色权武增补.md","2981","腾讯专栏：读者爽感与财色权武增补规则","ok","True","False","","False","","True","通用-设计题材定位框架","False","True"
"CommonSkills\通用-设计题材定位框架","腾讯专栏题材背景三类坐标系增补.md","CommonSkills\通用-设计题材定位框架\references\腾讯专栏题材背景三类坐标系增补.md","3689","腾讯专栏：题材背景三类坐标系增补","ok","True","False","","False","","True","通用-设计题材定位框架","False","True"
"CommonSkills\通用-设计题材定位框架","腾讯专栏题材金手指融合方法与核心点增补.md","CommonSkills\通用-设计题材定位框架\references\腾讯专栏题材金手指融合方法与核心点增补.md","2252","腾讯专栏：题材金手指融合方法与核心点提取增补","ok","True","False","","False","","True","通用-设计题材定位框架","False","True"
"CommonSkills\通用-设计题材定位框架","腾讯专栏题材库与生活化增补.md","CommonSkills\通用-设计题材定位框架\references\腾讯专栏题材库与生活化增补.md","2204","腾讯专栏题材库与生活化增补（2026-05-03）","ok","True","False","","False","","True","通用-设计题材定位框架","False","True"
"CommonSkills\通用-设计题材定位框架","腾讯专栏文风平台匹配增补.md","CommonSkills\通用-设计题材定位框架\references\腾讯专栏文风平台匹配增补.md","1999","腾讯专栏：文风与平台匹配增补规则","ok","True","False","","False","","True","通用-设计题材定位框架","False","True"
"CommonSkills\通用-设计题材定位框架","腾讯专栏YY缺什么补什么增补.md","CommonSkills\通用-设计题材定位框架\references\腾讯专栏YY缺什么补什么增补.md","3374","腾讯专栏：YY""缺什么补什么""原理与爽点增强方法增补","ok","True","False","","False","","True","通用-设计题材定位框架","False","True"
"CommonSkills\通用-设计题材定位框架","题材定位保真规则.md","CommonSkills\通用-设计题材定位框架\references\题材定位保真规则.md","4027","题材定位保真规则","ok","True","False","","False","","True","通用-设计题材定位框架","False","True"
"CommonSkills\通用-设计题材定位框架","外部PK评估输出模板.md","CommonSkills\通用-设计题材定位框架\references\外部PK评估输出模板.md","4714","外部PK评估输出模板","ok","True","False","","False","","True","通用-设计题材定位框架","False","True"
"CommonSkills\通用-设计题材定位框架","微创新框架与人设情节创新.md","CommonSkills\通用-设计题材定位框架\references\微创新框架与人设情节创新.md","7200","微创新框架与人设情节创新","ok","True","False","","False","","True","通用-设计题材定位框架","False","True"
"CommonSkills\通用-设计题材定位框架","现实锚点与代价锚点矩阵.md","CommonSkills\通用-设计题材定位框架\references\现实锚点与代价锚点矩阵.md","2614","现实锚点与代价锚点矩阵","ok","True","False","","False","","True","通用-设计题材定位框架","False","True"
"CommonSkills\通用-设计题材定位框架","知乎盐选平台作品标签库.md","CommonSkills\通用-设计题材定位框架\references\知乎盐选平台作品标签库.md","13728","知乎盐选平台作品标签库（概念工厂原材料）","ok","True","False","","False","","True","通用-设计题材定位框架","False","True"
"CommonSkills\通用-设计线索伏笔与回收台账","超长篇伏笔台账与回收节奏.md","CommonSkills\通用-设计线索伏笔与回收台账\references\超长篇伏笔台账与回收节奏.md","723","超长篇伏笔台账与回收节奏","ok","True","False","","False","","True","通用-设计线索伏笔与回收台账","False","False"
"CommonSkills\通用-设计线索伏笔与回收台账","道具呼应弧线与出场追踪.md","CommonSkills\通用-设计线索伏笔与回收台账\references\道具呼应弧线与出场追踪.md","3525","道具呼应弧线与出场追踪","dead","False","False","","False","","False","","False","False"
"CommonSkills\通用-设计线索伏笔与回收台账","伏笔回收质量评级与占比目标.md","CommonSkills\通用-设计线索伏笔与回收台账\references\伏笔回收质量评级与占比目标.md","1350","伏笔回收质量评级与占比目标","ok","True","False","","False","","True","通用-设计线索伏笔与回收台账","False","False"
"CommonSkills\通用-设计线索伏笔与回收台账","伏笔类型分类与回收周期.md","CommonSkills\通用-设计线索伏笔与回收台账\references\伏笔类型分类与回收周期.md","3419","伏笔类型分类与回收周期","ok","True","False","","False","","True","通用-设计线索伏笔与回收台账","False","False"
"CommonSkills\通用-设计线索伏笔与回收台账","回收窗口与兑现检查.md","CommonSkills\通用-设计线索伏笔与回收台账\references\回收窗口与兑现检查.md","2536","回收窗口与兑现检查","ok","True","False","","False","","True","通用-设计线索伏笔与回收台账","False","False"
"CommonSkills\通用-设计线索伏笔与回收台账","台账字段与分层规则.md","CommonSkills\通用-设计线索伏笔与回收台账\references\台账字段与分层规则.md","4472","台账字段与分层规则","ok","True","False","","False","","True","通用-设计线索伏笔与回收台账","False","False"
"CommonSkills\通用-设计线索伏笔与回收台账","腾讯专栏铺垫反转关系与伏笔回收增补.md","CommonSkills\通用-设计线索伏笔与回收台账\references\腾讯专栏铺垫反转关系与伏笔回收增补.md","3229","腾讯专栏：铺垫反转关系与伏笔回收增补","ok","True","False","","False","","True","通用-设计线索伏笔与回收台账","False","False"
"CommonSkills\通用-设计线索伏笔与回收台账","腾讯专栏悬疑线索与铺垫规则增补.md","CommonSkills\通用-设计线索伏笔与回收台账\references\腾讯专栏悬疑线索与铺垫规则增补.md","3222","腾讯专栏悬疑线索与铺垫规则增补（2026-05-04）","ok","True","False","","False","","True","通用-设计线索伏笔与回收台账","False","False"
"CommonSkills\通用-设计线索伏笔与回收台账","推理公平性与谜底兑现检查.md","CommonSkills\通用-设计线索伏笔与回收台账\references\推理公平性与谜底兑现检查.md","2180","推理公平性与谜底兑现检查","ok","True","False","","False","","True","通用-设计线索伏笔与回收台账","False","False"
"CommonSkills\通用-设计线索伏笔与回收台账","悬念管理与钩子链节律补编.md","CommonSkills\通用-设计线索伏笔与回收台账\references\悬念管理与钩子链节律补编.md","3938","悬念管理与钩子链节律补编","ok","True","False","","False","","True","通用-设计线索伏笔与回收台账","False","False"
"CommonSkills\通用-设计总大纲","超长篇卷宗式架构与阶段目标.md","CommonSkills\通用-设计总大纲\references\超长篇卷宗式架构与阶段目标.md","1948","超长篇卷宗式架构与阶段目标","ok","True","False","","False","","True","通用-设计总大纲","False","False"
"CommonSkills\通用-设计总大纲","大纲公共裁判规则与统一编号体系.md","CommonSkills\通用-设计总大纲\references\大纲公共裁判规则与统一编号体系.md","7959","大纲公共裁判规则与统一编号体系","ok","True","False","","False","","True","通用-设计总大纲","False","False"
"CommonSkills\通用-设计总大纲","九部件规划与六问总纲质检表.md","CommonSkills\通用-设计总大纲\references\九部件规划与六问总纲质检表.md","6035","九部件规划与六问总纲质检表","ok","True","False","","False","","True","通用-设计总大纲","False","False"
"CommonSkills\通用-设计总大纲","模板化大纲_节奏地图_决策日志补编.md","CommonSkills\通用-设计总大纲\references\模板化大纲_节奏地图_决策日志补编.md","4207","模板化大纲_节奏地图_决策日志补编","ok","True","False","","False","","True","通用-设计总大纲","False","False"
"CommonSkills\通用-设计总大纲","三卷万能骨架模板.md","CommonSkills\通用-设计总大纲\references\三卷万能骨架模板.md","4626","三卷万能骨架模板","ok","True","False","","False","","True","通用-设计总大纲","False","False"
"CommonSkills\通用-设计总大纲","四部分结构与关键转折点进度表.md","CommonSkills\通用-设计总大纲\references\四部分结构与关键转折点进度表.md","5432","四部分结构与关键转折点进度表","ok","True","False","","False","","True","通用-设计总大纲","False","False"
"CommonSkills\通用-设计总大纲","腾讯专栏大纲前中后规划法与能力线增补.md","CommonSkills\通用-设计总大纲\references\腾讯专栏大纲前中后规划法与能力线增补.md","2521","腾讯专栏：大纲前中后规划法与能力线增补","ok","True","False","","False","","True","通用-设计总大纲","False","False"
"CommonSkills\通用-设计总大纲","腾讯专栏六步开书与串糖葫芦节奏增补.md","CommonSkills\通用-设计总大纲\references\腾讯专栏六步开书与串糖葫芦节奏增补.md","3373","腾讯专栏六步开书与串糖葫芦节奏增补（2026-05-04）","ok","True","False","","False","","True","通用-设计总大纲","False","False"
"CommonSkills\通用-设计总大纲","腾讯专栏素材转危机设定与现实题材避免悬浮增补.md","CommonSkills\通用-设计总大纲\references\腾讯专栏素材转危机设定与现实题材避免悬浮增补.md","2716","腾讯专栏：素材转危机设定与现实题材避免悬浮增补","ok","True","False","","False","","True","通用-设计总大纲","False","False"
"CommonSkills\通用-设计总大纲","腾讯专栏写作地基结构增补.md","CommonSkills\通用-设计总大纲\references\腾讯专栏写作地基结构增补.md","2889","腾讯专栏写作地基结构增补（2026-05-04）","ok","True","False","","False","","True","通用-设计总大纲","False","False"
"CommonSkills\通用-设计总大纲","腾讯专栏写作两层级增补.md","CommonSkills\通用-设计总大纲\references\腾讯专栏写作两层级增补.md","3624","腾讯专栏写作两层级增补","ok","True","False","","False","","True","通用-设计总大纲","False","False"
"CommonSkills\通用-设计总大纲","腾讯专栏写作两级框架与大纲细纲增补.md","CommonSkills\通用-设计总大纲\references\腾讯专栏写作两级框架与大纲细纲增补.md","3335","腾讯专栏：写作两级框架与大纲细纲增补","ok","True","False","","False","","True","通用-设计总大纲","False","False"
"CommonSkills\通用-设计总大纲","腾讯专栏主角代入感与生活化开局增补.md","CommonSkills\通用-设计总大纲\references\腾讯专栏主角代入感与生活化开局增补.md","3470","腾讯专栏：主角代入感与生活化开局增补","ok","True","False","","False","","True","通用-设计总大纲","False","False"
"CommonSkills\通用-设计总大纲","总纲模板与验收.md","CommonSkills\通用-设计总大纲\references\总纲模板与验收.md","4439","总纲模板与验收","ok","True","False","","False","","True","通用-设计总大纲","False","False"
"CommonSkills\通用-设计总大纲","总纲设计骨架与对象定义.md","CommonSkills\通用-设计总大纲\references\总纲设计骨架与对象定义.md","11297","总纲设计骨架与对象定义","ok","True","False","","False","","True","通用-设计总大纲","False","False"
"CommonSkills\通用-深度研究","元数据归档.md","CommonSkills\通用-深度研究\references\元数据归档.md","546","元数据归档","ok","True","False","","False","","True","通用-深度研究","False","False"
"CommonSkills\通用-审阅分卷大纲","分部与分卷审阅报告增补.md","CommonSkills\通用-审阅分卷大纲\references\分部与分卷审阅报告增补.md","3257","分部与分卷审阅报告增补","ok","True","False","","False","","True","通用-审阅分卷大纲","False","False"
"CommonSkills\通用-审阅分卷大纲","分部与分卷审阅完整模板.md","CommonSkills\通用-审阅分卷大纲\references\分部与分卷审阅完整模板.md","16739","分部与分卷审阅完整模板（通用骨架）","ok","True","False","","False","","True","通用-审阅分卷大纲","False","False"
"CommonSkills\通用-审阅分卷大纲","分部与分卷审阅专属检查清单.md","CommonSkills\通用-审阅分卷大纲\references\分部与分卷审阅专属检查清单.md","6553","分部与分卷审阅专属检查清单","ok","True","False","","False","","True","通用-审阅分卷大纲","False","False"
"CommonSkills\通用-审阅分卷大纲","腾讯专栏分卷审阅阶段目标与中段回报增补.md","CommonSkills\通用-审阅分卷大纲\references\腾讯专栏分卷审阅阶段目标与中段回报增补.md","1524","腾讯专栏：分卷审阅阶段目标与中段回报增补","ok","True","False","","False","","True","通用-审阅分卷大纲","False","False"
"CommonSkills\通用-审阅故事设定","故事设定审阅报告增补.md","CommonSkills\通用-审阅故事设定\references\故事设定审阅报告增补.md","6160","故事设定审阅报告增补","ok","True","False","","False","","True","通用-审阅故事设定","False","False"
"CommonSkills\通用-审阅故事设定","故事设定审阅检查清单.md","CommonSkills\通用-审阅故事设定\references\故事设定审阅检查清单.md","7440","故事设定审阅检查清单","ok","True","False","","False","","True","通用-审阅故事设定","False","False"
"CommonSkills\通用-审阅故事设定","设定审阅报告模板.md","CommonSkills\通用-审阅故事设定\references\设定审阅报告模板.md","14657","设定审阅报告模板","ok","True","False","","False","","True","通用-审阅故事设定","False","False"
"CommonSkills\通用-审阅故事设定","审阅维度说明.md","CommonSkills\通用-审阅故事设定\references\审阅维度说明.md","2949","审阅维度说明","ok","True","False","","False","","True","通用-审阅故事设定;通用-审阅人物传记","False","False"
"CommonSkills\通用-审阅故事设定","腾讯专栏故事设定可证据化与边界风险增补.md","CommonSkills\通用-审阅故事设定\references\腾讯专栏故事设定可证据化与边界风险增补.md","1580","腾讯专栏：故事设定可证据化与边界风险增补","ok","True","False","","False","","True","通用-审阅故事设定","False","False"
"CommonSkills\通用-审阅人物传记","人物传记审阅报告骨架.md","CommonSkills\通用-审阅人物传记\references\人物传记审阅报告骨架.md","10984","人物传记审阅报告骨架","ok","True","False","","False","","True","通用-审阅人物传记","False","False"
"CommonSkills\通用-审阅人物传记","人物传记审阅报告增补.md","CommonSkills\通用-审阅人物传记\references\人物传记审阅报告增补.md","5224","人物传记审阅报告增补","ok","True","False","","False","","True","通用-审阅人物传记","False","False"
"CommonSkills\通用-审阅人物传记","人物传记审阅检查清单.md","CommonSkills\通用-审阅人物传记\references\人物传记审阅检查清单.md","6989","人物传记审阅检查清单","ok","True","False","","False","","True","通用-审阅人物传记","False","False"
"CommonSkills\通用-审阅人物传记","人物传记问题分级与回写建议.md","CommonSkills\通用-审阅人物传记\references\人物传记问题分级与回写建议.md","4901","人物传记问题分级与回写建议","ok","True","False","","False","","True","通用-审阅人物传记","False","False"
"CommonSkills\通用-审阅人物传记","审阅维度说明.md","CommonSkills\通用-审阅人物传记\references\审阅维度说明.md","2525","审阅维度说明","ok","True","False","","False","","True","通用-审阅故事设定;通用-审阅人物传记","False","False"
"CommonSkills\通用-审阅人物传记","腾讯专栏人物审阅可演出性与辨识度增补.md","CommonSkills\通用-审阅人物传记\references\腾讯专栏人物审阅可演出性与辨识度增补.md","2017","腾讯专栏：人物审阅可演出性与辨识度增补","ok","True","False","","False","","True","通用-审阅人物传记","False","False"
"CommonSkills\通用-审阅章节正文","读者留存红线增补.md","CommonSkills\通用-审阅章节正文\references\读者留存红线增补.md","6171","读者留存红线增补（跨平台通用）","ok","True","False","","False","","True","通用-审阅章节正文","False","False"
"CommonSkills\通用-审阅章节正文","七猫专栏追读留存红线增补.md","CommonSkills\通用-审阅章节正文\references\七猫专栏追读留存红线增补.md","6135","七猫专栏：章节审阅追读与留存红线增补","dead","False","False","","False","","False","","False","False"
"CommonSkills\通用-审阅章节正文","前3章冲突架构诊断卡.md","CommonSkills\通用-审阅章节正文\references\前3章冲突架构诊断卡.md","4542","前3章冲突架构诊断卡","ok","True","False","","False","","True","通用-审阅章节正文","False","False"
"CommonSkills\通用-审阅章节正文","十维评分_处理方分流_钩子链与骨架忠实度补编.md","CommonSkills\通用-审阅章节正文\references\十维评分_处理方分流_钩子链与骨架忠实度补编.md","11390","十二维双轴评分_处理方分流_钩子链与骨架忠实度补编","ok","True","False","","False","","True","通用-审阅章节正文","False","False"
"CommonSkills\通用-审阅章节正文","腾讯专栏章节审阅动作反应闭环增补.md","CommonSkills\通用-审阅章节正文\references\腾讯专栏章节审阅动作反应闭环增补.md","4210","腾讯专栏：章节审阅动作-反应闭环增补","ok","True","False","","False","","True","通用-审阅章节正文","False","False"
"CommonSkills\通用-审阅章节正文","腾讯专栏章节审阅快审红线子模板.md","CommonSkills\通用-审阅章节正文\references\腾讯专栏章节审阅快审红线子模板.md","1379","腾讯专栏：章节审阅快审红线子模板","ok","True","False","","False","","True","通用-审阅章节正文","False","False"
"CommonSkills\通用-审阅章节正文","腾讯专栏章节审阅情绪压迫与伤害密度增补.md","CommonSkills\通用-审阅章节正文\references\腾讯专栏章节审阅情绪压迫与伤害密度增补.md","7501","腾讯专栏：章节审阅情绪压迫与伤害密度增补","ok","True","False","","False","","True","通用-审阅章节正文","False","False"
"CommonSkills\通用-审阅章节正文","腾讯专栏章节审阅手机端可读性子模板.md","CommonSkills\通用-审阅章节正文\references\腾讯专栏章节审阅手机端可读性子模板.md","1311","腾讯专栏：章节审阅手机端可读性子模板","ok","True","False","","False","","True","通用-审阅章节正文","False","False"
"CommonSkills\通用-审阅章节正文","腾讯专栏章节审阅追读与节奏红线增补.md","CommonSkills\通用-审阅章节正文\references\腾讯专栏章节审阅追读与节奏红线增补.md","1412","腾讯专栏：章节审阅追读与节奏红线增补","ok","True","False","","False","","True","通用-审阅章节正文","False","False"
"CommonSkills\通用-审阅章节正文","问题分级与补丁动作.md","CommonSkills\通用-审阅章节正文\references\问题分级与补丁动作.md","7285","问题分级与补丁动作","ok","True","False","","False","","True","通用-审阅章节正文","False","False"
"CommonSkills\通用-审阅章节正文","章节链路失配审阅表.md","CommonSkills\通用-审阅章节正文\references\章节链路失配审阅表.md","3704","章节链路失配审阅表","ok","True","False","","False","","True","通用-审阅章节正文","False","False"
"CommonSkills\通用-审阅章节正文","章节数据看板与阶段达标线.md","CommonSkills\通用-审阅章节正文\references\章节数据看板与阶段达标线.md","2937","章节数据看板与阶段达标线","ok","True","False","","False","","True","通用-审阅章节正文","False","False"
"CommonSkills\通用-审阅章节正文","章节正文审阅报告骨架.md","CommonSkills\通用-审阅章节正文\references\章节正文审阅报告骨架.md","5802","章节正文审阅报告骨架","ok","True","False","","False","","True","通用-审阅章节正文","False","False"
"CommonSkills\通用-审阅章节正文","章节正文审阅检查清单.md","CommonSkills\通用-审阅章节正文\references\章节正文审阅检查清单.md","18446","章节正文审阅检查清单","ok","True","False","","False","","True","通用-审阅章节正文","False","False"
"CommonSkills\通用-审阅章节正文","章节正文审阅完整模板.md","CommonSkills\通用-审阅章节正文\references\章节正文审阅完整模板.md","18000","章节正文审阅完整模板（通用骨架）","ok","True","False","","False","","True","通用-审阅章节正文","False","False"
"CommonSkills\通用-审阅总大纲","腾讯专栏总纲审阅阶段规划与长线供血增补.md","CommonSkills\通用-审阅总大纲\references\腾讯专栏总纲审阅阶段规划与长线供血增补.md","1551","腾讯专栏：总纲审阅阶段规划与长线供血增补","ok","True","False","","False","","True","通用-审阅总大纲","False","False"
"CommonSkills\通用-审阅总大纲","总纲审阅报告增补.md","CommonSkills\通用-审阅总大纲\references\总纲审阅报告增补.md","3838","总纲审阅报告增补","ok","True","False","","False","","True","通用-审阅总大纲","False","False"
"CommonSkills\通用-审阅总大纲","总纲审阅完整模板.md","CommonSkills\通用-审阅总大纲\references\总纲审阅完整模板.md","17054","总纲审阅完整模板（通用骨架）","ok","True","False","","False","","True","通用-审阅总大纲","False","False"
"CommonSkills\通用-审阅总大纲","总纲审阅专属检查清单.md","CommonSkills\通用-审阅总大纲\references\总纲审阅专属检查清单.md","5654","总纲审阅专属检查清单","ok","True","False","","False","","True","通用-审阅总大纲","False","False"
"CommonSkills\通用-生成章节控制卡","场景单元拆分法.md","CommonSkills\通用-生成章节控制卡\references\场景单元拆分法.md","2157","场景单元拆分法","ok","True","False","","False","","True","通用-生成章节控制卡","False","True"
"CommonSkills\通用-生成章节控制卡","九部件预埋与进度节奏微表.md","CommonSkills\通用-生成章节控制卡\references\九部件预埋与进度节奏微表.md","2819","九部件预埋与进度节奏微表","ok","True","False","","False","","True","通用-生成章节控制卡","False","True"
"CommonSkills\通用-生成章节控制卡","逻辑时间线与爽点展开法.md","CommonSkills\通用-生成章节控制卡\references\逻辑时间线与爽点展开法.md","7498","逻辑时间线与爽点展开法","ok","True","False","","False","","True","通用-生成章节控制卡","False","True"
"CommonSkills\通用-生成章节控制卡","上游供血对齐与回填接口表.md","CommonSkills\通用-生成章节控制卡\references\上游供血对齐与回填接口表.md","4375","上游供血对齐与回填接口表","ok","True","False","","False","","True","通用-生成章节控制卡","False","True"
"CommonSkills\通用-生成章节控制卡","爽点递进与300_1000_3000节奏锚点.md","CommonSkills\通用-生成章节控制卡\references\爽点递进与300_1000_3000节奏锚点.md","4743","爽点递进与 300 / 1000 / 3000 节奏锚点","ok","True","False","","False","","True","通用-生成章节控制卡","False","True"
"CommonSkills\通用-生成章节控制卡","腾讯专栏动作反应两对完整结构增补.md","CommonSkills\通用-生成章节控制卡\references\腾讯专栏动作反应两对完整结构增补.md","2875","腾讯专栏：动作反应两对完整结构增补","ok","True","False","","False","","True","通用-生成章节控制卡","False","True"
"CommonSkills\通用-生成章节控制卡","腾讯专栏动作反应施工增补.md","CommonSkills\通用-生成章节控制卡\references\腾讯专栏动作反应施工增补.md","2229","腾讯专栏动作反应施工增补（2026-05-03）","ok","True","False","","False","","True","通用-生成章节控制卡","False","True"
"CommonSkills\通用-生成章节控制卡","腾讯专栏情节细节坐标轴与新人禁忌增补.md","CommonSkills\通用-生成章节控制卡\references\腾讯专栏情节细节坐标轴与新人禁忌增补.md","3636","腾讯专栏：情节细节坐标轴与新人禁忌增补","ok","True","False","","False","","True","通用-生成章节控制卡","False","True"
"CommonSkills\通用-生成章节控制卡","腾讯专栏情节细节坐标轴与新人九项禁区增补.md","CommonSkills\通用-生成章节控制卡\references\腾讯专栏情节细节坐标轴与新人九项禁区增补.md","2909","腾讯专栏：情节细节坐标轴与新人写作九项禁区增补","ok","True","False","","False","","True","通用-生成章节控制卡","False","True"
"CommonSkills\通用-生成章节控制卡","唯一职责_beat_情感弧_钩子链_就绪判定补编.md","CommonSkills\通用-生成章节控制卡\references\唯一职责_beat_情感弧_钩子链_就绪判定补编.md","5606","唯一职责_beat_情感弧_钩子链_就绪判定补编","ok","True","False","","False","","True","通用-生成章节控制卡","False","True"
"CommonSkills\通用-生成章节控制卡","章节标准模板与钩子轮换施工卡.md","CommonSkills\通用-生成章节控制卡\references\章节标准模板与钩子轮换施工卡.md","5142","章节标准模板与钩子轮换施工卡","ok","True","False","","False","","True","通用-生成章节控制卡","False","True"
"CommonSkills\通用-生成章节控制卡","章节控制卡保真规则.md","CommonSkills\通用-生成章节控制卡\references\章节控制卡保真规则.md","5534","章节控制卡保真规则","ok","True","False","","False","","True","通用-生成章节控制卡","False","True"
"CommonSkills\通用-生成章节控制卡","章节控制卡模板.md","CommonSkills\通用-生成章节控制卡\references\章节控制卡模板.md","5542","章节控制卡模板","ok","True","False","","False","","True","通用-生成章节控制卡","False","True"
"CommonSkills\通用-生成章节控制卡","中段回报与章末钩子检查表.md","CommonSkills\通用-生成章节控制卡\references\中段回报与章末钩子检查表.md","501","中段回报与章末钩子检查表","ok","True","False","","False","","True","通用-生成章节控制卡","False","True"
"CommonSkills\通用-输出百度百家号版","分节级补救映射与详细规则回填.md","CommonSkills\通用-输出百度百家号版\references\分节级补救映射与详细规则回填.md","2231","通用-输出百度百家号版｜分节级补救映射与详细规则回填","ok","True","False","","False","","True","通用-输出百度百家号版;通用-输出出版社版;通用-输出豆瓣版;通用-输出番茄版;通用-输出今日头条版;通用-输出七猫版;通用-输出起点中文网版;通用-输出微信订阅号版;通用-输出小红书版;通用-输出新浪微博版;通用-输出知乎版;通用-输出纵横小说版;通用-输出B站版;通用-输出GoodNovel版;通用-输出My Fiction版;通用-输出WebNovel版","False","False"
"CommonSkills\通用-输出百度百家号版","跨题材共性与迁移来源.md","CommonSkills\通用-输出百度百家号版\references\跨题材共性与迁移来源.md","1530","通用-输出百度百家号版｜跨题材共性与迁移来源","ok","True","False","","False","","True","通用-输出百度百家号版;通用-输出出版社版;通用-输出豆瓣版;通用-输出番茄版;通用-输出今日头条版;通用-输出七猫版;通用-输出起点中文网版;通用-输出微信订阅号版;通用-输出小红书版;通用-输出新浪微博版;通用-输出知乎版;通用-输出B站版;通用-输出GoodNovel版;通用-输出My Fiction版;通用-输出WebNovel版","False","False"
"CommonSkills\通用-输出百度百家号版","平台共性执行细则.md","CommonSkills\通用-输出百度百家号版\references\平台共性执行细则.md","3450","通用-输出百度百家号版｜平台共性执行细则","ok","True","False","","False","","True","通用-创建小说正文;通用-输出百度百家号版;通用-输出出版社版;通用-输出豆瓣版;通用-输出番茄版;通用-输出今日头条版;通用-输出七猫版;通用-输出起点中文网版;通用-输出微信订阅号版;通用-输出小红书版;通用-输出新浪微博版;通用-输出知乎版;通用-输出纵横小说版;通用-输出B站版;通用-输出GoodNovel版;通用-输出My Fiction版;通用-输出WebNovel版","False","False"
"CommonSkills\通用-输出出版社版","分节级补救映射与详细规则回填.md","CommonSkills\通用-输出出版社版\references\分节级补救映射与详细规则回填.md","4596","通用-输出出版社版｜分节级补救映射与详细规则回填","ok","True","False","","False","","True","通用-输出百度百家号版;通用-输出出版社版;通用-输出豆瓣版;通用-输出番茄版;通用-输出今日头条版;通用-输出七猫版;通用-输出起点中文网版;通用-输出微信订阅号版;通用-输出小红书版;通用-输出新浪微博版;通用-输出知乎版;通用-输出纵横小说版;通用-输出B站版;通用-输出GoodNovel版;通用-输出My Fiction版;通用-输出WebNovel版","False","False"
"CommonSkills\通用-输出出版社版","跨题材共性与迁移来源.md","CommonSkills\通用-输出出版社版\references\跨题材共性与迁移来源.md","1074","通用-输出出版社版｜跨题材共性与迁移来源","ok","True","False","","False","","True","通用-输出百度百家号版;通用-输出出版社版;通用-输出豆瓣版;通用-输出番茄版;通用-输出今日头条版;通用-输出七猫版;通用-输出起点中文网版;通用-输出微信订阅号版;通用-输出小红书版;通用-输出新浪微博版;通用-输出知乎版;通用-输出B站版;通用-输出GoodNovel版;通用-输出My Fiction版;通用-输出WebNovel版","False","False"
"CommonSkills\通用-输出出版社版","平台共性执行细则.md","CommonSkills\通用-输出出版社版\references\平台共性执行细则.md","3772","通用-输出出版社版｜平台共性执行细则","ok","True","False","","False","","True","通用-创建小说正文;通用-输出百度百家号版;通用-输出出版社版;通用-输出豆瓣版;通用-输出番茄版;通用-输出今日头条版;通用-输出七猫版;通用-输出起点中文网版;通用-输出微信订阅号版;通用-输出小红书版;通用-输出新浪微博版;通用-输出知乎版;通用-输出纵横小说版;通用-输出B站版;通用-输出GoodNovel版;通用-输出My Fiction版;通用-输出WebNovel版","False","False"
"CommonSkills\通用-输出出版社版","平台研究补充_传统出版社都市悬疑.md","CommonSkills\通用-输出出版社版\references\平台研究补充_传统出版社都市悬疑.md","364","平台研究补充：传统出版社都市悬疑","ok","True","False","","False","","True","通用-输出出版社版","False","False"
"CommonSkills\通用-输出豆瓣版","分节级补救映射与详细规则回填.md","CommonSkills\通用-输出豆瓣版\references\分节级补救映射与详细规则回填.md","3985","通用-输出豆瓣版｜分节级补救映射与详细规则回填","ok","True","False","","False","","True","通用-输出百度百家号版;通用-输出出版社版;通用-输出豆瓣版;通用-输出番茄版;通用-输出今日头条版;通用-输出七猫版;通用-输出起点中文网版;通用-输出微信订阅号版;通用-输出小红书版;通用-输出新浪微博版;通用-输出知乎版;通用-输出纵横小说版;通用-输出B站版;通用-输出GoodNovel版;通用-输出My Fiction版;通用-输出WebNovel版","False","False"
"CommonSkills\通用-输出豆瓣版","跨题材共性与迁移来源.md","CommonSkills\通用-输出豆瓣版\references\跨题材共性与迁移来源.md","1223","通用-输出豆瓣版｜跨题材共性与迁移来源","ok","True","False","","False","","True","通用-输出百度百家号版;通用-输出出版社版;通用-输出豆瓣版;通用-输出番茄版;通用-输出今日头条版;通用-输出七猫版;通用-输出起点中文网版;通用-输出微信订阅号版;通用-输出小红书版;通用-输出新浪微博版;通用-输出知乎版;通用-输出B站版;通用-输出GoodNovel版;通用-输出My Fiction版;通用-输出WebNovel版","False","False"
"CommonSkills\通用-输出豆瓣版","平台共性执行细则.md","CommonSkills\通用-输出豆瓣版\references\平台共性执行细则.md","3900","通用-输出豆瓣版｜平台共性执行细则","ok","True","False","","False","","True","通用-创建小说正文;通用-输出百度百家号版;通用-输出出版社版;通用-输出豆瓣版;通用-输出番茄版;通用-输出今日头条版;通用-输出七猫版;通用-输出起点中文网版;通用-输出微信订阅号版;通用-输出小红书版;通用-输出新浪微博版;通用-输出知乎版;通用-输出纵横小说版;通用-输出B站版;通用-输出GoodNovel版;通用-输出My Fiction版;通用-输出WebNovel版","False","False"
"CommonSkills\通用-输出豆瓣版","平台研究补充_豆瓣都市悬疑.md","CommonSkills\通用-输出豆瓣版\references\平台研究补充_豆瓣都市悬疑.md","358","平台研究补充：豆瓣都市悬疑","ok","True","False","","False","","True","通用-输出豆瓣版","False","False"
"CommonSkills\通用-输出番茄版","分节级补救映射与详细规则回填.md","CommonSkills\通用-输出番茄版\references\分节级补救映射与详细规则回填.md","5494","通用-输出番茄版｜分节级补救映射与详细规则回填","ok","True","False","","False","","True","通用-输出百度百家号版;通用-输出出版社版;通用-输出豆瓣版;通用-输出番茄版;通用-输出今日头条版;通用-输出七猫版;通用-输出起点中文网版;通用-输出微信订阅号版;通用-输出小红书版;通用-输出新浪微博版;通用-输出知乎版;通用-输出纵横小说版;通用-输出B站版;通用-输出GoodNovel版;通用-输出My Fiction版;通用-输出WebNovel版","False","False"
"CommonSkills\通用-输出番茄版","跨题材共性与迁移来源.md","CommonSkills\通用-输出番茄版\references\跨题材共性与迁移来源.md","1345","通用-输出番茄版｜跨题材共性与迁移来源","ok","True","False","","False","","True","通用-输出百度百家号版;通用-输出出版社版;通用-输出豆瓣版;通用-输出番茄版;通用-输出今日头条版;通用-输出七猫版;通用-输出起点中文网版;通用-输出微信订阅号版;通用-输出小红书版;通用-输出新浪微博版;通用-输出知乎版;通用-输出B站版;通用-输出GoodNovel版;通用-输出My Fiction版;通用-输出WebNovel版","False","False"
"CommonSkills\通用-输出番茄版","平台共性执行细则.md","CommonSkills\通用-输出番茄版\references\平台共性执行细则.md","13097","通用-输出番茄版｜平台共性执行细则","ok","True","False","","False","","True","通用-创建小说正文;通用-输出百度百家号版;通用-输出出版社版;通用-输出豆瓣版;通用-输出番茄版;通用-输出今日头条版;通用-输出七猫版;通用-输出起点中文网版;通用-输出微信订阅号版;通用-输出小红书版;通用-输出新浪微博版;通用-输出知乎版;通用-输出纵横小说版;通用-输出B站版;通用-输出GoodNovel版;通用-输出My Fiction版;通用-输出WebNovel版","False","False"
"CommonSkills\通用-输出今日头条版","分节级补救映射与详细规则回填.md","CommonSkills\通用-输出今日头条版\references\分节级补救映射与详细规则回填.md","6192","通用-输出今日头条版｜分节级补救映射与详细规则回填","ok","True","False","","False","","True","通用-输出百度百家号版;通用-输出出版社版;通用-输出豆瓣版;通用-输出番茄版;通用-输出今日头条版;通用-输出七猫版;通用-输出起点中文网版;通用-输出微信订阅号版;通用-输出小红书版;通用-输出新浪微博版;通用-输出知乎版;通用-输出纵横小说版;通用-输出B站版;通用-输出GoodNovel版;通用-输出My Fiction版;通用-输出WebNovel版","False","False"
"CommonSkills\通用-输出今日头条版","跨题材共性与迁移来源.md","CommonSkills\通用-输出今日头条版\references\跨题材共性与迁移来源.md","1473","通用-输出今日头条版｜跨题材共性与迁移来源","ok","True","False","","False","","True","通用-输出百度百家号版;通用-输出出版社版;通用-输出豆瓣版;通用-输出番茄版;通用-输出今日头条版;通用-输出七猫版;通用-输出起点中文网版;通用-输出微信订阅号版;通用-输出小红书版;通用-输出新浪微博版;通用-输出知乎版;通用-输出B站版;通用-输出GoodNovel版;通用-输出My Fiction版;通用-输出WebNovel版","False","False"
"CommonSkills\通用-输出今日头条版","平台共性执行细则.md","CommonSkills\通用-输出今日头条版\references\平台共性执行细则.md","9801","通用-输出今日头条版｜平台共性执行细则","ok","True","False","","False","","True","通用-创建小说正文;通用-输出百度百家号版;通用-输出出版社版;通用-输出豆瓣版;通用-输出番茄版;通用-输出今日头条版;通用-输出七猫版;通用-输出起点中文网版;通用-输出微信订阅号版;通用-输出小红书版;通用-输出新浪微博版;通用-输出知乎版;通用-输出纵横小说版;通用-输出B站版;通用-输出GoodNovel版;通用-输出My Fiction版;通用-输出WebNovel版","False","False"
"CommonSkills\通用-输出今日头条版","平台实战经验与成长建议.md","CommonSkills\通用-输出今日头条版\references\平台实战经验与成长建议.md","2010","今日头条平台实战经验与成长建议","ok","True","False","","False","","True","通用-输出今日头条版","False","False"
"CommonSkills\通用-输出今日头条版","POV选择指南.md","CommonSkills\通用-输出今日头条版\references\POV选择指南.md","2681","今日头条版 POV 选择指南","ok","True","False","","False","","True","通用-输出今日头条版","False","False"
"CommonSkills\通用-输出七猫版","分节级补救映射与详细规则回填.md","CommonSkills\通用-输出七猫版\references\分节级补救映射与详细规则回填.md","2895","通用-输出七猫版｜分节级补救映射与详细规则回填","ok","True","False","","False","","True","通用-输出百度百家号版;通用-输出出版社版;通用-输出豆瓣版;通用-输出番茄版;通用-输出今日头条版;通用-输出七猫版;通用-输出起点中文网版;通用-输出微信订阅号版;通用-输出小红书版;通用-输出新浪微博版;通用-输出知乎版;通用-输出纵横小说版;通用-输出B站版;通用-输出GoodNovel版;通用-输出My Fiction版;通用-输出WebNovel版","False","False"
"CommonSkills\通用-输出七猫版","跨题材共性与迁移来源.md","CommonSkills\通用-输出七猫版\references\跨题材共性与迁移来源.md","1518","通用-输出七猫版｜跨题材共性与迁移来源","ok","True","False","","False","","True","通用-输出百度百家号版;通用-输出出版社版;通用-输出豆瓣版;通用-输出番茄版;通用-输出今日头条版;通用-输出七猫版;通用-输出起点中文网版;通用-输出微信订阅号版;通用-输出小红书版;通用-输出新浪微博版;通用-输出知乎版;通用-输出B站版;通用-输出GoodNovel版;通用-输出My Fiction版;通用-输出WebNovel版","False","False"
"CommonSkills\通用-输出七猫版","平台共性执行细则.md","CommonSkills\通用-输出七猫版\references\平台共性执行细则.md","5302","通用-输出七猫版｜平台共性执行细则","ok","True","False","","False","","True","通用-创建小说正文;通用-输出百度百家号版;通用-输出出版社版;通用-输出豆瓣版;通用-输出番茄版;通用-输出今日头条版;通用-输出七猫版;通用-输出起点中文网版;通用-输出微信订阅号版;通用-输出小红书版;通用-输出新浪微博版;通用-输出知乎版;通用-输出纵横小说版;通用-输出B站版;通用-输出GoodNovel版;通用-输出My Fiction版;通用-输出WebNovel版","False","False"
"CommonSkills\通用-输出七猫版","七猫社区创作知识体系.md","CommonSkills\通用-输出七猫版\references\七猫社区创作知识体系.md","5782","七猫社区创作知识体系（吸收自知乎七猫作家交流区）","ok","True","False","","False","","True","通用-输出七猫版","False","False"
"CommonSkills\通用-输出起点中文网版","分节级补救映射与详细规则回填.md","CommonSkills\通用-输出起点中文网版\references\分节级补救映射与详细规则回填.md","1655","通用-输出起点中文网版｜分节级补救映射与详细规则回填","ok","True","False","","False","","True","通用-输出百度百家号版;通用-输出出版社版;通用-输出豆瓣版;通用-输出番茄版;通用-输出今日头条版;通用-输出七猫版;通用-输出起点中文网版;通用-输出微信订阅号版;通用-输出小红书版;通用-输出新浪微博版;通用-输出知乎版;通用-输出纵横小说版;通用-输出B站版;通用-输出GoodNovel版;通用-输出My Fiction版;通用-输出WebNovel版","False","False"
"CommonSkills\通用-输出起点中文网版","跨题材共性与迁移来源.md","CommonSkills\通用-输出起点中文网版\references\跨题材共性与迁移来源.md","1046","通用-输出起点中文网版｜跨题材共性与迁移来源","ok","True","False","","False","","True","通用-输出百度百家号版;通用-输出出版社版;通用-输出豆瓣版;通用-输出番茄版;通用-输出今日头条版;通用-输出七猫版;通用-输出起点中文网版;通用-输出微信订阅号版;通用-输出小红书版;通用-输出新浪微博版;通用-输出知乎版;通用-输出B站版;通用-输出GoodNovel版;通用-输出My Fiction版;通用-输出WebNovel版","False","False"
"CommonSkills\通用-输出起点中文网版","平台共性执行细则.md","CommonSkills\通用-输出起点中文网版\references\平台共性执行细则.md","9179","通用-输出起点中文网版｜平台共性执行细则","ok","True","False","","False","","True","通用-创建小说正文;通用-输出百度百家号版;通用-输出出版社版;通用-输出豆瓣版;通用-输出番茄版;通用-输出今日头条版;通用-输出七猫版;通用-输出起点中文网版;通用-输出微信订阅号版;通用-输出小红书版;通用-输出新浪微博版;通用-输出知乎版;通用-输出纵横小说版;通用-输出B站版;通用-输出GoodNovel版;通用-输出My Fiction版;通用-输出WebNovel版","False","False"
"CommonSkills\通用-输出微信订阅号版","分节级补救映射与详细规则回填.md","CommonSkills\通用-输出微信订阅号版\references\分节级补救映射与详细规则回填.md","3370","通用-输出微信订阅号版｜分节级补救映射与详细规则回填","ok","True","False","","False","","True","通用-输出百度百家号版;通用-输出出版社版;通用-输出豆瓣版;通用-输出番茄版;通用-输出今日头条版;通用-输出七猫版;通用-输出起点中文网版;通用-输出微信订阅号版;通用-输出小红书版;通用-输出新浪微博版;通用-输出知乎版;通用-输出纵横小说版;通用-输出B站版;通用-输出GoodNovel版;通用-输出My Fiction版;通用-输出WebNovel版","False","False"
"CommonSkills\通用-输出微信订阅号版","跨题材共性与迁移来源.md","CommonSkills\通用-输出微信订阅号版\references\跨题材共性与迁移来源.md","1131","通用-输出微信订阅号版｜跨题材共性与迁移来源","ok","True","False","","False","","True","通用-输出百度百家号版;通用-输出出版社版;通用-输出豆瓣版;通用-输出番茄版;通用-输出今日头条版;通用-输出七猫版;通用-输出起点中文网版;通用-输出微信订阅号版;通用-输出小红书版;通用-输出新浪微博版;通用-输出知乎版;通用-输出B站版;通用-输出GoodNovel版;通用-输出My Fiction版;通用-输出WebNovel版","False","False"
"CommonSkills\通用-输出微信订阅号版","平台共性执行细则.md","CommonSkills\通用-输出微信订阅号版\references\平台共性执行细则.md","3603","通用-输出微信订阅号版｜平台共性执行细则","ok","True","False","","False","","True","通用-创建小说正文;通用-输出百度百家号版;通用-输出出版社版;通用-输出豆瓣版;通用-输出番茄版;通用-输出今日头条版;通用-输出七猫版;通用-输出起点中文网版;通用-输出微信订阅号版;通用-输出小红书版;通用-输出新浪微博版;通用-输出知乎版;通用-输出纵横小说版;通用-输出B站版;通用-输出GoodNovel版;通用-输出My Fiction版;通用-输出WebNovel版","False","False"
"CommonSkills\通用-输出微信订阅号版","平台研究补充_微信订阅号都市悬疑.md","CommonSkills\通用-输出微信订阅号版\references\平台研究补充_微信订阅号都市悬疑.md","337","平台研究补充：微信订阅号都市悬疑","ok","True","False","","False","","True","通用-输出微信订阅号版","False","False"
"CommonSkills\通用-输出小红书版","分节级补救映射与详细规则回填.md","CommonSkills\通用-输出小红书版\references\分节级补救映射与详细规则回填.md","2098","通用-输出小红书版｜分节级补救映射与详细规则回填","ok","True","False","","False","","True","通用-输出百度百家号版;通用-输出出版社版;通用-输出豆瓣版;通用-输出番茄版;通用-输出今日头条版;通用-输出七猫版;通用-输出起点中文网版;通用-输出微信订阅号版;通用-输出小红书版;通用-输出新浪微博版;通用-输出知乎版;通用-输出纵横小说版;通用-输出B站版;通用-输出GoodNovel版;通用-输出My Fiction版;通用-输出WebNovel版","False","False"
"CommonSkills\通用-输出小红书版","跨题材共性与迁移来源.md","CommonSkills\通用-输出小红书版\references\跨题材共性与迁移来源.md","1553","通用-输出小红书版｜跨题材共性与迁移来源","ok","True","False","","False","","True","通用-输出百度百家号版;通用-输出出版社版;通用-输出豆瓣版;通用-输出番茄版;通用-输出今日头条版;通用-输出七猫版;通用-输出起点中文网版;通用-输出微信订阅号版;通用-输出小红书版;通用-输出新浪微博版;通用-输出知乎版;通用-输出B站版;通用-输出GoodNovel版;通用-输出My Fiction版;通用-输出WebNovel版","False","False"
"CommonSkills\通用-输出小红书版","平台共性执行细则.md","CommonSkills\通用-输出小红书版\references\平台共性执行细则.md","3717","通用-输出小红书版｜平台共性执行细则","ok","True","False","","False","","True","通用-创建小说正文;通用-输出百度百家号版;通用-输出出版社版;通用-输出豆瓣版;通用-输出番茄版;通用-输出今日头条版;通用-输出七猫版;通用-输出起点中文网版;通用-输出微信订阅号版;通用-输出小红书版;通用-输出新浪微博版;通用-输出知乎版;通用-输出纵横小说版;通用-输出B站版;通用-输出GoodNovel版;通用-输出My Fiction版;通用-输出WebNovel版","False","False"
"CommonSkills\通用-输出新浪微博版","分节级补救映射与详细规则回填.md","CommonSkills\通用-输出新浪微博版\references\分节级补救映射与详细规则回填.md","2252","通用-输出新浪微博版｜分节级补救映射与详细规则回填","ok","True","False","","False","","True","通用-输出百度百家号版;通用-输出出版社版;通用-输出豆瓣版;通用-输出番茄版;通用-输出今日头条版;通用-输出七猫版;通用-输出起点中文网版;通用-输出微信订阅号版;通用-输出小红书版;通用-输出新浪微博版;通用-输出知乎版;通用-输出纵横小说版;通用-输出B站版;通用-输出GoodNovel版;通用-输出My Fiction版;通用-输出WebNovel版","False","False"
"CommonSkills\通用-输出新浪微博版","跨题材共性与迁移来源.md","CommonSkills\通用-输出新浪微博版\references\跨题材共性与迁移来源.md","1530","通用-输出新浪微博版｜跨题材共性与迁移来源","ok","True","False","","False","","True","通用-输出百度百家号版;通用-输出出版社版;通用-输出豆瓣版;通用-输出番茄版;通用-输出今日头条版;通用-输出七猫版;通用-输出起点中文网版;通用-输出微信订阅号版;通用-输出小红书版;通用-输出新浪微博版;通用-输出知乎版;通用-输出B站版;通用-输出GoodNovel版;通用-输出My Fiction版;通用-输出WebNovel版","False","False"
"CommonSkills\通用-输出新浪微博版","平台共性执行细则.md","CommonSkills\通用-输出新浪微博版\references\平台共性执行细则.md","3243","通用-输出新浪微博版｜平台共性执行细则","ok","True","False","","False","","True","通用-创建小说正文;通用-输出百度百家号版;通用-输出出版社版;通用-输出豆瓣版;通用-输出番茄版;通用-输出今日头条版;通用-输出七猫版;通用-输出起点中文网版;通用-输出微信订阅号版;通用-输出小红书版;通用-输出新浪微博版;通用-输出知乎版;通用-输出纵横小说版;通用-输出B站版;通用-输出GoodNovel版;通用-输出My Fiction版;通用-输出WebNovel版","False","False"
"CommonSkills\通用-输出知乎版","分节级补救映射与详细规则回填.md","CommonSkills\通用-输出知乎版\references\分节级补救映射与详细规则回填.md","5041","通用-输出知乎版｜分节级补救映射与详细规则回填","ok","True","False","","False","","True","通用-输出百度百家号版;通用-输出出版社版;通用-输出豆瓣版;通用-输出番茄版;通用-输出今日头条版;通用-输出七猫版;通用-输出起点中文网版;通用-输出微信订阅号版;通用-输出小红书版;通用-输出新浪微博版;通用-输出知乎版;通用-输出纵横小说版;通用-输出B站版;通用-输出GoodNovel版;通用-输出My Fiction版;通用-输出WebNovel版","False","False"
"CommonSkills\通用-输出知乎版","跨题材共性与迁移来源.md","CommonSkills\通用-输出知乎版\references\跨题材共性与迁移来源.md","1365","通用-输出知乎版｜跨题材共性与迁移来源","ok","True","False","","False","","True","通用-输出百度百家号版;通用-输出出版社版;通用-输出豆瓣版;通用-输出番茄版;通用-输出今日头条版;通用-输出七猫版;通用-输出起点中文网版;通用-输出微信订阅号版;通用-输出小红书版;通用-输出新浪微博版;通用-输出知乎版;通用-输出B站版;通用-输出GoodNovel版;通用-输出My Fiction版;通用-输出WebNovel版","False","False"
"CommonSkills\通用-输出知乎版","平台共性执行细则.md","CommonSkills\通用-输出知乎版\references\平台共性执行细则.md","6705","通用-输出知乎版｜平台共性执行细则","ok","True","False","","False","","True","通用-创建小说正文;通用-输出百度百家号版;通用-输出出版社版;通用-输出豆瓣版;通用-输出番茄版;通用-输出今日头条版;通用-输出七猫版;通用-输出起点中文网版;通用-输出微信订阅号版;通用-输出小红书版;通用-输出新浪微博版;通用-输出知乎版;通用-输出纵横小说版;通用-输出B站版;通用-输出GoodNovel版;通用-输出My Fiction版;通用-输出WebNovel版","False","False"
"CommonSkills\通用-输出知乎版","平台研究补充_知乎盐选都市悬疑.md","CommonSkills\通用-输出知乎版\references\平台研究补充_知乎盐选都市悬疑.md","328","平台研究补充：知乎盐选都市悬疑","ok","True","False","","False","","True","通用-输出知乎版","False","False"
"CommonSkills\通用-输出纵横小说版","分节级补救映射与详细规则回填.md","CommonSkills\通用-输出纵横小说版\references\分节级补救映射与详细规则回填.md","5459","通用-输出纵横小说版｜分节级补救映射与详细规则回填","ok","True","False","","False","","True","通用-输出百度百家号版;通用-输出出版社版;通用-输出豆瓣版;通用-输出番茄版;通用-输出今日头条版;通用-输出七猫版;通用-输出起点中文网版;通用-输出微信订阅号版;通用-输出小红书版;通用-输出新浪微博版;通用-输出知乎版;通用-输出纵横小说版;通用-输出B站版;通用-输出GoodNovel版;通用-输出My Fiction版;通用-输出WebNovel版","False","False"
"CommonSkills\通用-输出纵横小说版","平台共性执行细则.md","CommonSkills\通用-输出纵横小说版\references\平台共性执行细则.md","10998","通用-输出纵横小说版｜平台共性执行细则","ok","True","False","","False","","True","通用-创建小说正文;通用-输出百度百家号版;通用-输出出版社版;通用-输出豆瓣版;通用-输出番茄版;通用-输出今日头条版;通用-输出七猫版;通用-输出起点中文网版;通用-输出微信订阅号版;通用-输出小红书版;通用-输出新浪微博版;通用-输出知乎版;通用-输出纵横小说版;通用-输出B站版;通用-输出GoodNovel版;通用-输出My Fiction版;通用-输出WebNovel版","False","False"
"CommonSkills\通用-输出B站版","分节级补救映射与详细规则回填.md","CommonSkills\通用-输出B站版\references\分节级补救映射与详细规则回填.md","2439","通用-输出B站版｜分节级补救映射与详细规则回填","ok","True","False","","False","","True","通用-输出百度百家号版;通用-输出出版社版;通用-输出豆瓣版;通用-输出番茄版;通用-输出今日头条版;通用-输出七猫版;通用-输出起点中文网版;通用-输出微信订阅号版;通用-输出小红书版;通用-输出新浪微博版;通用-输出知乎版;通用-输出纵横小说版;通用-输出B站版;通用-输出GoodNovel版;通用-输出My Fiction版;通用-输出WebNovel版","False","False"
"CommonSkills\通用-输出B站版","跨题材共性与迁移来源.md","CommonSkills\通用-输出B站版\references\跨题材共性与迁移来源.md","1437","通用-输出B站版｜跨题材共性与迁移来源","ok","True","False","","False","","True","通用-输出百度百家号版;通用-输出出版社版;通用-输出豆瓣版;通用-输出番茄版;通用-输出今日头条版;通用-输出七猫版;通用-输出起点中文网版;通用-输出微信订阅号版;通用-输出小红书版;通用-输出新浪微博版;通用-输出知乎版;通用-输出B站版;通用-输出GoodNovel版;通用-输出My Fiction版;通用-输出WebNovel版","False","False"
"CommonSkills\通用-输出B站版","平台共性执行细则.md","CommonSkills\通用-输出B站版\references\平台共性执行细则.md","3515","通用-输出B站版｜平台共性执行细则","ok","True","False","","False","","True","通用-创建小说正文;通用-输出百度百家号版;通用-输出出版社版;通用-输出豆瓣版;通用-输出番茄版;通用-输出今日头条版;通用-输出七猫版;通用-输出起点中文网版;通用-输出微信订阅号版;通用-输出小红书版;通用-输出新浪微博版;通用-输出知乎版;通用-输出纵横小说版;通用-输出B站版;通用-输出GoodNovel版;通用-输出My Fiction版;通用-输出WebNovel版","False","False"
"CommonSkills\通用-输出GoodNovel版","分节级补救映射与详细规则回填.md","CommonSkills\通用-输出GoodNovel版\references\分节级补救映射与详细规则回填.md","2988","通用-输出GoodNovel版｜分节级补救映射与详细规则回填","ok","True","False","","False","","True","通用-输出百度百家号版;通用-输出出版社版;通用-输出豆瓣版;通用-输出番茄版;通用-输出今日头条版;通用-输出七猫版;通用-输出起点中文网版;通用-输出微信订阅号版;通用-输出小红书版;通用-输出新浪微博版;通用-输出知乎版;通用-输出纵横小说版;通用-输出B站版;通用-输出GoodNovel版;通用-输出My Fiction版;通用-输出WebNovel版","False","False"
"CommonSkills\通用-输出GoodNovel版","跨题材共性与迁移来源.md","CommonSkills\通用-输出GoodNovel版\references\跨题材共性与迁移来源.md","1084","通用-输出GoodNovel版｜跨题材共性与迁移来源","ok","True","False","","False","","True","通用-输出百度百家号版;通用-输出出版社版;通用-输出豆瓣版;通用-输出番茄版;通用-输出今日头条版;通用-输出七猫版;通用-输出起点中文网版;通用-输出微信订阅号版;通用-输出小红书版;通用-输出新浪微博版;通用-输出知乎版;通用-输出B站版;通用-输出GoodNovel版;通用-输出My Fiction版;通用-输出WebNovel版","False","False"
"CommonSkills\通用-输出GoodNovel版","平台共性执行细则.md","CommonSkills\通用-输出GoodNovel版\references\平台共性执行细则.md","3640","通用-输出GoodNovel版｜平台共性执行细则","ok","True","False","","False","","True","通用-创建小说正文;通用-输出百度百家号版;通用-输出出版社版;通用-输出豆瓣版;通用-输出番茄版;通用-输出今日头条版;通用-输出七猫版;通用-输出起点中文网版;通用-输出微信订阅号版;通用-输出小红书版;通用-输出新浪微博版;通用-输出知乎版;通用-输出纵横小说版;通用-输出B站版;通用-输出GoodNovel版;通用-输出My Fiction版;通用-输出WebNovel版","False","False"
"CommonSkills\通用-输出GoodNovel版","平台研究补充_GoodNovel都市悬疑.md","CommonSkills\通用-输出GoodNovel版\references\平台研究补充_GoodNovel都市悬疑.md","352","平台研究补充：GoodNovel 都市悬疑","ok","True","False","","False","","True","通用-输出GoodNovel版","False","False"
"CommonSkills\通用-输出My Fiction版","分节级补救映射与详细规则回填.md","CommonSkills\通用-输出My Fiction版\references\分节级补救映射与详细规则回填.md","2197","通用-输出My Fiction版｜分节级补救映射与详细规则回填","ok","True","False","","False","","True","通用-输出百度百家号版;通用-输出出版社版;通用-输出豆瓣版;通用-输出番茄版;通用-输出今日头条版;通用-输出七猫版;通用-输出起点中文网版;通用-输出微信订阅号版;通用-输出小红书版;通用-输出新浪微博版;通用-输出知乎版;通用-输出纵横小说版;通用-输出B站版;通用-输出GoodNovel版;通用-输出My Fiction版;通用-输出WebNovel版","False","False"
"CommonSkills\通用-输出My Fiction版","跨题材共性与迁移来源.md","CommonSkills\通用-输出My Fiction版\references\跨题材共性与迁移来源.md","1112","通用-输出My Fiction版｜跨题材共性与迁移来源","ok","True","False","","False","","True","通用-输出百度百家号版;通用-输出出版社版;通用-输出豆瓣版;通用-输出番茄版;通用-输出今日头条版;通用-输出七猫版;通用-输出起点中文网版;通用-输出微信订阅号版;通用-输出小红书版;通用-输出新浪微博版;通用-输出知乎版;通用-输出B站版;通用-输出GoodNovel版;通用-输出My Fiction版;通用-输出WebNovel版","False","False"
"CommonSkills\通用-输出My Fiction版","平台共性执行细则.md","CommonSkills\通用-输出My Fiction版\references\平台共性执行细则.md","3209","通用-输出My Fiction版｜平台共性执行细则","ok","True","False","","False","","True","通用-创建小说正文;通用-输出百度百家号版;通用-输出出版社版;通用-输出豆瓣版;通用-输出番茄版;通用-输出今日头条版;通用-输出七猫版;通用-输出起点中文网版;通用-输出微信订阅号版;通用-输出小红书版;通用-输出新浪微博版;通用-输出知乎版;通用-输出纵横小说版;通用-输出B站版;通用-输出GoodNovel版;通用-输出My Fiction版;通用-输出WebNovel版","False","False"
"CommonSkills\通用-输出My Fiction版","平台研究补充_MyFiction都市悬疑.md","CommonSkills\通用-输出My Fiction版\references\平台研究补充_MyFiction都市悬疑.md","357","平台研究补充：My Fiction 都市悬疑","ok","True","False","","False","","True","通用-输出My Fiction版","False","False"
"CommonSkills\通用-输出WebNovel版","分节级补救映射与详细规则回填.md","CommonSkills\通用-输出WebNovel版\references\分节级补救映射与详细规则回填.md","3687","通用-输出WebNovel版｜分节级补救映射与详细规则回填","ok","True","False","","False","","True","通用-输出百度百家号版;通用-输出出版社版;通用-输出豆瓣版;通用-输出番茄版;通用-输出今日头条版;通用-输出七猫版;通用-输出起点中文网版;通用-输出微信订阅号版;通用-输出小红书版;通用-输出新浪微博版;通用-输出知乎版;通用-输出纵横小说版;通用-输出B站版;通用-输出GoodNovel版;通用-输出My Fiction版;通用-输出WebNovel版","False","False"
"CommonSkills\通用-输出WebNovel版","跨题材共性与迁移来源.md","CommonSkills\通用-输出WebNovel版\references\跨题材共性与迁移来源.md","1381","通用-输出WebNovel版｜跨题材共性与迁移来源","ok","True","False","","False","","True","通用-输出百度百家号版;通用-输出出版社版;通用-输出豆瓣版;通用-输出番茄版;通用-输出今日头条版;通用-输出七猫版;通用-输出起点中文网版;通用-输出微信订阅号版;通用-输出小红书版;通用-输出新浪微博版;通用-输出知乎版;通用-输出B站版;通用-输出GoodNovel版;通用-输出My Fiction版;通用-输出WebNovel版","False","False"
"CommonSkills\通用-输出WebNovel版","平台共性执行细则.md","CommonSkills\通用-输出WebNovel版\references\平台共性执行细则.md","5640","通用-输出WebNovel版｜平台共性执行细则","ok","True","False","","False","","True","通用-创建小说正文;通用-输出百度百家号版;通用-输出出版社版;通用-输出豆瓣版;通用-输出番茄版;通用-输出今日头条版;通用-输出七猫版;通用-输出起点中文网版;通用-输出微信订阅号版;通用-输出小红书版;通用-输出新浪微博版;通用-输出知乎版;通用-输出纵横小说版;通用-输出B站版;通用-输出GoodNovel版;通用-输出My Fiction版;通用-输出WebNovel版","False","False"
"CommonSkills\通用-输出WebNovel版","平台研究补充_WebNovel都市悬疑.md","CommonSkills\通用-输出WebNovel版\references\平台研究补充_WebNovel都市悬疑.md","350","平台研究补充：WebNovel 都市悬疑","ok","True","False","","False","","True","通用-输出WebNovel版","False","False"
"CommonSkills\通用-提纯多平台母稿","多平台母稿提纯规则.md","CommonSkills\通用-提纯多平台母稿\references\多平台母稿提纯规则.md","2501","多平台母稿提纯规则","ok","True","False","","False","","True","通用-提纯多平台母稿","False","True"
"CommonSkills\通用-提纯多平台母稿","多平台母稿提纯检查清单.md","CommonSkills\通用-提纯多平台母稿\references\多平台母稿提纯检查清单.md","1623","多平台母稿提纯检查清单","ok","True","False","","False","","True","通用-提纯多平台母稿","False","True"
"CommonSkills\通用-小说项目初始化","产出物规格与检查点.md","CommonSkills\通用-小说项目初始化\references\产出物规格与检查点.md","5440","最终产出物规格与检查点","ok","True","False","","False","","True","通用-小说项目初始化","False","False"
"CommonSkills\通用-小说项目初始化","核心产出要素清单规格.md","CommonSkills\通用-小说项目初始化\references\核心产出要素清单规格.md","4792","核心产出要素清单（第9章规格）","ok","True","False","","False","","True","通用-小说项目初始化","False","False"
"CommonSkills\通用-小说项目初始化","平台上商业变现与读者情绪定位.md","CommonSkills\通用-小说项目初始化\references\平台上商业变现与读者情绪定位.md","12779","刚性约束层：平台适配、商业锚定、读者情绪定位","ok","True","False","","False","","True","通用-小说项目初始化","False","False"
"CommonSkills\通用-小说项目初始化","叙事基础与商业执行层.md","CommonSkills\通用-小说项目初始化\references\叙事基础与商业执行层.md","14013","叙事基础层与商业执行层：元设定、套路、商业化、可行性","ok","True","False","","False","","True","通用-小说项目初始化","False","False"
"CommonSkills\通用-章节创作闭环","步骤2正文四拍与钩子轮换门禁.md","CommonSkills\通用-章节创作闭环\references\步骤2正文四拍与钩子轮换门禁.md","3187","步骤 2 正文四拍与钩子轮换门禁","ok","True","False","","False","","True","通用-章节创作闭环","False","False"
"CommonSkills\通用-章节创作闭环","单元主线编排与节奏配比.md","CommonSkills\通用-章节创作闭环\references\单元主线编排与节奏配比.md","1643","单元主线编排与节奏配比","ok","True","False","","False","","True","通用-章节创作闭环","False","False"
"CommonSkills\通用-章节创作闭环","九部件与进度节奏续跑卡.md","CommonSkills\通用-章节创作闭环\references\九部件与进度节奏续跑卡.md","3704","九部件与进度节奏续跑卡","ok","True","False","","False","","True","通用-章节创作闭环","False","False"
"CommonSkills\通用-章节创作闭环","三批次修订SOP与门禁节奏.md","CommonSkills\通用-章节创作闭环\references\三批次修订SOP与门禁节奏.md","2346","三批次修订 SOP 与门禁节奏","ok","True","False","","False","","True","通用-章节创作闭环","False","False"
"CommonSkills\通用-章节创作闭环","章节创作闭环总流程与完成出口.md","CommonSkills\通用-章节创作闭环\references\章节创作闭环总流程与完成出口.md","9829","章节创作闭环总流程与完成出口（参考）","ok","True","False","","False","","True","通用-章节创作闭环","False","False"
"CommonSkills\通用-章节创作闭环","章节链路闭环复核与回写决策卡.md","CommonSkills\通用-章节创作闭环\references\章节链路闭环复核与回写决策卡.md","4485","章节链路闭环复核与回写决策卡","ok","True","False","","False","","True","通用-章节创作闭环","False","False"
"CommonSkills\通用-章节创作闭环","章节路径推导与工件命名.md","CommonSkills\通用-章节创作闭环\references\章节路径推导与工件命名.md","6785","章节路径推导与工件命名","ok","True","False","","False","","True","通用-章节创作闭环","False","False"
"CommonSkills\通用-章节创作闭环","章节批量模式与连续性日志.md","CommonSkills\通用-章节创作闭环\references\章节批量模式与连续性日志.md","6361","章节批量模式与连续性日志","ok","True","False","","False","","True","通用-章节创作闭环","False","False"
"CommonSkills\通用-章节创作闭环","章节终审门槛与摘要规范.md","CommonSkills\通用-章节创作闭环\references\章节终审门槛与摘要规范.md","6926","章节终审门槛与摘要规范","ok","True","False","","False","","True","通用-章节创作闭环","False","False"
"CommonSkills\通用-蒸馏写作研究","仿写约束提取指南.md","CommonSkills\通用-蒸馏写作研究\references\仿写约束提取指南.md","7126","仿写约束提取指南","ok","True","False","","False","","True","通用-蒸馏写作研究","False","False"
"CommonSkills\通用-蒸馏写作研究","写作研究模板格式定义.md","CommonSkills\通用-蒸馏写作研究\references\写作研究模板格式定义.md","4981","写作研究模板格式定义","ok","True","False","","False","","True","通用-蒸馏写作研究","False","False"
"CommonSkills\通用-蒸馏写作研究","约束符合度审计.md","CommonSkills\通用-蒸馏写作研究\references\约束符合度审计.md","6158","约束符合度审计","ok","True","False","","False","","True","通用-蒸馏写作研究","False","False"
"CommonSkills\通用-蒸馏写作研究","约束提取方法论.md","CommonSkills\通用-蒸馏写作研究\references\约束提取方法论.md","8043","约束提取方法论","ok","True","False","","False","","True","通用-蒸馏写作研究","False","False"
"CommonSkills\通用-蒸馏写作研究","约束依赖与版本漂移.md","CommonSkills\通用-蒸馏写作研究\references\约束依赖与版本漂移.md","1836","约束依赖关系图谱与版本漂移检测","ok","True","False","","False","","True","通用-蒸馏写作研究","False","False"
"CommonSkills\通用-蒸馏写作研究","执行流程详细检查点.md","CommonSkills\通用-蒸馏写作研究\references\执行流程详细检查点.md","7858","执行流程详细检查点","ok","True","False","","False","","True","通用-蒸馏写作研究","False","False"
"CommonSkills\通用-蒸馏作品蓝本","多蓝本协同与执行流程.md","CommonSkills\通用-蒸馏作品蓝本\references\多蓝本协同与执行流程.md","4389","多蓝本协同蒸馏策略与执行流程","ok","True","False","","False","","True","通用-蒸馏作品蓝本","False","False"
"CommonSkills\通用-蒸馏作品蓝本","仿写内核提取与骨架模型.md","CommonSkills\通用-蒸馏作品蓝本\references\仿写内核提取与骨架模型.md","3784","仿写内核提取与骨架模型","ok","True","False","","False","","True","通用-蒸馏作品蓝本","False","False"
"CommonSkills\通用-蒸馏作品蓝本","故事线识别阶段（Phase 1.5）.md","CommonSkills\通用-蒸馏作品蓝本\references\故事线识别阶段（Phase 1.5）.md","2022","故事线识别阶段（Phase 1.5）","ok","True","False","","False","","True","通用-蒸馏作品蓝本","False","False"
"CommonSkills\通用-蒸馏作品蓝本","结构DNA符合度审计.md","CommonSkills\通用-蒸馏作品蓝本\references\结构DNA符合度审计.md","2797","结构DNA符合度审计","ok","True","False","","False","","True","通用-蒸馏作品蓝本","False","False"
"CommonSkills\通用-蒸馏作品蓝本","商业层与吸引层蒸馏方法.md","CommonSkills\通用-蒸馏作品蓝本\references\商业层与吸引层蒸馏方法.md","4490","商业层与吸引层蒸馏方法","ok","True","False","","False","","True","通用-蒸馏作品蓝本","False","False"
"CommonSkills\通用-蒸馏作品蓝本","套路指纹分类体系.md","CommonSkills\通用-蒸馏作品蓝本\references\套路指纹分类体系.md","7693","套路指纹分类体系","ok","True","False","","False","","True","通用-蒸馏作品蓝本","False","False"
"CommonSkills\通用-蒸馏作品蓝本","叙事引擎与神似层提炼.md","CommonSkills\通用-蒸馏作品蓝本\references\叙事引擎与神似层提炼.md","3150","叙事引擎与神似层提炼","ok","True","False","","False","","True","通用-蒸馏作品蓝本","False","False"
"CommonSkills\通用-蒸馏作品蓝本","作品蓝本模板格式定义.md","CommonSkills\通用-蒸馏作品蓝本\references\作品蓝本模板格式定义.md","41586","作品蓝本模板格式定义","ok","True","False","","False","","True","通用-蒸馏作品蓝本","False","False"
"CommonSkills\通用-蒸馏作者文风","多作者风格融合策略.md","CommonSkills\通用-蒸馏作者文风\references\多作者风格融合策略.md","3845","多作者风格融合策略","ok","True","False","","False","","True","通用-蒸馏作者文风","False","False"
"CommonSkills\通用-蒸馏作者文风","仿写文风适配指南模板.md","CommonSkills\通用-蒸馏作者文风\references\仿写文风适配指南模板.md","1019","仿写文风适配指南模板","ok","True","False","","False","","True","通用-蒸馏作者文风","False","False"
"CommonSkills\通用-蒸馏作者文风","风格DNA符合度审计.md","CommonSkills\通用-蒸馏作者文风\references\风格DNA符合度审计.md","6302","风格DNA符合度审计","ok","True","False","","False","","True","通用-蒸馏作者文风","False","False"
"CommonSkills\通用-蒸馏作者文风","轻量语感蒸馏模式.md","CommonSkills\通用-蒸馏作者文风\references\轻量语感蒸馏模式.md","10543","轻量语感蒸馏模式","ok","True","False","","False","","True","通用-蒸馏作者文风","False","False"
"CommonSkills\通用-蒸馏作者文风","文风可移植性评估与移植技法.md","CommonSkills\通用-蒸馏作者文风\references\文风可移植性评估与移植技法.md","4955","文风可移植性评估与移植技法","ok","True","False","","False","","True","通用-蒸馏作者文风","False","False"
"CommonSkills\通用-蒸馏作者文风","写作思维模型与神似层提炼.md","CommonSkills\通用-蒸馏作者文风\references\写作思维模型与神似层提炼.md","4156","写作思维模型与神似层提炼","ok","True","False","","False","","True","通用-蒸馏作者文风","False","False"
"CommonSkills\通用-蒸馏作者文风","蒸馏维度详解（16维）.md","CommonSkills\通用-蒸馏作者文风\references\蒸馏维度详解（16维）.md","3933","蒸馏维度详解（16 维）","ok","True","False","","False","","True","通用-蒸馏作者文风","False","False"
"CommonSkills\通用-蒸馏作者文风","执行流程检查点清单.md","CommonSkills\通用-蒸馏作者文风\references\执行流程检查点清单.md","4143","执行流程检查点清单","ok","True","False","","False","","True","通用-蒸馏作者文风","False","False"
"CommonSkills\通用-蒸馏作者文风","作者风格模板格式定义.md","CommonSkills\通用-蒸馏作者文风\references\作者风格模板格式定义.md","24340","作者风格模板格式定义","ok","True","False","","False","","True","通用-蒸馏作者文风","False","False"
"CommonSkills\通用-正文润色","场面写作指导与好词好句好段.md","CommonSkills\通用-正文润色\references\场面写作指导与好词好句好段.md","141494","(无标题)","ok","True","False","","False","","True","通用-正文润色","False","False"
"CommonSkills\通用-正文润色","抽象梯与事实转译补强.md","CommonSkills\通用-正文润色\references\抽象梯与事实转译补强.md","4847","抽象梯与事实转译补强","ok","True","False","","False","","True","通用-正文润色","False","False"
"CommonSkills\通用-正文润色","感官链与生理反应补强.md","CommonSkills\通用-正文润色\references\感官链与生理反应补强.md","2945","感官链与生理反应补强","ok","True","False","","False","","True","通用-正文润色","False","False"
"CommonSkills\通用-正文润色","功能句保真改写示例卡.md","CommonSkills\通用-正文润色\references\功能句保真改写示例卡.md","5019","功能句保真改写示例卡","ok","True","False","","False","","True","通用-正文润色","False","False"
"CommonSkills\通用-正文润色","关键剧情识别与详略诊断.md","CommonSkills\通用-正文润色\references\关键剧情识别与详略诊断.md","6418","关键剧情识别与详略诊断","ok","True","False","","False","","True","通用-正文润色","False","False"
"CommonSkills\通用-正文润色","画面感强化技法.md","CommonSkills\通用-正文润色\references\画面感强化技法.md","19184","画面感强化技法","ok","True","False","","False","","True","通用-正文润色","False","False"
"CommonSkills\通用-正文润色","技术描写可视化规则.md","CommonSkills\通用-正文润色\references\技术描写可视化规则.md","1895","技术描写可视化规则（跨题材通用）","dead","False","False","","False","","False","","False","False"
"CommonSkills\通用-正文润色","景物写作指导与好词好句好段.md","CommonSkills\通用-正文润色\references\景物写作指导与好词好句好段.md","146835","(无标题)","ok","True","False","","False","","True","通用-正文润色","False","False"
"CommonSkills\通用-正文润色","静态写作指导与好词好句好段.md","CommonSkills\通用-正文润色\references\静态写作指导与好词好句好段.md","136980","(无标题)","ok","True","False","","False","","True","通用-正文润色","False","False"
"CommonSkills\通用-正文润色","七猫专栏阅读性价比与手机端适配增补.md","CommonSkills\通用-正文润色\references\七猫专栏阅读性价比与手机端适配增补.md","7489","七猫专栏：阅读性价比与手机端适配增补","dead","False","False","","False","","False","","False","False"
"CommonSkills\通用-正文润色","去斧凿痕与透明叙述校准卡.md","CommonSkills\通用-正文润色\references\去斧凿痕与透明叙述校准卡.md","3707","去斧凿痕与透明叙述校准卡","ok","True","False","","False","","True","通用-正文润色","False","False"
"CommonSkills\通用-正文润色","润色后链路职责保真复核卡.md","CommonSkills\通用-正文润色\references\润色后链路职责保真复核卡.md","3797","润色后链路职责保真复核卡","ok","True","False","","False","","True","通用-正文润色","False","False"
"CommonSkills\通用-正文润色","删解释保信息的压缩动作卡.md","CommonSkills\通用-正文润色\references\删解释保信息的压缩动作卡.md","4501","删解释保信息的压缩动作卡","ok","True","False","","False","","True","通用-正文润色","False","False"
"CommonSkills\通用-正文润色","视角与叙述距离修正.md","CommonSkills\通用-正文润色\references\视角与叙述距离修正.md","5138","视角与叙述距离修正","ok","True","False","","False","","True","通用-正文润色","False","False"
"CommonSkills\通用-正文润色","腾讯专栏文字流畅四层次增补.md","CommonSkills\通用-正文润色\references\腾讯专栏文字流畅四层次增补.md","2818","腾讯专栏：网文文字流畅四层次增补","ok","True","False","","False","","True","通用-正文润色","False","False"
"CommonSkills\通用-正文润色","腾讯专栏行文手感与简洁节奏增补.md","CommonSkills\通用-正文润色\references\腾讯专栏行文手感与简洁节奏增补.md","1535","腾讯专栏：行文手感与简洁节奏增补","ok","True","False","","False","","True","通用-正文润色","False","False"
"CommonSkills\通用-正文润色","贴脸段中距段过桥段动作卡.md","CommonSkills\通用-正文润色\references\贴脸段中距段过桥段动作卡.md","5345","贴脸段中距段过桥段动作卡","ok","True","False","","False","","True","通用-正文润色","False","False"
"CommonSkills\通用-正文润色","系统性修文三要素复盘法.md","CommonSkills\通用-正文润色\references\系统性修文三要素复盘法.md","3305","系统性修文三要素复盘法","ok","True","False","","False","","True","通用-正文润色","False","False"
"CommonSkills\通用-正文润色","肖像写作指导与好词好句好段.md","CommonSkills\通用-正文润色\references\肖像写作指导与好词好句好段.md","127132","(无标题)","ok","True","False","","False","","True","通用-正文润色","False","False"
"CommonSkills\通用-正文润色","心理写作指导与好词好句好段.md","CommonSkills\通用-正文润色\references\心理写作指导与好词好句好段.md","146462","(无标题)","ok","True","False","","False","","True","通用-正文润色","False","False"
"CommonSkills\通用-正文润色","行动写作指导与好词好句好段.md","CommonSkills\通用-正文润色\references\行动写作指导与好词好句好段.md","144194","(无标题)","ok","True","False","","False","","True","通用-正文润色","False","False"
"CommonSkills\通用-正文润色","语言写作指导与好词好句好段.md","CommonSkills\通用-正文润色\references\语言写作指导与好词好句好段.md","144951","(无标题)","ok","True","False","","False","","True","通用-正文润色","False","False"
"CommonSkills\通用-正文润色","阅读性价比与手机端适配增补.md","CommonSkills\通用-正文润色\references\阅读性价比与手机端适配增补.md","7519","阅读性价比与手机端适配增补（跨平台通用）","ok","True","False","","False","","True","通用-正文润色","False","False"
"CommonSkills\通用-正文润色","正文润色保真迁移规则.md","CommonSkills\通用-正文润色\references\正文润色保真迁移规则.md","2509","正文润色保真迁移规则","ok","True","False","","False","","True","通用-正文润色","False","False"
"CommonSkills\通用-正文润色","正文润色高级强化技法.md","CommonSkills\通用-正文润色\references\正文润色高级强化技法.md","11626","正文润色高级强化技法","ok","True","False","","False","","True","通用-正文润色","False","False"
"CommonSkills\通用-正文润色","正文润色检查清单.md","CommonSkills\通用-正文润色\references\正文润色检查清单.md","7186","正文润色检查清单","ok","True","False","","False","","True","通用-正文润色","False","False"
"CommonSkills\通用-正文润色","正文润色句级动作库.md","CommonSkills\通用-正文润色\references\正文润色句级动作库.md","5385","正文润色句级动作库","ok","True","False","","False","","True","通用-正文润色","False","False"
"CommonSkills\通用-正文润色","正文润色扩展参考路由.md","CommonSkills\通用-正文润色\references\正文润色扩展参考路由.md","6037","正文润色扩展参考路由","ok","True","False","","False","","True","通用-正文润色","False","False"
"CommonSkills\通用-正文润色","正文润色流程.md","CommonSkills\通用-正文润色\references\正文润色流程.md","2060","正文润色流程","ok","True","False","","False","","True","通用-正文润色","False","False"
"CommonSkills\通用-正文润色","正文润色数值双轨禁忌与沉浸控制.md","CommonSkills\通用-正文润色\references\正文润色数值双轨禁忌与沉浸控制.md","2922","正文润色数值双轨禁忌与沉浸控制","ok","True","False","","False","","True","通用-正文润色","False","False"
"CommonSkills\通用-正文润色","正文润色增强技法与读者机制.md","CommonSkills\通用-正文润色\references\正文润色增强技法与读者机制.md","8662","正文润色增强技法与读者机制","ok","True","False","","False","","True","通用-正文润色","False","False"
"CommonSkills\通用-正文润色","正文润色执行流程与输出规范.md","CommonSkills\通用-正文润色\references\正文润色执行流程与输出规范.md","3899","正文润色执行流程与输出规范","ok","True","False","","False","","True","通用-正文润色","False","False"
"CommonSkills\通用-正文润色","正文润色总裁判与默认交付.md","CommonSkills\通用-正文润色\references\正文润色总裁判与默认交付.md","3034","正文润色总裁判与默认交付","ok","True","False","","False","","True","通用-正文润色","False","False"
"CommonSkills\通用-正文润色","Phase0-3创作修订一体化节拍.md","CommonSkills\通用-正文润色\references\Phase0-3创作修订一体化节拍.md","2168","Phase0-3 创作修订一体化节拍","ok","True","False","","False","","True","通用-正文润色","False","False"
"CommonSkills\通用-执行场景单元","场景存在理由判断.md","CommonSkills\通用-执行场景单元\references\场景存在理由判断.md","1648","场景存在理由判断","ok","True","False","","False","","True","通用-执行场景单元","False","False"
"CommonSkills\通用-执行场景单元","场景单元节奏与抓眼规则.md","CommonSkills\通用-执行场景单元\references\场景单元节奏与抓眼规则.md","5291","场景单元节奏与抓眼规则","ok","True","False","","False","","True","通用-执行场景单元","False","False"
"CommonSkills\通用-执行场景单元","场景单元施工卡模板.md","CommonSkills\通用-执行场景单元\references\场景单元施工卡模板.md","3301","场景单元施工卡模板","ok","True","False","","False","","True","通用-创建小说正文;通用-执行场景单元;通用-执行微空间受限场景","False","False"
"CommonSkills\通用-执行场景单元","场景单元验收清单.md","CommonSkills\通用-执行场景单元\references\场景单元验收清单.md","1617","场景单元验收清单","ok","True","False","","False","","True","通用-执行场景单元","False","False"
"CommonSkills\通用-执行场景单元","场景动作后果速配表.md","CommonSkills\通用-执行场景单元\references\场景动作后果速配表.md","1728","场景动作后果速配表","ok","True","False","","False","","True","通用-执行场景单元;通用-执行微空间受限场景","False","False"
"CommonSkills\通用-执行场景单元","场景动作失手升级清单.md","CommonSkills\通用-执行场景单元\references\场景动作失手升级清单.md","1556","场景动作失手升级清单","ok","True","False","","False","","True","通用-执行场景单元;通用-执行微空间受限场景","False","False"
"CommonSkills\通用-执行场景单元","场景去模板腔清单.md","CommonSkills\通用-执行场景单元\references\场景去模板腔清单.md","1310","场景去模板腔清单","ok","True","False","","False","","True","通用-执行场景单元;通用-执行微空间受限场景","False","False"
"CommonSkills\通用-执行场景单元","场景任务冲突与剪切推进卡.md","CommonSkills\通用-执行场景单元\references\场景任务冲突与剪切推进卡.md","4865","场景任务冲突与剪切推进卡","ok","True","False","","False","","True","通用-执行场景单元","False","False"
"CommonSkills\通用-执行场景单元","场景最小起伏公式.md","CommonSkills\通用-执行场景单元\references\场景最小起伏公式.md","2371","场景最小起伏公式","ok","True","False","","False","","True","通用-执行场景单元","False","False"
"CommonSkills\通用-执行场景单元","单场施工卡_承重beat与状态变化模板.md","CommonSkills\通用-执行场景单元\references\单场施工卡_承重beat与状态变化模板.md","3390","单场施工卡_承重beat与状态变化模板","ok","True","False","","False","","True","通用-执行场景单元","False","False"
"CommonSkills\通用-执行场景单元","对话场景子模板_声音差_潜台词_升级阶梯.md","CommonSkills\通用-执行场景单元\references\对话场景子模板_声音差_潜台词_升级阶梯.md","3207","对话场景子模板_声音差_潜台词_升级阶梯","ok","True","False","","False","","True","通用-执行场景单元","False","False"
"CommonSkills\通用-执行场景单元","故事流程速记-功解情与常境变.md","CommonSkills\通用-执行场景单元\references\故事流程速记-功解情与常境变.md","466","故事流程速记-功解情与常境变","dead","False","False","","False","","False","","False","False"
"CommonSkills\通用-执行场景单元","人物场景意外与抽象梯.md","CommonSkills\通用-执行场景单元\references\人物场景意外与抽象梯.md","4653","人物场景意外与抽象梯","ok","True","False","","False","","True","通用-执行场景单元","False","False"
"CommonSkills\通用-执行场景单元","日常裂缝启动与中段回报.md","CommonSkills\通用-执行场景单元\references\日常裂缝启动与中段回报.md","4338","日常裂缝启动与中段回报","ok","True","False","","False","","True","通用-生成章节控制卡;通用-执行场景单元","False","False"
"CommonSkills\通用-执行场景单元","腾讯专栏场景构筑七法与五感特色化增补.md","CommonSkills\通用-执行场景单元\references\腾讯专栏场景构筑七法与五感特色化增补.md","2804","腾讯专栏：场景构筑七法与五感特色化增补","ok","True","False","","False","","True","通用-执行场景单元","False","False"
"CommonSkills\通用-执行场景单元","腾讯专栏对比技巧增补.md","CommonSkills\通用-执行场景单元\references\腾讯专栏对比技巧增补.md","2676","腾讯专栏对比技巧增补（2026-05-04）","ok","True","False","","False","","True","通用-执行场景单元","False","False"
"CommonSkills\通用-执行场景单元","腾讯专栏环境描写主角关联与有效信息增补.md","CommonSkills\通用-执行场景单元\references\腾讯专栏环境描写主角关联与有效信息增补.md","1996","腾讯专栏：环境描写主角关联与有效信息增补","ok","True","False","","False","","True","通用-执行场景单元","False","False"
"CommonSkills\通用-执行场景单元","腾讯专栏期待感身份落差与不平衡循环机制增补.md","CommonSkills\通用-执行场景单元\references\腾讯专栏期待感身份落差与不平衡循环机制增补.md","3456","腾讯专栏：期待感身份落差与不平衡循环机制增补","ok","True","False","","False","","True","通用-执行场景单元","False","False"
"CommonSkills\通用-执行场景单元","腾讯专栏期待感与不平衡机制增补.md","CommonSkills\通用-执行场景单元\references\腾讯专栏期待感与不平衡机制增补.md","4014","腾讯专栏：期待感与不平衡机制增补","ok","True","False","","False","","True","通用-执行场景单元","False","False"
"CommonSkills\通用-执行场景单元","章节控制卡到场景责任映射表.md","CommonSkills\通用-执行场景单元\references\章节控制卡到场景责任映射表.md","4068","章节控制卡到场景责任映射表","ok","True","False","","False","","True","通用-执行场景单元","False","False"
"CommonSkills\通用-执行场景单元","知乎精华_文笔四维与交互框架.md","CommonSkills\通用-执行场景单元\references\知乎精华_文笔四维与交互框架.md","12482","知乎精华：文笔四维框架、环境交互与一笔多用","ok","True","False","","False","","True","通用-创建小说正文;通用-去AI味重写;通用-正文润色;通用-执行场景单元","False","False"
"CommonSkills\通用-执行场景单元","知乎精华_五感视角与节奏执行规则.md","CommonSkills\通用-执行场景单元\references\知乎精华_五感视角与节奏执行规则.md","9646","知乎精华：五感描写、视角分配与节奏执行规则","ok","True","False","","False","","True","通用-创建小说正文;通用-强化章节开头;通用-强化章末钩子;通用-执行场景单元","False","False"
"CommonSkills\通用-执行场景单元","职业爽点与信息差破局.md","CommonSkills\通用-执行场景单元\references\职业爽点与信息差破局.md","2112","职业爽点与信息差破局","ok","True","False","","False","","True","通用-执行场景单元","False","False"
"CommonSkills\通用-执行对话冲突","对话冲突结构与潜台词规则.md","CommonSkills\通用-执行对话冲突\references\对话冲突结构与潜台词规则.md","15759","对话冲突结构与潜台词规则","ok","True","False","","False","","True","通用-执行对话冲突","False","False"
"CommonSkills\通用-执行对话冲突","对话冲突失败信号.md","CommonSkills\通用-执行对话冲突\references\对话冲突失败信号.md","2503","对话冲突失败信号","ok","True","False","","False","","True","通用-执行对话冲突","False","False"
"CommonSkills\通用-执行对话冲突","对话功能_格式_情绪滤镜_场景类型补编.md","CommonSkills\通用-执行对话冲突\references\对话功能_格式_情绪滤镜_场景类型补编.md","4872","对话功能_格式_情绪滤镜_场景类型补编","ok","True","False","","False","","True","通用-执行对话冲突","False","False"
"CommonSkills\通用-执行对话冲突","对话真实感与声口分化校准卡.md","CommonSkills\通用-执行对话冲突\references\对话真实感与声口分化校准卡.md","6721","对话真实感与声口分化校准卡","ok","True","False","","False","","True","通用-执行对话冲突","False","False"
"CommonSkills\通用-执行对话冲突","高压对话中的秘密交换与关系翻面.md","CommonSkills\通用-执行对话冲突\references\高压对话中的秘密交换与关系翻面.md","2694","高压对话中的秘密交换与关系翻面","ok","True","False","","False","","True","通用-执行对话冲突","False","False"
"CommonSkills\通用-执行对话冲突","腾讯专栏心理描写不过载与动作化表达增补.md","CommonSkills\通用-执行对话冲突\references\腾讯专栏心理描写不过载与动作化表达增补.md","1944","腾讯专栏：心理描写不过载与动作化表达增补","ok","True","False","","False","","True","通用-执行对话冲突","False","False"
"CommonSkills\通用-执行对话冲突","制度语言窗口摩擦与反咬节拍.md","CommonSkills\通用-执行对话冲突\references\制度语言窗口摩擦与反咬节拍.md","1052","制度语言、窗口摩擦与反咬节拍","ok","True","False","","False","","True","通用-执行对话冲突","False","False"
"CommonSkills\通用-执行微空间受限场景","微反常升级梯子.md","CommonSkills\通用-执行微空间受限场景\references\微反常升级梯子.md","1846","微反常升级梯子","ok","True","False","","False","","True","通用-执行微空间受限场景","False","False"
"CommonSkills\通用-执行微空间受限场景","微空间场景模式.md","CommonSkills\通用-执行微空间受限场景\references\微空间场景模式.md","3255","微空间场景模式","ok","True","False","","False","","True","通用-执行微空间受限场景","False","False"
"CommonSkills\通用-执行微空间受限场景","微空间场景施工卡模板.md","CommonSkills\通用-执行微空间受限场景\references\微空间场景施工卡模板.md","1104","微空间场景施工卡模板（专项补充版）","ok","True","False","","False","","True","通用-执行微空间受限场景","False","False"
"CommonSkills\通用-执行微空间受限场景","微空间动作后果速配表.md","CommonSkills\通用-执行微空间受限场景\references\微空间动作后果速配表.md","1386","微空间动作后果速配表（专项补充版）","ok","True","False","","False","","True","通用-执行微空间受限场景","False","False"
"CommonSkills\通用-执行微空间受限场景","微空间动作失手升级清单.md","CommonSkills\通用-执行微空间受限场景\references\微空间动作失手升级清单.md","1037","微空间动作失手升级清单（专项补充版）","ok","True","False","","False","","True","通用-执行微空间受限场景","False","False"
"CommonSkills\通用-执行微空间受限场景","微空间去模板腔清单.md","CommonSkills\通用-执行微空间受限场景\references\微空间去模板腔清单.md","1272","微空间去模板腔清单（专项补充版）","ok","True","False","","False","","True","通用-执行微空间受限场景","False","False"
"CommonSkills\通用-执行微空间受限场景","微空间受限场景保真规则.md","CommonSkills\通用-执行微空间受限场景\references\微空间受限场景保真规则.md","3897","微空间受限场景保真规则","ok","True","False","","False","","True","通用-执行微空间受限场景","False","False"
"CommonSkills\通用-执行微空间受限场景","微空间执行检查表.md","CommonSkills\通用-执行微空间受限场景\references\微空间执行检查表.md","1711","微空间执行检查表","ok","True","False","","False","","True","通用-执行微空间受限场景","False","False"
"CommonSkills\通用-撰写内容简介","简介交易本质自检.md","CommonSkills\通用-撰写内容简介\references\简介交易本质自检.md","655","简介交易本质自检","ok","True","False","","False","","True","通用-撰写内容简介","False","False"
"CommonSkills\通用-撰写内容简介","简介落盘与版本管理.md","CommonSkills\通用-撰写内容简介\references\简介落盘与版本管理.md","2217","简介落盘与版本管理","ok","True","False","","False","","True","通用-撰写内容简介","False","False"
"CommonSkills\通用-撰写内容简介","简介切片原则.md","CommonSkills\通用-撰写内容简介\references\简介切片原则.md","2008","简介切片原则","ok","True","False","","False","","True","通用-撰写内容简介","False","False"
"CommonSkills\通用-撰写内容简介","简介三句法.md","CommonSkills\通用-撰写内容简介\references\简介三句法.md","886","简介三句法","ok","True","False","","False","","True","通用-撰写内容简介","False","False"
"CommonSkills\通用-撰写内容简介","内容简介结构模板与压缩规则.md","CommonSkills\通用-撰写内容简介\references\内容简介结构模板与压缩规则.md","3828","内容简介结构模板与压缩规则","ok","True","False","","False","","True","通用-撰写内容简介","False","False"
"CommonSkills\通用-撰写内容简介","平台简介差异提醒.md","CommonSkills\通用-撰写内容简介\references\平台简介差异提醒.md","1887","平台简介差异提醒","ok","True","False","","False","","True","通用-撰写内容简介","False","False"
"CommonSkills\通用-撰写内容简介","情境钩子与心理价值写法.md","CommonSkills\通用-撰写内容简介\references\情境钩子与心理价值写法.md","2810","情境钩子与心理价值写法","ok","True","False","","False","","True","通用-撰写内容简介","False","False"
"CommonSkills\通用-撰写内容简介","腾讯专栏简介多编辑规范增补.md","CommonSkills\通用-撰写内容简介\references\腾讯专栏简介多编辑规范增补.md","3775","腾讯专栏：简介多编辑规范增补","ok","True","False","","False","","True","通用-撰写内容简介","False","False"
"CommonSkills\通用-撰写内容简介","腾讯专栏简介取巧法与平台风格分类增补.md","CommonSkills\通用-撰写内容简介\references\腾讯专栏简介取巧法与平台风格分类增补.md","2003","腾讯专栏：简介取巧法与平台风格分类增补","ok","True","False","","False","","True","通用-撰写内容简介","False","False"
"CommonSkills\通用-撰写内容简介","腾讯专栏简介三要素与职业身份具体化增补.md","CommonSkills\通用-撰写内容简介\references\腾讯专栏简介三要素与职业身份具体化增补.md","3625","腾讯专栏：简介三要素与职业身份具体化增补","ok","True","False","","False","","True","通用-撰写内容简介","False","False"
"CommonSkills\通用-撰写内容简介","腾讯专栏简介首句与标签增补.md","CommonSkills\通用-撰写内容简介\references\腾讯专栏简介首句与标签增补.md","1685","腾讯专栏简介首句与标签增补（2026-05-03）","ok","True","False","","False","","True","通用-撰写内容简介","False","False"
"CommonSkills\通用-撰写内容简介","腾讯专栏简介五要五不要增补.md","CommonSkills\通用-撰写内容简介\references\腾讯专栏简介五要五不要增补.md","2741","腾讯专栏简介五要五不要增补","ok","True","False","","False","","True","通用-撰写内容简介","False","False"
"CommonSkills\通用-撰写内容简介","腾讯专栏简介圆桌多维增补.md","CommonSkills\通用-撰写内容简介\references\腾讯专栏简介圆桌多维增补.md","3307","腾讯专栏：简介圆桌多维规则增补","ok","True","False","","False","","True","通用-撰写内容简介","False","False"
"CommonSkills\通用-撰写内容简介","信息差与认知缺口.md","CommonSkills\通用-撰写内容简介\references\信息差与认知缺口.md","869","信息差与认知缺口","ok","True","False","","False","","True","通用-撰写内容简介","False","False"
"CommonSkills\通用-撰写内容简介","GEO简介优化规则.md","CommonSkills\通用-撰写内容简介\references\GEO简介优化规则.md","2725","内容简介的 GEO 优化规则","ok","True","False","","False","","True","通用-撰写内容简介","False","False"
"CommonSkills\通用-撰写书评","按平台拆分的推荐型书评模板组.md","CommonSkills\通用-撰写书评\references\按平台拆分的推荐型书评模板组.md","1413","按平台拆分的推荐型书评模板组","ok","True","False","","False","","True","通用-撰写书评","False","False"
"CommonSkills\通用-撰写书评","非剧透种草句与短评写法.md","CommonSkills\通用-撰写书评\references\非剧透种草句与短评写法.md","2813","非剧透种草句与短评写法","ok","True","False","","False","","True","通用-撰写书评","False","False"
"CommonSkills\通用-撰写书评","平台与角度适配矩阵.md","CommonSkills\通用-撰写书评\references\平台与角度适配矩阵.md","7799","平台与角度适配矩阵","ok","True","False","","False","","True","通用-撰写书评","False","False"
"CommonSkills\通用-撰写书评","普通读者推荐型书评框架与种草切口.md","CommonSkills\通用-撰写书评\references\普通读者推荐型书评框架与种草切口.md","1526","普通读者推荐型书评框架与种草切口","ok","True","False","","False","","True","通用-撰写书评","False","False"
"CommonSkills\通用-撰写书评","书评类型结构与通用硬规则.md","CommonSkills\通用-撰写书评\references\书评类型结构与通用硬规则.md","6856","书评类型结构与通用硬规则","ok","True","False","","False","","True","通用-撰写书评","False","False"
"CommonSkills\通用-撰写书评","书评落盘与交付约束.md","CommonSkills\通用-撰写书评\references\书评落盘与交付约束.md","3024","书评落盘与交付约束","ok","True","False","","False","","True","通用-撰写书评","False","False"
"CommonSkills\通用-撰写书评","GEO书评优化规则.md","CommonSkills\通用-撰写书评\references\GEO书评优化规则.md","3930","书评的 GEO 优化规则","ok","True","False","","False","","True","通用-撰写书评","False","False"
"CommonSkills\通用-组包投稿材料","起点内投材料四件套与裁判标准.md","CommonSkills\通用-组包投稿材料\references\起点内投材料四件套与裁判标准.md","20214","起点内投材料四件套与裁判标准","ok","True","False","","False","","True","通用-组包投稿材料","False","False"
"CommonSkills\通用-组包投稿材料","审核信号吸收与组包质量闸门.md","CommonSkills\通用-组包投稿材料\references\审核信号吸收与组包质量闸门.md","9114","审核信号吸收与组包质量闸门","ok","True","False","","False","","True","通用-组包投稿材料","False","False"
"CommonSkills\通用-组包投稿材料","腾讯专栏投稿格式与审稿流程增补.md","CommonSkills\通用-组包投稿材料\references\腾讯专栏投稿格式与审稿流程增补.md","3810","腾讯专栏：投稿格式与编辑审稿三环节增补","ok","True","False","","False","","True","通用-组包投稿材料","False","False"
"CommonSkills\通用-组包投稿材料","腾讯专栏邮件投稿圆桌规范增补.md","CommonSkills\通用-组包投稿材料\references\腾讯专栏邮件投稿圆桌规范增补.md","2634","腾讯专栏邮件投稿圆桌规范增补","ok","True","False","","False","","True","通用-组包投稿材料","False","False"
"CommonSkills\通用-组包投稿材料","投稿材料包清单与排序.md","CommonSkills\通用-组包投稿材料\references\投稿材料包清单与排序.md","2752","投稿材料包清单与排序","ok","True","False","","False","","True","通用-组包投稿材料","False","False"
"CommonSkills\通用-组包投稿材料","投稿材料常见失分点.md","CommonSkills\通用-组包投稿材料\references\投稿材料常见失分点.md","2482","投稿材料常见失分点","ok","True","False","","False","","True","通用-组包投稿材料","False","False"
"CommonSkills\通用-组包投稿材料","投稿材料落盘与回执规则.md","CommonSkills\通用-组包投稿材料\references\投稿材料落盘与回执规则.md","4299","投稿材料落盘与回执规则","ok","True","False","","False","","True","通用-组包投稿材料","False","False"
"CommonSkills\通用-组包投稿材料","组包自检模板与风险矩阵模板.md","CommonSkills\通用-组包投稿材料\references\组包自检模板与风险矩阵模板.md","4772","组包自检模板与风险矩阵模板","ok","True","False","","False","","True","通用-组包投稿材料","False","False"
"都市职场\skills\都市职场-创建小说正文","控制卡落正文与镜头化桥接.md","都市职场\skills\都市职场-创建小说正文\references\控制卡落正文与镜头化桥接.md","1011","控制卡落正文与镜头化桥接","ok","True","False","","False","","False","","False","True"
"都市职场\skills\都市职场-创建小说正文","题材正文创作补充规则.md","都市职场\skills\都市职场-创建小说正文\references\题材正文创作补充规则.md","7337","题材正文创作补充规则（都市职场）","ok","True","False","","False","","False","","False","True"
"都市职场\skills\都市职场-大纲审阅优化闭环","题材大纲闭环补充规则.md","都市职场\skills\都市职场-大纲审阅优化闭环\references\题材大纲闭环补充规则.md","2715","题材大纲闭环补充规则（都市职场）","ok","True","False","","False","","False","","False","True"
"都市职场\skills\都市职场-大纲审阅优化闭环","总纲分卷审改轮次与回写策略.md","都市职场\skills\都市职场-大纲审阅优化闭环\references\总纲分卷审改轮次与回写策略.md","979","总纲 / 分卷审改轮次与回写策略","ok","True","False","","False","","False","","False","True"
"都市职场\skills\都市职场-多平台输出编排","题材多平台输出保真规则.md","都市职场\skills\都市职场-多平台输出编排\references\题材多平台输出保真规则.md","1473","题材多平台输出保真规则（都市职场）","ok","True","False","","False","","False","","False","True"
"都市职场\skills\都市职场-多平台输出编排","README.md","都市职场\skills\都市职场-多平台输出编排\references\README.md","225","都市职场多平台输出 references","orphan","False","False","","False","","True","通用-平台签约评估框架;通用-设计总大纲;通用-组包投稿材料","False","True"
"都市职场\skills\都市职场-多平台小说适配","都市职场平台适配优先级矩阵.md","都市职场\skills\都市职场-多平台小说适配\references\都市职场平台适配优先级矩阵.md","782","都市职场平台适配优先级矩阵","ok","True","False","","False","","False","","False","True"
"都市职场\skills\都市职场-分析竞对作品","都市职场竞对分析补充维度.md","都市职场\skills\都市职场-分析竞对作品\references\都市职场竞对分析补充维度.md","4611","都市职场竞对分析补充维度","ok","True","False","","False","","False","","False","True"
"都市职场\skills\都市职场-管理连续性冷热线","题材连续性补充规则.md","都市职场\skills\都市职场-管理连续性冷热线\references\题材连续性补充规则.md","3433","题材连续性补充规则","ok","True","False","","False","","False","","False","True"
"都市职场\skills\都市职场-平台签约评估框架","起点都市职场审核锚点与红线.md","都市职场\skills\都市职场-平台签约评估框架\references\起点都市职场审核锚点与红线.md","3317","起点都市职场审核锚点与红线","ok","True","False","","False","","False","","False","True"
"都市职场\skills\都市职场-平台签约评估框架","起点签约概率评估报告模板.md","都市职场\skills\都市职场-平台签约评估框架\references\起点签约概率评估报告模板.md","1849","起点签约概率评估报告模板补充（都市职场）","ok","True","False","","False","","False","","False","True"
"都市职场\skills\都市职场-平台签约评估框架","起点签约概率评估检查清单.md","都市职场\skills\都市职场-平台签约评估框架\references\起点签约概率评估检查清单.md","17042","起点签约概率评估检查清单（都市职场｜严格版）","ok","True","False","","False","","False","","False","True"
"都市职场\skills\都市职场-去AI味重写","都市冷压迫来源保护清单.md","都市职场\skills\都市职场-去AI味重写\references\都市冷压迫来源保护清单.md","767","都市冷压迫来源保护清单","ok","True","False","","False","","False","","False","True"
"都市职场\skills\都市职场-去AI味重写","去AI味执行清单.md","都市职场\skills\都市职场-去AI味重写\references\去AI味执行清单.md","3654","去AI味执行清单","ok","True","False","","False","","True","通用-去AI味重写","False","True"
"都市职场\skills\都市职场-去AI味重写","三级改造与工具包.md","都市职场\skills\都市职场-去AI味重写\references\三级改造与工具包.md","2068","三级改造与工具包","ok","True","False","","False","","True","通用-去AI味重写","False","True"
"都市职场\skills\都市职场-去AI味重写","实战自检与陷阱.md","都市职场\skills\都市职场-去AI味重写\references\实战自检与陷阱.md","1253","实战自检与陷阱","ok","True","False","","False","","False","","False","True"
"都市职场\skills\都市职场-去AI味重写","数值双轨与视角保护.md","都市职场\skills\都市职场-去AI味重写\references\数值双轨与视角保护.md","752","数值双轨与视角保护","ok","True","False","","False","","False","","False","True"
"都市职场\skills\都市职场-去AI味重写","通用风格与排版补充.md","都市职场\skills\都市职场-去AI味重写\references\通用风格与排版补充.md","5205","通用风格与排版补充","ok","True","False","","False","","False","","False","True"
"都市职场\skills\都市职场-去AI味重写","与控制卡_正文润色_审阅章节正文的桥接规则.md","都市职场\skills\都市职场-去AI味重写\references\与控制卡_正文润色_审阅章节正文的桥接规则.md","994","与控制卡 / 正文润色 / 审阅章节正文的桥接规则","ok","True","False","","False","","False","","False","True"
"都市职场\skills\都市职场-去AI味重写","AI味识别雷达.md","都市职场\skills\都市职场-去AI味重写\references\AI味识别雷达.md","1863","AI味识别雷达","ok","True","False","","False","","True","通用-去AI味重写","False","True"
"都市职场\skills\都市职场-去AI味重写","AI味识别与改写工具包.md","都市职场\skills\都市职场-去AI味重写\references\AI味识别与改写工具包.md","1599","AI味识别与改写工具包","ok","True","False","","False","","False","","False","True"
"都市职场\skills\都市职场-润色作者有话说","题材作者有话说补充规则.md","都市职场\skills\都市职场-润色作者有话说\references\题材作者有话说补充规则.md","1155","题材作者有话说补充规则","ok","True","False","","False","","False","","False","True"
"都市职场\skills\都市职场-润色作者有话说","作者有话说与读者侧产物协同.md","都市职场\skills\都市职场-润色作者有话说\references\作者有话说与读者侧产物协同.md","672","作者有话说与读者侧产物协同","ok","True","False","","False","","False","","False","True"
"都市职场\skills\都市职场-设计标题","各平台题材化书名补丁.md","都市职场\skills\都市职场-设计标题\references\各平台题材化书名补丁.md","1368","各平台题材化书名补丁（都市职场）","ok","True","False","","False","","False","","False","True"
"都市职场\skills\都市职场-设计标题","题材书名补充规则.md","都市职场\skills\都市职场-设计标题\references\题材书名补充规则.md","1561","题材书名补充规则（都市职场）","ok","True","False","","False","","False","","False","True"
"都市职场\skills\都市职场-设计分卷大纲","分部模板.md","都市职场\skills\都市职场-设计分卷大纲\references\分部模板.md","586","分部模板补充（都市职场）","ok","True","False","","False","","True","通用-设计分卷大纲","False","True"
"都市职场\skills\都市职场-设计分卷大纲","分部与分卷专属设计规则.md","都市职场\skills\都市职场-设计分卷大纲\references\分部与分卷专属设计规则.md","17914","分部与分卷专属设计规则","ok","True","False","","False","","False","","False","True"
"都市职场\skills\都市职场-设计分卷大纲","分卷模板与章节工件.md","都市职场\skills\都市职场-设计分卷大纲\references\分卷模板与章节工件.md","687","分卷模板与章节工件补充（都市职场）","ok","True","False","","False","","True","通用-设计分卷大纲","False","True"
"都市职场\skills\都市职场-设计分卷大纲","故事面供血分卷落地与首卷抓手.md","都市职场\skills\都市职场-设计分卷大纲\references\故事面供血分卷落地与首卷抓手.md","829","故事面供血、分卷落地与首卷抓手","ok","True","False","","False","","False","","False","True"
"都市职场\skills\都市职场-设计故事面","都市议题与职业处境耦合清单.md","都市职场\skills\都市职场-设计故事面\references\都市议题与职业处境耦合清单.md","1180","都市议题与职业处境耦合清单","ok","True","False","","False","","False","","False","True"
"都市职场\skills\都市职场-设计故事设定","创新性要素库.md","都市职场\skills\都市职场-设计故事设定\references\创新性要素库.md","2102","创新性要素库","ok","True","False","","False","","False","","False","True"
"都市职场\skills\都市职场-设计故事设定","都市职场程序证据载体与权限校验补丁.md","都市职场\skills\都市职场-设计故事设定\references\都市职场程序证据载体与权限校验补丁.md","2890","都市职场程序证据载体与权限校验补丁","ok","True","False","","False","","False","","False","True"
"都市职场\skills\都市职场-设计故事设定","示例格式与验证流程.md","都市职场\skills\都市职场-设计故事设定\references\示例格式与验证流程.md","728","示例格式与验证流程","ok","True","False","","False","","True","通用-设计故事设定","False","True"
"都市职场\skills\都市职场-设计人物传记","创新人物设计与心理弧线规范.md","都市职场\skills\都市职场-设计人物传记\references\创新人物设计与心理弧线规范.md","4569","创新人物设计与心理弧线规范","ok","True","False","","False","","False","","False","False"
"都市职场\skills\都市职场-设计人物传记","创新性人物设计要点.md","都市职场\skills\都市职场-设计人物传记\references\创新性人物设计要点.md","1175","创新性人物设计要点","ok","True","False","","False","","False","","False","False"
"都市职场\skills\都市职场-设计人物传记","内容一致性与风险校验.md","都市职场\skills\都市职场-设计人物传记\references\内容一致性与风险校验.md","817","内容一致性与风险校验","ok","True","False","","False","","False","","False","False"
"都市职场\skills\都市职场-设计人物传记","人物传记模板与写作抓手.md","都市职场\skills\都市职场-设计人物传记\references\人物传记模板与写作抓手.md","585","人物传记模板与写作抓手补充（都市职场）","ok","True","False","","False","","False","","False","False"
"都市职场\skills\都市职场-设计人物传记","三级大纲索引模板.md","都市职场\skills\都市职场-设计人物传记\references\三级大纲索引模板.md","656","三级大纲索引模板补充（都市职场）","ok","True","False","","False","","False","","False","False"
"都市职场\skills\都市职场-设计人物传记","三级大纲索引示例.md","都市职场\skills\都市职场-设计人物传记\references\三级大纲索引示例.md","1237","三级大纲索引示例","ok","True","False","","False","","False","","False","False"
"都市职场\skills\都市职场-设计人物传记","心理弧线与索引规则.md","都市职场\skills\都市职场-设计人物传记\references\心理弧线与索引规则.md","1776","心理弧线与索引规则","ok","True","False","","False","","True","通用-设计人物传记","False","False"
"都市职场\skills\都市职场-设计人物传记","质量控制与验证流程.md","都市职场\skills\都市职场-设计人物传记\references\质量控制与验证流程.md","772","质量控制与验证流程","ok","True","False","","False","","True","通用-设计人物传记","False","False"
"都市职场\skills\都市职场-设计事件案件引擎","都市现实摩擦与单元事件供血规则.md","都市职场\skills\都市职场-设计事件案件引擎\references\都市现实摩擦与单元事件供血规则.md","1849","都市现实摩擦与单元事件供血规则","ok","True","False","","False","","False","","False","True"
"都市职场\skills\都市职场-设计事件案件引擎","README.md","都市职场\skills\都市职场-设计事件案件引擎\references\README.md","224","题材 references 占位","ok","True","False","","False","","True","通用-平台签约评估框架;通用-设计总大纲;通用-组包投稿材料","False","True"
"都市职场\skills\都市职场-设计题材定位框架","都市职场定位与项目裁判源.md","都市职场\skills\都市职场-设计题材定位框架\references\都市职场定位与项目裁判源.md","1817","都市职场定位与项目裁判源","ok","True","False","","False","","False","","False","True"
"都市职场\skills\都市职场-设计题材定位框架","题材边界与入口说明.md","都市职场\skills\都市职场-设计题材定位框架\references\题材边界与入口说明.md","673","题材边界与入口说明（都市职场）","ok","True","False","","False","","False","","False","True"
"都市职场\skills\都市职场-设计线索伏笔与回收台账","README.md","都市职场\skills\都市职场-设计线索伏笔与回收台账\references\README.md","2166","都市职场线索伏笔与回收台账补充规则","ok","True","False","","False","","True","通用-平台签约评估框架;通用-设计总大纲;通用-组包投稿材料","False","True"
"都市职场\skills\都市职场-设计总大纲","故事面联动首卷承诺与平台闭环.md","都市职场\skills\都市职场-设计总大纲\references\故事面联动首卷承诺与平台闭环.md","1326","故事面联动、首卷承诺与平台闭环","ok","True","False","","False","","False","","False","True"
"都市职场\skills\都市职场-设计总大纲","总纲模板与验收.md","都市职场\skills\都市职场-设计总大纲\references\总纲模板与验收.md","1041","总纲模板与验收补充（都市职场）","ok","True","False","","False","","True","通用-设计总大纲","False","True"
"都市职场\skills\都市职场-设计总大纲","总纲专属设计规则.md","都市职场\skills\都市职场-设计总大纲\references\总纲专属设计规则.md","12105","总纲专属设计规则","ok","True","False","","False","","False","","False","True"
"都市职场\skills\都市职场-审阅分卷大纲","分部与分卷审阅报告增补.md","都市职场\skills\都市职场-审阅分卷大纲\references\分部与分卷审阅报告增补.md","5089","分部与分卷审阅报告增补","ok","True","False","","False","","True","通用-审阅分卷大纲","False","False"
"都市职场\skills\都市职场-审阅分卷大纲","分部与分卷审阅专属检查清单.md","都市职场\skills\都市职场-审阅分卷大纲\references\分部与分卷审阅专属检查清单.md","8617","分部与分卷审阅专属检查清单","ok","True","False","","False","","True","通用-审阅分卷大纲","False","False"
"都市职场\skills\都市职场-审阅分卷大纲","首卷留存章中回报与平台节奏诊断.md","都市职场\skills\都市职场-审阅分卷大纲\references\首卷留存章中回报与平台节奏诊断.md","831","首卷留存、章中回报与平台节奏诊断","ok","True","False","","False","","False","","False","False"
"都市职场\skills\都市职场-审阅分卷大纲","题材分卷审阅模板补充.md","都市职场\skills\都市职场-审阅分卷大纲\references\题材分卷审阅模板补充.md","5601","题材分卷审阅模板补充（都市职场）","ok","True","False","","False","","False","","False","False"
"都市职场\skills\都市职场-审阅故事设定","题材技术审阅模板补充.md","都市职场\skills\都市职场-审阅故事设定\references\题材技术审阅模板补充.md","9838","题材技术审阅模板补充（都市职场）","ok","True","False","","False","","False","","False","True"
"都市职场\skills\都市职场-审阅人物传记","人物传记审阅报告增补.md","都市职场\skills\都市职场-审阅人物传记\references\人物传记审阅报告增补.md","1255","人物传记审阅报告增补（都市职场）","ok","True","False","","False","","True","通用-审阅人物传记","False","True"
"都市职场\skills\都市职场-审阅人物传记","人物传记审阅检查清单.md","都市职场\skills\都市职场-审阅人物传记\references\人物传记审阅检查清单.md","3212","人物传记审阅检查清单（都市职场补充）","ok","True","False","","False","","True","通用-审阅人物传记","False","True"
"都市职场\skills\都市职场-审阅人物传记","审阅维度说明.md","都市职场\skills\都市职场-审阅人物传记\references\审阅维度说明.md","2098","审阅维度说明（都市职场）","ok","True","False","","False","","True","通用-审阅故事设定;通用-审阅人物传记","False","True"
"都市职场\skills\都市职场-审阅人物传记","题材人物审阅模板补充.md","都市职场\skills\都市职场-审阅人物传记\references\题材人物审阅模板补充.md","8457","题材人物审阅模板补充（都市职场）","ok","True","False","","False","","False","","False","True"
"都市职场\skills\都市职场-审阅章节正文","都市现实针脚与回炉优先级.md","都市职场\skills\都市职场-审阅章节正文\references\都市现实针脚与回炉优先级.md","591","都市现实针脚与回炉优先级","ok","True","False","","False","","False","","False","False"
"都市职场\skills\都市职场-审阅章节正文","控制卡_正文_审阅_回炉桥.md","都市职场\skills\都市职场-审阅章节正文\references\控制卡_正文_审阅_回炉桥.md","774","控制卡 → 正文 → 审阅 → 回炉桥","ok","True","False","","False","","False","","False","False"
"都市职场\skills\都市职场-审阅章节正文","题材章节正文审阅模板补充.md","都市职场\skills\都市职场-审阅章节正文\references\题材章节正文审阅模板补充.md","5998","题材章节正文审阅模板补充（都市职场）","ok","True","False","","False","","False","","False","False"
"都市职场\skills\都市职场-审阅章节正文","章节审阅核心点.md","都市职场\skills\都市职场-审阅章节正文\references\章节审阅核心点.md","792","章节审阅核心点","ok","True","False","","False","","False","","False","False"
"都市职场\skills\都市职场-审阅章节正文","章节正文审阅报告增补.md","都市职场\skills\都市职场-审阅章节正文\references\章节正文审阅报告增补.md","959","章节正文审阅报告增补","ok","True","False","","False","","False","","False","False"
"都市职场\skills\都市职场-审阅章节正文","章节正文审阅检查清单.md","都市职场\skills\都市职场-审阅章节正文\references\章节正文审阅检查清单.md","1314","章节正文审阅检查清单","ok","True","False","","False","","True","通用-审阅章节正文","False","False"
"都市职场\skills\都市职场-审阅总大纲","题材总纲审阅模板补充.md","都市职场\skills\都市职场-审阅总大纲\references\题材总纲审阅模板补充.md","5776","题材总纲审阅模板补充（都市职场）","ok","True","False","","False","","False","","False","False"
"都市职场\skills\都市职场-审阅总大纲","总纲断供诊断与回写补丁.md","都市职场\skills\都市职场-审阅总大纲\references\总纲断供诊断与回写补丁.md","780","总纲断供诊断与回写补丁","ok","True","False","","False","","False","","False","False"
"都市职场\skills\都市职场-审阅总大纲","总纲审阅报告增补.md","都市职场\skills\都市职场-审阅总大纲\references\总纲审阅报告增补.md","4679","总纲审阅报告增补","ok","True","False","","False","","True","通用-审阅总大纲","False","False"
"都市职场\skills\都市职场-审阅总大纲","总纲审阅专属检查清单.md","都市职场\skills\都市职场-审阅总大纲\references\总纲审阅专属检查清单.md","8110","总纲审阅专属检查清单","ok","True","False","","False","","True","通用-审阅总大纲","False","False"
"都市职场\skills\都市职场-生成章节控制卡","卷首_中段_卷尾分型模板卡.md","都市职场\skills\都市职场-生成章节控制卡\references\卷首_中段_卷尾分型模板卡.md","530","分型模板卡补充（都市职场）","ok","True","False","","False","","False","","False","True"
"都市职场\skills\都市职场-生成章节控制卡","可直接复制填写的都市职场控制卡模板.md","都市职场\skills\都市职场-生成章节控制卡\references\可直接复制填写的都市职场控制卡模板.md","745","控制卡补充模板（都市职场）","ok","True","False","","False","","False","","False","True"
"都市职场\skills\都市职场-生成章节控制卡","控制卡标题段落与作者有话说策略.md","都市职场\skills\都市职场-生成章节控制卡\references\控制卡标题段落与作者有话说策略.md","963","控制卡标题、段落与作者有话说策略","ok","True","False","","False","","False","","False","True"
"都市职场\skills\都市职场-生成章节控制卡","题材控制卡补充规则.md","都市职场\skills\都市职场-生成章节控制卡\references\题材控制卡补充规则.md","941","题材控制卡补充规则","ok","True","False","","False","","False","","False","True"
"都市职场\skills\都市职场-输出出版社版","分节级补救映射与详细规则回填.md","都市职场\skills\都市职场-输出出版社版\references\分节级补救映射与详细规则回填.md","2137","都市职场-输出出版社版｜分节级补救映射与详细规则回填","ok","True","False","","False","","True","通用-输出百度百家号版;通用-输出出版社版;通用-输出豆瓣版;通用-输出番茄版;通用-输出今日头条版;通用-输出七猫版;通用-输出起点中文网版;通用-输出微信订阅号版;通用-输出小红书版;通用-输出新浪微博版;通用-输出知乎版;通用-输出纵横小说版;通用-输出B站版;通用-输出GoodNovel版;通用-输出My Fiction版;通用-输出WebNovel版","False","True"
"都市职场\skills\都市职场-输出出版社版","平台研究补充.md","都市职场\skills\都市职场-输出出版社版\references\平台研究补充.md","2059","平台研究补充","ok","True","False","","False","","False","","False","True"
"都市职场\skills\都市职场-输出出版社版","题材边界与来源.md","都市职场\skills\都市职场-输出出版社版\references\题材边界与来源.md","969","都市职场-输出出版社版｜题材边界与来源","ok","True","False","","False","","False","","False","True"
"都市职场\skills\都市职场-输出出版社版","执行细则与题材补丁.md","都市职场\skills\都市职场-输出出版社版\references\执行细则与题材补丁.md","4171","都市职场-输出出版社版｜执行细则与题材补丁","ok","True","False","","False","","False","","False","True"
"都市职场\skills\都市职场-输出豆瓣版","分节级补救映射与详细规则回填.md","都市职场\skills\都市职场-输出豆瓣版\references\分节级补救映射与详细规则回填.md","2180","都市职场-输出豆瓣版｜分节级补救映射与详细规则回填","ok","True","False","","False","","True","通用-输出百度百家号版;通用-输出出版社版;通用-输出豆瓣版;通用-输出番茄版;通用-输出今日头条版;通用-输出七猫版;通用-输出起点中文网版;通用-输出微信订阅号版;通用-输出小红书版;通用-输出新浪微博版;通用-输出知乎版;通用-输出纵横小说版;通用-输出B站版;通用-输出GoodNovel版;通用-输出My Fiction版;通用-输出WebNovel版","False","True"
"都市职场\skills\都市职场-输出豆瓣版","平台研究补充.md","都市职场\skills\都市职场-输出豆瓣版\references\平台研究补充.md","2084","平台研究补充","ok","True","False","","False","","False","","False","True"
"都市职场\skills\都市职场-输出豆瓣版","题材边界与来源.md","都市职场\skills\都市职场-输出豆瓣版\references\题材边界与来源.md","966","都市职场-输出豆瓣版｜题材边界与来源","ok","True","False","","False","","False","","False","True"
"都市职场\skills\都市职场-输出豆瓣版","执行细则与题材补丁.md","都市职场\skills\都市职场-输出豆瓣版\references\执行细则与题材补丁.md","4065","都市职场-输出豆瓣版｜执行细则与题材补丁","ok","True","False","","False","","False","","False","True"
"都市职场\skills\都市职场-输出番茄版","分节级补救映射与详细规则回填.md","都市职场\skills\都市职场-输出番茄版\references\分节级补救映射与详细规则回填.md","2460","都市职场-输出番茄版｜分节级补救映射与详细规则回填","ok","True","False","","False","","True","通用-输出百度百家号版;通用-输出出版社版;通用-输出豆瓣版;通用-输出番茄版;通用-输出今日头条版;通用-输出七猫版;通用-输出起点中文网版;通用-输出微信订阅号版;通用-输出小红书版;通用-输出新浪微博版;通用-输出知乎版;通用-输出纵横小说版;通用-输出B站版;通用-输出GoodNovel版;通用-输出My Fiction版;通用-输出WebNovel版","False","True"
"都市职场\skills\都市职场-输出番茄版","平台研究补充.md","都市职场\skills\都市职场-输出番茄版\references\平台研究补充.md","2789","平台研究补充","ok","True","False","","False","","False","","False","True"
"都市职场\skills\都市职场-输出番茄版","题材边界与来源.md","都市职场\skills\都市职场-输出番茄版\references\题材边界与来源.md","1002","都市职场-输出番茄版｜题材边界与来源","ok","True","False","","False","","False","","False","True"
"都市职场\skills\都市职场-输出番茄版","执行细则与题材补丁.md","都市职场\skills\都市职场-输出番茄版\references\执行细则与题材补丁.md","15295","都市职场-输出番茄版｜执行细则与题材补丁","ok","True","False","","False","","False","","False","True"
"都市职场\skills\都市职场-输出微信订阅号版","分节级补救映射与详细规则回填.md","都市职场\skills\都市职场-输出微信订阅号版\references\分节级补救映射与详细规则回填.md","2218","都市职场-输出微信订阅号版｜分节级补救映射与详细规则回填","ok","True","False","","False","","True","通用-输出百度百家号版;通用-输出出版社版;通用-输出豆瓣版;通用-输出番茄版;通用-输出今日头条版;通用-输出七猫版;通用-输出起点中文网版;通用-输出微信订阅号版;通用-输出小红书版;通用-输出新浪微博版;通用-输出知乎版;通用-输出纵横小说版;通用-输出B站版;通用-输出GoodNovel版;通用-输出My Fiction版;通用-输出WebNovel版","False","True"
"都市职场\skills\都市职场-输出微信订阅号版","平台研究补充.md","都市职场\skills\都市职场-输出微信订阅号版\references\平台研究补充.md","2014","平台研究补充","ok","True","False","","False","","False","","False","True"
"都市职场\skills\都市职场-输出微信订阅号版","题材边界与来源.md","都市职场\skills\都市职场-输出微信订阅号版\references\题材边界与来源.md","963","都市职场-输出微信订阅号版｜题材边界与来源","ok","True","False","","False","","False","","False","True"
"都市职场\skills\都市职场-输出微信订阅号版","执行细则与题材补丁.md","都市职场\skills\都市职场-输出微信订阅号版\references\执行细则与题材补丁.md","3637","都市职场-输出微信订阅号版｜执行细则与题材补丁","ok","True","False","","False","","False","","False","True"
"都市职场\skills\都市职场-输出知乎版","分节级补救映射与详细规则回填.md","都市职场\skills\都市职场-输出知乎版\references\分节级补救映射与详细规则回填.md","2282","都市职场-输出知乎版｜分节级补救映射与详细规则回填","ok","True","False","","False","","True","通用-输出百度百家号版;通用-输出出版社版;通用-输出豆瓣版;通用-输出番茄版;通用-输出今日头条版;通用-输出七猫版;通用-输出起点中文网版;通用-输出微信订阅号版;通用-输出小红书版;通用-输出新浪微博版;通用-输出知乎版;通用-输出纵横小说版;通用-输出B站版;通用-输出GoodNovel版;通用-输出My Fiction版;通用-输出WebNovel版","False","True"
"都市职场\skills\都市职场-输出知乎版","平台研究补充.md","都市职场\skills\都市职场-输出知乎版\references\平台研究补充.md","2140","平台研究补充","ok","True","False","","False","","False","","False","True"
"都市职场\skills\都市职场-输出知乎版","题材边界与来源.md","都市职场\skills\都市职场-输出知乎版\references\题材边界与来源.md","1005","都市职场-输出知乎版｜题材边界与来源","ok","True","False","","False","","False","","False","True"
"都市职场\skills\都市职场-输出知乎版","执行细则与题材补丁.md","都市职场\skills\都市职场-输出知乎版\references\执行细则与题材补丁.md","5964","都市职场-输出知乎版｜执行细则与题材补丁","ok","True","False","","False","","False","","False","True"
"都市职场\skills\都市职场-输出GoodNovel版","分节级补救映射与详细规则回填.md","都市职场\skills\都市职场-输出GoodNovel版\references\分节级补救映射与详细规则回填.md","2271","都市职场-输出GoodNovel版｜分节级补救映射与详细规则回填","ok","True","False","","False","","True","通用-输出百度百家号版;通用-输出出版社版;通用-输出豆瓣版;通用-输出番茄版;通用-输出今日头条版;通用-输出七猫版;通用-输出起点中文网版;通用-输出微信订阅号版;通用-输出小红书版;通用-输出新浪微博版;通用-输出知乎版;通用-输出纵横小说版;通用-输出B站版;通用-输出GoodNovel版;通用-输出My Fiction版;通用-输出WebNovel版","False","True"
"都市职场\skills\都市职场-输出GoodNovel版","平台研究补充.md","都市职场\skills\都市职场-输出GoodNovel版\references\平台研究补充.md","1805","平台研究补充","ok","True","False","","False","","False","","False","True"
"都市职场\skills\都市职场-输出GoodNovel版","题材边界与来源.md","都市职场\skills\都市职场-输出GoodNovel版\references\题材边界与来源.md","1009","都市职场-输出GoodNovel版｜题材边界与来源","ok","True","False","","False","","False","","False","True"
"都市职场\skills\都市职场-输出GoodNovel版","执行细则与题材补丁.md","都市职场\skills\都市职场-输出GoodNovel版\references\执行细则与题材补丁.md","4266","都市职场-输出GoodNovel版｜执行细则与题材补丁","ok","True","False","","False","","False","","False","True"
"都市职场\skills\都市职场-输出My Fiction版","分节级补救映射与详细规则回填.md","都市职场\skills\都市职场-输出My Fiction版\references\分节级补救映射与详细规则回填.md","2139","都市职场-输出My Fiction版｜分节级补救映射与详细规则回填","ok","True","False","","False","","True","通用-输出百度百家号版;通用-输出出版社版;通用-输出豆瓣版;通用-输出番茄版;通用-输出今日头条版;通用-输出七猫版;通用-输出起点中文网版;通用-输出微信订阅号版;通用-输出小红书版;通用-输出新浪微博版;通用-输出知乎版;通用-输出纵横小说版;通用-输出B站版;通用-输出GoodNovel版;通用-输出My Fiction版;通用-输出WebNovel版","False","True"
"都市职场\skills\都市职场-输出My Fiction版","平台研究补充.md","都市职场\skills\都市职场-输出My Fiction版\references\平台研究补充.md","1874","平台研究补充","ok","True","False","","False","","False","","False","True"
"都市职场\skills\都市职场-输出My Fiction版","题材边界与来源.md","都市职场\skills\都市职场-输出My Fiction版\references\题材边界与来源.md","1028","都市职场-输出My Fiction版｜题材边界与来源","ok","True","False","","False","","False","","False","True"
"都市职场\skills\都市职场-输出My Fiction版","执行细则与题材补丁.md","都市职场\skills\都市职场-输出My Fiction版\references\执行细则与题材补丁.md","3145","都市职场-输出My Fiction版｜执行细则与题材补丁","ok","True","False","","False","","False","","False","True"
"都市职场\skills\都市职场-输出WebNovel版","分节级补救映射与详细规则回填.md","都市职场\skills\都市职场-输出WebNovel版\references\分节级补救映射与详细规则回填.md","2222","都市职场-输出WebNovel版｜分节级补救映射与详细规则回填","ok","True","False","","False","","True","通用-输出百度百家号版;通用-输出出版社版;通用-输出豆瓣版;通用-输出番茄版;通用-输出今日头条版;通用-输出七猫版;通用-输出起点中文网版;通用-输出微信订阅号版;通用-输出小红书版;通用-输出新浪微博版;通用-输出知乎版;通用-输出纵横小说版;通用-输出B站版;通用-输出GoodNovel版;通用-输出My Fiction版;通用-输出WebNovel版","False","True"
"都市职场\skills\都市职场-输出WebNovel版","平台研究补充.md","都市职场\skills\都市职场-输出WebNovel版\references\平台研究补充.md","2801","平台研究补充","ok","True","False","","False","","False","","False","True"
"都市职场\skills\都市职场-输出WebNovel版","题材边界与来源.md","都市职场\skills\都市职场-输出WebNovel版\references\题材边界与来源.md","1061","都市职场-输出WebNovel版｜题材边界与来源","ok","True","False","","False","","False","","False","True"
"都市职场\skills\都市职场-输出WebNovel版","执行细则与题材补丁.md","都市职场\skills\都市职场-输出WebNovel版\references\执行细则与题材补丁.md","4384","都市职场-输出WebNovel版｜执行细则与题材补丁","ok","True","False","","False","","False","","False","True"
"都市职场\skills\都市职场-章节创作闭环","读者侧产物接线规则.md","都市职场\skills\都市职场-章节创作闭环\references\读者侧产物接线规则.md","696","读者侧产物接线规则","ok","True","False","","False","","False","","False","True"
"都市职场\skills\都市职场-章节创作闭环","控制卡入正文施工与回炉桥.md","都市职场\skills\都市职场-章节创作闭环\references\控制卡入正文施工与回炉桥.md","948","控制卡入正文施工与回炉桥","ok","True","False","","False","","False","","False","True"
"都市职场\skills\都市职场-章节创作闭环","题材章节创作闭环补充规则.md","都市职场\skills\都市职场-章节创作闭环\references\题材章节创作闭环补充规则.md","3439","题材章节创作闭环补充规则（都市职场）","ok","True","False","","False","","False","","False","True"
"都市职场\skills\都市职场-章节创作闭环","阅读笔记与分章书评路径约定补充.md","都市职场\skills\都市职场-章节创作闭环\references\阅读笔记与分章书评路径约定补充.md","586","阅读笔记与分章书评路径约定补充","ok","True","False","","False","","False","","False","True"
"都市职场\skills\都市职场-正文润色","章节正文润色检查清单.md","都市职场\skills\都市职场-正文润色\references\章节正文润色检查清单.md","1991","都市职场-章节正文润色检查清单","ok","True","False","","False","","False","","False","True"
"都市职场\skills\都市职场-正文润色","章节正文润色流程.md","都市职场\skills\都市职场-正文润色\references\章节正文润色流程.md","3691","都市职场-章节正文润色流程","ok","True","False","","False","","False","","False","True"
"都市职场\skills\都市职场-正文润色","正文润色数值双轨禁忌与沉浸控制.md","都市职场\skills\都市职场-正文润色\references\正文润色数值双轨禁忌与沉浸控制.md","37763","正文润色数值双轨禁忌与沉浸控制","ok","True","False","","False","","True","通用-正文润色","False","True"
"都市职场\skills\都市职场-正文润色","正文润色增强技法与读者机制.md","都市职场\skills\都市职场-正文润色\references\正文润色增强技法与读者机制.md","29765","正文润色增强技法与读者机制","ok","True","False","","False","","True","通用-正文润色","False","True"
"都市职场\skills\都市职场-正文润色","正文润色执行流程与输出规范.md","都市职场\skills\都市职场-正文润色\references\正文润色执行流程与输出规范.md","18361","正文润色执行流程与输出规范","ok","True","False","","False","","True","通用-正文润色","False","True"
"都市职场\skills\都市职场-正文润色","正文润色总裁判与交付规则.md","都市职场\skills\都市职场-正文润色\references\正文润色总裁判与交付规则.md","10840","正文润色总裁判与交付规则","ok","True","False","","False","","False","","False","True"
"都市职场\skills\都市职场-执行场景单元","都市日常异化与场景压迫补丁.md","都市职场\skills\都市职场-执行场景单元\references\都市日常异化与场景压迫补丁.md","666","都市日常异化与场景压迫补丁","ok","True","False","","False","","False","","False","True"
"都市职场\skills\都市职场-执行场景单元","控制卡到场景单元桥接模板.md","都市职场\skills\都市职场-执行场景单元\references\控制卡到场景单元桥接模板.md","566","控制卡到场景单元桥接补充（都市职场）","ok","True","False","","False","","False","","False","True"
"都市职场\skills\都市职场-执行场景单元","README.md","都市职场\skills\都市职场-执行场景单元\references\README.md","185","题材 references 占位","ok","True","False","","False","","True","通用-平台签约评估框架;通用-设计总大纲;通用-组包投稿材料","True","True"
"都市职场\skills\都市职场-执行对话冲突","都市职业话术与问责约谈压迫补充.md","都市职场\skills\都市职场-执行对话冲突\references\都市职业话术与问责约谈压迫补充.md","1111","都市职业话术与问责约谈压迫补充","ok","True","False","","False","","False","","False","True"
"都市职场\skills\都市职场-执行对话冲突","控制卡回报点与对话施压桥.md","都市职场\skills\都市职场-执行对话冲突\references\控制卡回报点与对话施压桥.md","735","控制卡回报点与对话施压桥","ok","True","False","","False","","False","","False","True"
"都市职场\skills\都市职场-执行对话冲突","README.md","都市职场\skills\都市职场-执行对话冲突\references\README.md","191","题材 references 占位","ok","True","False","","False","","True","通用-平台签约评估框架;通用-设计总大纲;通用-组包投稿材料","True","True"
"都市职场\skills\都市职场-执行微空间受限场景","都市微空间异化手法与禁行项.md","都市职场\skills\都市职场-执行微空间受限场景\references\都市微空间异化手法与禁行项.md","599","都市微空间异化手法与禁行项","ok","True","False","","False","","False","","False","True"
"都市职场\skills\都市职场-执行微空间受限场景","控制卡压进微空间镜头的施工桥.md","都市职场\skills\都市职场-执行微空间受限场景\references\控制卡压进微空间镜头的施工桥.md","864","控制卡压进微空间镜头的施工桥","ok","True","False","","False","","False","","False","True"
"都市职场\skills\都市职场-执行微空间受限场景","README.md","都市职场\skills\都市职场-执行微空间受限场景\references\README.md","203","题材 references 占位","ok","True","False","","False","","True","通用-平台签约评估框架;通用-设计总大纲;通用-组包投稿材料","False","True"
"都市职场\skills\都市职场-撰写内容简介","题材简介补充规则.md","都市职场\skills\都市职场-撰写内容简介\references\题材简介补充规则.md","1947","题材简介补充规则（都市职场）","ok","True","False","","False","","False","","False","True"
"都市职场\skills\都市职场-撰写书评","都市职场按平台推荐书评模板组.md","都市职场\skills\都市职场-撰写书评\references\都市职场按平台推荐书评模板组.md","560","按平台书评模板组补充（都市职场）","ok","True","False","","False","","False","","False","True"
"都市职场\skills\都市职场-撰写书评","普通读者都市职场书评切口库.md","都市职场\skills\都市职场-撰写书评\references\普通读者都市职场书评切口库.md","971","普通读者都市职场书评切口库","ok","True","False","","False","","False","","False","True"
"都市职场\skills\都市职场-撰写书评","题材书评补充规则.md","都市职场\skills\都市职场-撰写书评\references\题材书评补充规则.md","1514","题材书评补充规则（都市职场）","ok","True","False","","False","","False","","False","True"
"都市职场\skills\都市职场-组包投稿材料","起点内投材料落盘模板.md","都市职场\skills\都市职场-组包投稿材料\references\起点内投材料落盘模板.md","1000","起点内投材料落盘模板补充（都市职场）","ok","True","False","","False","","False","","False","True"
"都市职场\skills\都市职场-组包投稿材料","题材投稿包补充规则.md","都市职场\skills\都市职场-组包投稿材料\references\题材投稿包补充规则.md","4379","题材投稿包补充规则（都市职场）","ok","True","False","","False","","False","","False","True"
"都市悬疑\skills\都市悬疑-创建小说正文","控制卡落正文与镜头化桥接.md","都市悬疑\skills\都市悬疑-创建小说正文\references\控制卡落正文与镜头化桥接.md","1011","控制卡落正文与镜头化桥接","ok","True","False","","False","","False","","False","True"
"都市悬疑\skills\都市悬疑-创建小说正文","题材正文创作补充规则.md","都市悬疑\skills\都市悬疑-创建小说正文\references\题材正文创作补充规则.md","5993","题材正文创作补充规则（都市悬疑）","ok","True","False","","False","","False","","False","True"
"都市悬疑\skills\都市悬疑-大纲审阅优化闭环","题材大纲闭环补充规则.md","都市悬疑\skills\都市悬疑-大纲审阅优化闭环\references\题材大纲闭环补充规则.md","2700","题材大纲闭环补充规则（都市悬疑）","ok","True","False","","False","","False","","False","True"
"都市悬疑\skills\都市悬疑-大纲审阅优化闭环","总纲分卷审改轮次与回写策略.md","都市悬疑\skills\都市悬疑-大纲审阅优化闭环\references\总纲分卷审改轮次与回写策略.md","979","总纲 / 分卷审改轮次与回写策略","ok","True","False","","False","","False","","False","True"
"都市悬疑\skills\都市悬疑-多平台输出编排","题材多平台输出保真规则.md","都市悬疑\skills\都市悬疑-多平台输出编排\references\题材多平台输出保真规则.md","2444","题材多平台输出保真规则（都市悬疑）","ok","True","False","","False","","False","","False","True"
"都市悬疑\skills\都市悬疑-多平台输出编排","README.md","都市悬疑\skills\都市悬疑-多平台输出编排\references\README.md","225","都市悬疑多平台输出 references","orphan","False","False","","False","","True","通用-平台签约评估框架;通用-设计总大纲;通用-组包投稿材料","False","True"
"都市悬疑\skills\都市悬疑-多平台小说适配","都市悬疑平台适配优先级矩阵.md","都市悬疑\skills\都市悬疑-多平台小说适配\references\都市悬疑平台适配优先级矩阵.md","1299","都市悬疑平台适配优先级矩阵","ok","True","False","","False","","False","","False","True"
"都市悬疑\skills\都市悬疑-分析竞对作品","都市悬疑竞对分析补充维度.md","都市悬疑\skills\都市悬疑-分析竞对作品\references\都市悬疑竞对分析补充维度.md","4395","都市悬疑竞对分析补充维度","ok","True","False","","False","","False","","False","True"
"都市悬疑\skills\都市悬疑-管理连续性冷热线","题材连续性补充规则.md","都市悬疑\skills\都市悬疑-管理连续性冷热线\references\题材连续性补充规则.md","3427","题材连续性补充规则","ok","True","False","","False","","False","","False","True"
"都市悬疑\skills\都市悬疑-平台签约评估框架","起点都市悬疑审核锚点与红线.md","都市悬疑\skills\都市悬疑-平台签约评估框架\references\起点都市悬疑审核锚点与红线.md","2353","起点都市悬疑审核锚点与红线","ok","True","False","","False","","False","","False","True"
"都市悬疑\skills\都市悬疑-平台签约评估框架","起点签约概率评估报告模板.md","都市悬疑\skills\都市悬疑-平台签约评估框架\references\起点签约概率评估报告模板.md","1430","起点签约概率评估报告模板补充（都市悬疑）","ok","True","False","","False","","False","","False","True"
"都市悬疑\skills\都市悬疑-平台签约评估框架","起点签约概率评估检查清单.md","都市悬疑\skills\都市悬疑-平台签约评估框架\references\起点签约概率评估检查清单.md","15753","起点签约概率评估检查清单（都市悬疑｜严格版）","ok","True","False","","False","","False","","False","True"
"都市悬疑\skills\都市悬疑-去AI味重写","都市冷压迫来源保护清单.md","都市悬疑\skills\都市悬疑-去AI味重写\references\都市冷压迫来源保护清单.md","570","都市冷压迫来源保护清单","ok","True","False","","False","","False","","False","True"
"都市悬疑\skills\都市悬疑-去AI味重写","去AI味执行清单.md","都市悬疑\skills\都市悬疑-去AI味重写\references\去AI味执行清单.md","3654","去AI味执行清单","ok","True","False","","False","","True","通用-去AI味重写","False","True"
"都市悬疑\skills\都市悬疑-去AI味重写","三级改造与工具包.md","都市悬疑\skills\都市悬疑-去AI味重写\references\三级改造与工具包.md","2068","三级改造与工具包","ok","True","False","","False","","True","通用-去AI味重写","False","True"
"都市悬疑\skills\都市悬疑-去AI味重写","实战自检与陷阱.md","都市悬疑\skills\都市悬疑-去AI味重写\references\实战自检与陷阱.md","1253","实战自检与陷阱","ok","True","False","","False","","False","","False","True"
"都市悬疑\skills\都市悬疑-去AI味重写","数值双轨与视角保护.md","都市悬疑\skills\都市悬疑-去AI味重写\references\数值双轨与视角保护.md","752","数值双轨与视角保护","ok","True","False","","False","","False","","False","True"
"都市悬疑\skills\都市悬疑-去AI味重写","通用风格与排版补充.md","都市悬疑\skills\都市悬疑-去AI味重写\references\通用风格与排版补充.md","5205","通用风格与排版补充","ok","True","False","","False","","False","","False","True"
"都市悬疑\skills\都市悬疑-去AI味重写","与控制卡_正文润色_审阅章节正文的桥接规则.md","都市悬疑\skills\都市悬疑-去AI味重写\references\与控制卡_正文润色_审阅章节正文的桥接规则.md","994","与控制卡 / 正文润色 / 审阅章节正文的桥接规则","ok","True","False","","False","","False","","False","True"
"都市悬疑\skills\都市悬疑-去AI味重写","AI味识别雷达.md","都市悬疑\skills\都市悬疑-去AI味重写\references\AI味识别雷达.md","1863","AI味识别雷达","ok","True","False","","False","","True","通用-去AI味重写","False","True"
"都市悬疑\skills\都市悬疑-去AI味重写","AI味识别与改写工具包.md","都市悬疑\skills\都市悬疑-去AI味重写\references\AI味识别与改写工具包.md","1599","AI味识别与改写工具包","ok","True","False","","False","","False","","False","True"
"都市悬疑\skills\都市悬疑-润色作者有话说","题材作者有话说补充规则.md","都市悬疑\skills\都市悬疑-润色作者有话说\references\题材作者有话说补充规则.md","1148","题材作者有话说补充规则","ok","True","False","","False","","False","","False","True"
"都市悬疑\skills\都市悬疑-润色作者有话说","作者有话说与读者侧产物协同.md","都市悬疑\skills\都市悬疑-润色作者有话说\references\作者有话说与读者侧产物协同.md","672","作者有话说与读者侧产物协同","ok","True","False","","False","","False","","False","True"
"都市悬疑\skills\都市悬疑-设计标题","各平台题材化书名补丁.md","都市悬疑\skills\都市悬疑-设计标题\references\各平台题材化书名补丁.md","1873","各平台题材化书名补丁（都市悬疑）","ok","True","False","","False","","False","","False","True"
"都市悬疑\skills\都市悬疑-设计标题","题材书名补充规则.md","都市悬疑\skills\都市悬疑-设计标题\references\题材书名补充规则.md","1559","题材书名补充规则（都市悬疑）","ok","True","False","","False","","False","","False","True"
"都市悬疑\skills\都市悬疑-设计分卷大纲","分部模板.md","都市悬疑\skills\都市悬疑-设计分卷大纲\references\分部模板.md","566","分部模板补充（都市悬疑）","ok","True","False","","False","","True","通用-设计分卷大纲","False","True"
"都市悬疑\skills\都市悬疑-设计分卷大纲","分部与分卷专属设计规则.md","都市悬疑\skills\都市悬疑-设计分卷大纲\references\分部与分卷专属设计规则.md","17526","分部与分卷专属设计规则","ok","True","False","","False","","False","","False","True"
"都市悬疑\skills\都市悬疑-设计分卷大纲","分卷模板与章节工件.md","都市悬疑\skills\都市悬疑-设计分卷大纲\references\分卷模板与章节工件.md","602","分卷模板与章节工件补充（都市悬疑）","ok","True","False","","False","","True","通用-设计分卷大纲","False","True"
"都市悬疑\skills\都市悬疑-设计分卷大纲","故事面供血分卷落地与首卷抓手.md","都市悬疑\skills\都市悬疑-设计分卷大纲\references\故事面供血分卷落地与首卷抓手.md","829","故事面供血、分卷落地与首卷抓手","ok","True","False","","False","","False","","False","True"
"都市悬疑\skills\都市悬疑-设计故事面","都市议题与悬疑母题耦合清单.md","都市悬疑\skills\都市悬疑-设计故事面\references\都市议题与悬疑母题耦合清单.md","652","都市议题与悬疑母题耦合清单","ok","True","False","","False","","False","","False","True"
"都市悬疑\skills\都市悬疑-设计故事设定","创新性要素库.md","都市悬疑\skills\都市悬疑-设计故事设定\references\创新性要素库.md","2102","创新性要素库","ok","True","False","","False","","False","","False","True"
"都市悬疑\skills\都市悬疑-设计故事设定","科学对冲玄学与都市程序证据补丁.md","都市悬疑\skills\都市悬疑-设计故事设定\references\科学对冲玄学与都市程序证据补丁.md","1768","科学对冲玄学与都市程序证据补丁","ok","True","False","","False","","False","","False","True"
"都市悬疑\skills\都市悬疑-设计故事设定","示例格式与验证流程.md","都市悬疑\skills\都市悬疑-设计故事设定\references\示例格式与验证流程.md","728","示例格式与验证流程","ok","True","False","","False","","True","通用-设计故事设定","False","True"
"都市悬疑\skills\都市悬疑-设计人物传记","创新人物设计与心理弧线规范.md","都市悬疑\skills\都市悬疑-设计人物传记\references\创新人物设计与心理弧线规范.md","4569","创新人物设计与心理弧线规范","ok","True","False","","False","","False","","False","False"
"都市悬疑\skills\都市悬疑-设计人物传记","创新性人物设计要点.md","都市悬疑\skills\都市悬疑-设计人物传记\references\创新性人物设计要点.md","1175","创新性人物设计要点","ok","True","False","","False","","False","","False","False"
"都市悬疑\skills\都市悬疑-设计人物传记","内容一致性与风险校验.md","都市悬疑\skills\都市悬疑-设计人物传记\references\内容一致性与风险校验.md","817","内容一致性与风险校验","ok","True","False","","False","","False","","False","False"
"都市悬疑\skills\都市悬疑-设计人物传记","人物传记模板与写作抓手.md","都市悬疑\skills\都市悬疑-设计人物传记\references\人物传记模板与写作抓手.md","616","人物传记模板与写作抓手补充（都市悬疑）","ok","True","False","","False","","False","","False","False"
"都市悬疑\skills\都市悬疑-设计人物传记","三级大纲索引模板.md","都市悬疑\skills\都市悬疑-设计人物传记\references\三级大纲索引模板.md","627","三级大纲索引模板补充（都市悬疑）","ok","True","False","","False","","False","","False","False"
"都市悬疑\skills\都市悬疑-设计人物传记","三级大纲索引示例.md","都市悬疑\skills\都市悬疑-设计人物传记\references\三级大纲索引示例.md","1237","三级大纲索引示例","ok","True","False","","False","","False","","False","False"
"都市悬疑\skills\都市悬疑-设计人物传记","心理弧线与索引规则.md","都市悬疑\skills\都市悬疑-设计人物传记\references\心理弧线与索引规则.md","1770","心理弧线与索引规则","ok","True","False","","False","","True","通用-设计人物传记","False","False"
"都市悬疑\skills\都市悬疑-设计人物传记","质量控制与验证流程.md","都市悬疑\skills\都市悬疑-设计人物传记\references\质量控制与验证流程.md","772","质量控制与验证流程","ok","True","False","","False","","True","通用-设计人物传记","False","False"
"都市悬疑\skills\都市悬疑-设计事件案件引擎","都市现实摩擦与单元案供血规则.md","都市悬疑\skills\都市悬疑-设计事件案件引擎\references\都市现实摩擦与单元案供血规则.md","1774","都市现实摩擦与单元案供血规则","ok","True","False","","False","","False","","False","True"
"都市悬疑\skills\都市悬疑-设计事件案件引擎","README.md","都市悬疑\skills\都市悬疑-设计事件案件引擎\references\README.md","212","题材 references 占位","ok","True","False","","False","","True","通用-平台签约评估框架;通用-设计总大纲;通用-组包投稿材料","False","True"
"都市悬疑\skills\都市悬疑-设计题材定位框架","都市悬疑定位与项目裁判源.md","都市悬疑\skills\都市悬疑-设计题材定位框架\references\都市悬疑定位与项目裁判源.md","1016","都市悬疑定位与项目裁判源","ok","True","False","","False","","False","","False","True"
"都市悬疑\skills\都市悬疑-设计题材定位框架","题材边界与入口说明.md","都市悬疑\skills\都市悬疑-设计题材定位框架\references\题材边界与入口说明.md","673","题材边界与入口说明（都市悬疑）","ok","True","False","","False","","False","","False","True"
"都市悬疑\skills\都市悬疑-设计线索伏笔与回收台账","README.md","都市悬疑\skills\都市悬疑-设计线索伏笔与回收台账\references\README.md","2074","都市悬疑线索伏笔与回收台账补充规则","ok","True","False","","False","","True","通用-平台签约评估框架;通用-设计总大纲;通用-组包投稿材料","False","True"
"都市悬疑\skills\都市悬疑-设计总大纲","故事面联动首卷承诺与平台闭环.md","都市悬疑\skills\都市悬疑-设计总大纲\references\故事面联动首卷承诺与平台闭环.md","1323","故事面联动、首卷承诺与平台闭环","ok","True","False","","False","","False","","False","True"
"都市悬疑\skills\都市悬疑-设计总大纲","总纲模板与验收.md","都市悬疑\skills\都市悬疑-设计总大纲\references\总纲模板与验收.md","1027","总纲模板与验收补充（都市悬疑）","ok","True","False","","False","","True","通用-设计总大纲","False","True"
"都市悬疑\skills\都市悬疑-设计总大纲","总纲专属设计规则.md","都市悬疑\skills\都市悬疑-设计总大纲\references\总纲专属设计规则.md","11760","总纲专属设计规则","ok","True","False","","False","","False","","False","True"
"都市悬疑\skills\都市悬疑-审阅分卷大纲","分部与分卷审阅报告增补.md","都市悬疑\skills\都市悬疑-审阅分卷大纲\references\分部与分卷审阅报告增补.md","5071","分部与分卷审阅报告增补","ok","True","False","","False","","True","通用-审阅分卷大纲","False","False"
"都市悬疑\skills\都市悬疑-审阅分卷大纲","分部与分卷审阅专属检查清单.md","都市悬疑\skills\都市悬疑-审阅分卷大纲\references\分部与分卷审阅专属检查清单.md","8581","分部与分卷审阅专属检查清单","ok","True","False","","False","","True","通用-审阅分卷大纲","False","False"
"都市悬疑\skills\都市悬疑-审阅分卷大纲","首卷留存章中回报与平台节奏诊断.md","都市悬疑\skills\都市悬疑-审阅分卷大纲\references\首卷留存章中回报与平台节奏诊断.md","831","首卷留存、章中回报与平台节奏诊断","ok","True","False","","False","","False","","False","False"
"都市悬疑\skills\都市悬疑-审阅分卷大纲","题材分卷审阅模板补充.md","都市悬疑\skills\都市悬疑-审阅分卷大纲\references\题材分卷审阅模板补充.md","5544","题材分卷审阅模板补充（都市悬疑）","ok","True","False","","False","","False","","False","False"
"都市悬疑\skills\都市悬疑-审阅故事设定","题材技术审阅模板补充.md","都市悬疑\skills\都市悬疑-审阅故事设定\references\题材技术审阅模板补充.md","9631","题材技术审阅模板补充（都市悬疑）","ok","True","False","","False","","False","","False","True"
"都市悬疑\skills\都市悬疑-审阅人物传记","人物传记审阅报告增补.md","都市悬疑\skills\都市悬疑-审阅人物传记\references\人物传记审阅报告增补.md","1214","人物传记审阅报告增补（都市悬疑）","ok","True","False","","False","","True","通用-审阅人物传记","False","True"
"都市悬疑\skills\都市悬疑-审阅人物传记","人物传记审阅检查清单.md","都市悬疑\skills\都市悬疑-审阅人物传记\references\人物传记审阅检查清单.md","3138","人物传记审阅检查清单（都市悬疑补充）","ok","True","False","","False","","True","通用-审阅人物传记","False","True"
"都市悬疑\skills\都市悬疑-审阅人物传记","审阅维度说明.md","都市悬疑\skills\都市悬疑-审阅人物传记\references\审阅维度说明.md","1910","审阅维度说明（都市悬疑）","ok","True","False","","False","","True","通用-审阅故事设定;通用-审阅人物传记","False","True"
"都市悬疑\skills\都市悬疑-审阅人物传记","题材人物审阅模板补充.md","都市悬疑\skills\都市悬疑-审阅人物传记\references\题材人物审阅模板补充.md","8207","题材人物审阅模板补充（都市悬疑）","ok","True","False","","False","","False","","False","True"
"都市悬疑\skills\都市悬疑-审阅章节正文","都市现实针脚与回炉优先级.md","都市悬疑\skills\都市悬疑-审阅章节正文\references\都市现实针脚与回炉优先级.md","591","都市现实针脚与回炉优先级","ok","True","False","","False","","False","","False","False"
"都市悬疑\skills\都市悬疑-审阅章节正文","控制卡_正文_审阅_回炉桥.md","都市悬疑\skills\都市悬疑-审阅章节正文\references\控制卡_正文_审阅_回炉桥.md","774","控制卡 → 正文 → 审阅 → 回炉桥","ok","True","False","","False","","False","","False","False"
"都市悬疑\skills\都市悬疑-审阅章节正文","题材章节正文审阅模板补充.md","都市悬疑\skills\都市悬疑-审阅章节正文\references\题材章节正文审阅模板补充.md","5986","题材章节正文审阅模板补充（都市悬疑）","ok","True","False","","False","","False","","False","False"
"都市悬疑\skills\都市悬疑-审阅章节正文","章节审阅核心点.md","都市悬疑\skills\都市悬疑-审阅章节正文\references\章节审阅核心点.md","792","章节审阅核心点","ok","True","False","","False","","False","","False","False"
"都市悬疑\skills\都市悬疑-审阅章节正文","章节正文审阅报告增补.md","都市悬疑\skills\都市悬疑-审阅章节正文\references\章节正文审阅报告增补.md","959","章节正文审阅报告增补","ok","True","False","","False","","False","","False","False"
"都市悬疑\skills\都市悬疑-审阅章节正文","章节正文审阅检查清单.md","都市悬疑\skills\都市悬疑-审阅章节正文\references\章节正文审阅检查清单.md","1314","章节正文审阅检查清单","ok","True","False","","False","","True","通用-审阅章节正文","False","False"
"都市悬疑\skills\都市悬疑-审阅总大纲","题材总纲审阅模板补充.md","都市悬疑\skills\都市悬疑-审阅总大纲\references\题材总纲审阅模板补充.md","5728","题材总纲审阅模板补充（都市悬疑）","ok","True","False","","False","","False","","False","False"
"都市悬疑\skills\都市悬疑-审阅总大纲","总纲断供诊断与回写补丁.md","都市悬疑\skills\都市悬疑-审阅总大纲\references\总纲断供诊断与回写补丁.md","774","总纲断供诊断与回写补丁","ok","True","False","","False","","False","","False","False"
"都市悬疑\skills\都市悬疑-审阅总大纲","总纲审阅报告增补.md","都市悬疑\skills\都市悬疑-审阅总大纲\references\总纲审阅报告增补.md","4664","总纲审阅报告增补","ok","True","False","","False","","True","通用-审阅总大纲","False","False"
"都市悬疑\skills\都市悬疑-审阅总大纲","总纲审阅专属检查清单.md","都市悬疑\skills\都市悬疑-审阅总大纲\references\总纲审阅专属检查清单.md","8080","总纲审阅专属检查清单","ok","True","False","","False","","True","通用-审阅总大纲","False","False"
"都市悬疑\skills\都市悬疑-生成章节控制卡","卷首_中段_卷尾分型模板卡.md","都市悬疑\skills\都市悬疑-生成章节控制卡\references\卷首_中段_卷尾分型模板卡.md","467","分型模板卡补充（都市悬疑）","ok","True","False","","False","","False","","False","True"
"都市悬疑\skills\都市悬疑-生成章节控制卡","可直接复制填写的都市悬疑控制卡模板.md","都市悬疑\skills\都市悬疑-生成章节控制卡\references\可直接复制填写的都市悬疑控制卡模板.md","661","控制卡补充模板（都市悬疑）","ok","True","False","","False","","False","","False","True"
"都市悬疑\skills\都市悬疑-生成章节控制卡","控制卡标题段落与作者有话说策略.md","都市悬疑\skills\都市悬疑-生成章节控制卡\references\控制卡标题段落与作者有话说策略.md","963","控制卡标题、段落与作者有话说策略","ok","True","False","","False","","False","","False","True"
"都市悬疑\skills\都市悬疑-生成章节控制卡","题材控制卡补充规则.md","都市悬疑\skills\都市悬疑-生成章节控制卡\references\题材控制卡补充规则.md","941","题材控制卡补充规则","ok","True","False","","False","","False","","False","True"
"都市悬疑\skills\都市悬疑-输出百度百家号版","分节级补救映射与详细规则回填.md","都市悬疑\skills\都市悬疑-输出百度百家号版\references\分节级补救映射与详细规则回填.md","2492","都市悬疑-输出百度百家号版｜分节级补救映射与详细规则回填","ok","True","False","","False","","True","通用-输出百度百家号版;通用-输出出版社版;通用-输出豆瓣版;通用-输出番茄版;通用-输出今日头条版;通用-输出七猫版;通用-输出起点中文网版;通用-输出微信订阅号版;通用-输出小红书版;通用-输出新浪微博版;通用-输出知乎版;通用-输出纵横小说版;通用-输出B站版;通用-输出GoodNovel版;通用-输出My Fiction版;通用-输出WebNovel版","False","True"
"都市悬疑\skills\都市悬疑-输出百度百家号版","平台研究补充.md","都市悬疑\skills\都市悬疑-输出百度百家号版\references\平台研究补充.md","2235","平台研究补充","ok","True","False","","False","","False","","False","True"
"都市悬疑\skills\都市悬疑-输出百度百家号版","题材边界与来源.md","都市悬疑\skills\都市悬疑-输出百度百家号版\references\题材边界与来源.md","1140","都市悬疑-输出百度百家号版｜题材边界与来源","ok","True","False","","False","","False","","False","True"
"都市悬疑\skills\都市悬疑-输出百度百家号版","执行细则与题材补丁.md","都市悬疑\skills\都市悬疑-输出百度百家号版\references\执行细则与题材补丁.md","3910","都市悬疑-输出百度百家号版｜执行细则与题材补丁","ok","True","False","","False","","False","","False","True"
"都市悬疑\skills\都市悬疑-输出出版社版","分节级补救映射与详细规则回填.md","都市悬疑\skills\都市悬疑-输出出版社版\references\分节级补救映射与详细规则回填.md","942","都市悬疑-输出出版社版｜分节级补救映射与详细规则回填","ok","True","False","","False","","True","通用-输出百度百家号版;通用-输出出版社版;通用-输出豆瓣版;通用-输出番茄版;通用-输出今日头条版;通用-输出七猫版;通用-输出起点中文网版;通用-输出微信订阅号版;通用-输出小红书版;通用-输出新浪微博版;通用-输出知乎版;通用-输出纵横小说版;通用-输出B站版;通用-输出GoodNovel版;通用-输出My Fiction版;通用-输出WebNovel版","False","True"
"都市悬疑\skills\都市悬疑-输出出版社版","平台研究补充.md","都市悬疑\skills\都市悬疑-输出出版社版\references\平台研究补充.md","255","平台研究补充","ok","True","False","","False","","False","","False","True"
"都市悬疑\skills\都市悬疑-输出出版社版","题材边界与来源.md","都市悬疑\skills\都市悬疑-输出出版社版\references\题材边界与来源.md","846","都市悬疑-输出出版社版｜题材边界与来源","ok","True","False","","False","","False","","False","True"
"都市悬疑\skills\都市悬疑-输出出版社版","执行细则与题材补丁.md","都市悬疑\skills\都市悬疑-输出出版社版\references\执行细则与题材补丁.md","3136","都市悬疑-输出出版社版｜执行细则与题材补丁","ok","True","False","","False","","False","","False","True"
"都市悬疑\skills\都市悬疑-输出豆瓣版","分节级补救映射与详细规则回填.md","都市悬疑\skills\都市悬疑-输出豆瓣版\references\分节级补救映射与详细规则回填.md","931","都市悬疑-输出豆瓣版｜分节级补救映射与详细规则回填","ok","True","False","","False","","True","通用-输出百度百家号版;通用-输出出版社版;通用-输出豆瓣版;通用-输出番茄版;通用-输出今日头条版;通用-输出七猫版;通用-输出起点中文网版;通用-输出微信订阅号版;通用-输出小红书版;通用-输出新浪微博版;通用-输出知乎版;通用-输出纵横小说版;通用-输出B站版;通用-输出GoodNovel版;通用-输出My Fiction版;通用-输出WebNovel版","False","True"
"都市悬疑\skills\都市悬疑-输出豆瓣版","平台研究补充.md","都市悬疑\skills\都市悬疑-输出豆瓣版\references\平台研究补充.md","258","平台研究补充","ok","True","False","","False","","False","","False","True"
"都市悬疑\skills\都市悬疑-输出豆瓣版","题材边界与来源.md","都市悬疑\skills\都市悬疑-输出豆瓣版\references\题材边界与来源.md","810","都市悬疑-输出豆瓣版｜题材边界与来源","ok","True","False","","False","","False","","False","True"
"都市悬疑\skills\都市悬疑-输出豆瓣版","执行细则与题材补丁.md","都市悬疑\skills\都市悬疑-输出豆瓣版\references\执行细则与题材补丁.md","3156","都市悬疑-输出豆瓣版｜执行细则与题材补丁","ok","True","False","","False","","False","","False","True"
"都市悬疑\skills\都市悬疑-输出番茄版","分节级补救映射与详细规则回填.md","都市悬疑\skills\都市悬疑-输出番茄版\references\分节级补救映射与详细规则回填.md","1022","都市悬疑-输出番茄版｜分节级补救映射与详细规则回填","ok","True","False","","False","","True","通用-输出百度百家号版;通用-输出出版社版;通用-输出豆瓣版;通用-输出番茄版;通用-输出今日头条版;通用-输出七猫版;通用-输出起点中文网版;通用-输出微信订阅号版;通用-输出小红书版;通用-输出新浪微博版;通用-输出知乎版;通用-输出纵横小说版;通用-输出B站版;通用-输出GoodNovel版;通用-输出My Fiction版;通用-输出WebNovel版","False","True"
"都市悬疑\skills\都市悬疑-输出番茄版","平台研究补充.md","都市悬疑\skills\都市悬疑-输出番茄版\references\平台研究补充.md","878","平台研究补充（番茄都市悬疑）","ok","True","False","","False","","False","","False","True"
"都市悬疑\skills\都市悬疑-输出番茄版","题材边界与来源.md","都市悬疑\skills\都市悬疑-输出番茄版\references\题材边界与来源.md","846","都市悬疑-输出番茄版｜题材边界与来源","ok","True","False","","False","","False","","False","True"
"都市悬疑\skills\都市悬疑-输出番茄版","执行细则与题材补丁.md","都市悬疑\skills\都市悬疑-输出番茄版\references\执行细则与题材补丁.md","12846","都市悬疑-输出番茄版｜执行细则与题材补丁","ok","True","False","","False","","False","","False","True"
"都市悬疑\skills\都市悬疑-输出今日头条版","题材边界与来源.md","都市悬疑\skills\都市悬疑-输出今日头条版\references\题材边界与来源.md","1376","都市悬疑-输出今日头条版｜题材边界与来源","ok","True","False","","False","","False","","False","True"
"都市悬疑\skills\都市悬疑-输出今日头条版","执行细则与题材补丁.md","都市悬疑\skills\都市悬疑-输出今日头条版\references\执行细则与题材补丁.md","7868","都市悬疑-输出今日头条版｜执行细则与题材补丁","ok","True","False","","False","","False","","False","True"
"都市悬疑\skills\都市悬疑-输出七猫版","分节级补救映射与详细规则回填.md","都市悬疑\skills\都市悬疑-输出七猫版\references\分节级补救映射与详细规则回填.md","2471","都市悬疑-输出七猫版｜分节级补救映射与详细规则回填","ok","True","False","","False","","True","通用-输出百度百家号版;通用-输出出版社版;通用-输出豆瓣版;通用-输出番茄版;通用-输出今日头条版;通用-输出七猫版;通用-输出起点中文网版;通用-输出微信订阅号版;通用-输出小红书版;通用-输出新浪微博版;通用-输出知乎版;通用-输出纵横小说版;通用-输出B站版;通用-输出GoodNovel版;通用-输出My Fiction版;通用-输出WebNovel版","False","True"
"都市悬疑\skills\都市悬疑-输出七猫版","平台研究补充.md","都市悬疑\skills\都市悬疑-输出七猫版\references\平台研究补充.md","2324","平台研究补充","ok","True","False","","False","","False","","False","True"
"都市悬疑\skills\都市悬疑-输出七猫版","题材边界与来源.md","都市悬疑\skills\都市悬疑-输出七猫版\references\题材边界与来源.md","1101","都市悬疑-输出七猫版｜题材边界与来源","ok","True","False","","False","","False","","False","True"
"都市悬疑\skills\都市悬疑-输出七猫版","执行细则与题材补丁.md","都市悬疑\skills\都市悬疑-输出七猫版\references\执行细则与题材补丁.md","5172","都市悬疑-输出七猫版｜执行细则与题材补丁","ok","True","False","","False","","False","","False","True"
"都市悬疑\skills\都市悬疑-输出微信订阅号版","分节级补救映射与详细规则回填.md","都市悬疑\skills\都市悬疑-输出微信订阅号版\references\分节级补救映射与详细规则回填.md","923","都市悬疑-输出微信订阅号版｜分节级补救映射与详细规则回填","ok","True","False","","False","","True","通用-输出百度百家号版;通用-输出出版社版;通用-输出豆瓣版;通用-输出番茄版;通用-输出今日头条版;通用-输出七猫版;通用-输出起点中文网版;通用-输出微信订阅号版;通用-输出小红书版;通用-输出新浪微博版;通用-输出知乎版;通用-输出纵横小说版;通用-输出B站版;通用-输出GoodNovel版;通用-输出My Fiction版;通用-输出WebNovel版","False","True"
"都市悬疑\skills\都市悬疑-输出微信订阅号版","平台研究补充.md","都市悬疑\skills\都市悬疑-输出微信订阅号版\references\平台研究补充.md","246","平台研究补充","ok","True","False","","False","","False","","False","True"
"都市悬疑\skills\都市悬疑-输出微信订阅号版","题材边界与来源.md","都市悬疑\skills\都市悬疑-输出微信订阅号版\references\题材边界与来源.md","825","都市悬疑-输出微信订阅号版｜题材边界与来源","ok","True","False","","False","","False","","False","True"
"都市悬疑\skills\都市悬疑-输出微信订阅号版","执行细则与题材补丁.md","都市悬疑\skills\都市悬疑-输出微信订阅号版\references\执行细则与题材补丁.md","2179","都市悬疑-输出微信订阅号版｜执行细则与题材补丁","ok","True","False","","False","","False","","False","True"
"都市悬疑\skills\都市悬疑-输出小红书版","分节级补救映射与详细规则回填.md","都市悬疑\skills\都市悬疑-输出小红书版\references\分节级补救映射与详细规则回填.md","2522","都市悬疑-输出小红书版｜分节级补救映射与详细规则回填","ok","True","False","","False","","True","通用-输出百度百家号版;通用-输出出版社版;通用-输出豆瓣版;通用-输出番茄版;通用-输出今日头条版;通用-输出七猫版;通用-输出起点中文网版;通用-输出微信订阅号版;通用-输出小红书版;通用-输出新浪微博版;通用-输出知乎版;通用-输出纵横小说版;通用-输出B站版;通用-输出GoodNovel版;通用-输出My Fiction版;通用-输出WebNovel版","False","True"
"都市悬疑\skills\都市悬疑-输出小红书版","平台研究补充.md","都市悬疑\skills\都市悬疑-输出小红书版\references\平台研究补充.md","2201","平台研究补充","ok","True","False","","False","","False","","False","True"
"都市悬疑\skills\都市悬疑-输出小红书版","题材边界与来源.md","都市悬疑\skills\都市悬疑-输出小红书版\references\题材边界与来源.md","1136","都市悬疑-输出小红书版｜题材边界与来源","ok","True","False","","False","","False","","False","True"
"都市悬疑\skills\都市悬疑-输出小红书版","执行细则与题材补丁.md","都市悬疑\skills\都市悬疑-输出小红书版\references\执行细则与题材补丁.md","4489","都市悬疑-输出小红书版｜执行细则与题材补丁","ok","True","False","","False","","False","","False","True"
"都市悬疑\skills\都市悬疑-输出新浪微博版","分节级补救映射与详细规则回填.md","都市悬疑\skills\都市悬疑-输出新浪微博版\references\分节级补救映射与详细规则回填.md","2412","都市悬疑-输出新浪微博版｜分节级补救映射与详细规则回填","ok","True","False","","False","","True","通用-输出百度百家号版;通用-输出出版社版;通用-输出豆瓣版;通用-输出番茄版;通用-输出今日头条版;通用-输出七猫版;通用-输出起点中文网版;通用-输出微信订阅号版;通用-输出小红书版;通用-输出新浪微博版;通用-输出知乎版;通用-输出纵横小说版;通用-输出B站版;通用-输出GoodNovel版;通用-输出My Fiction版;通用-输出WebNovel版","False","True"
"都市悬疑\skills\都市悬疑-输出新浪微博版","平台研究补充.md","都市悬疑\skills\都市悬疑-输出新浪微博版\references\平台研究补充.md","2160","平台研究补充","ok","True","False","","False","","False","","False","True"
"都市悬疑\skills\都市悬疑-输出新浪微博版","题材边界与来源.md","都市悬疑\skills\都市悬疑-输出新浪微博版\references\题材边界与来源.md","1101","都市悬疑-输出新浪微博版｜题材边界与来源","ok","True","False","","False","","False","","False","True"
"都市悬疑\skills\都市悬疑-输出新浪微博版","执行细则与题材补丁.md","都市悬疑\skills\都市悬疑-输出新浪微博版\references\执行细则与题材补丁.md","4348","都市悬疑-输出新浪微博版｜执行细则与题材补丁","ok","True","False","","False","","False","","False","True"
"都市悬疑\skills\都市悬疑-输出知乎版","分节级补救映射与详细规则回填.md","都市悬疑\skills\都市悬疑-输出知乎版\references\分节级补救映射与详细规则回填.md","969","都市悬疑-输出知乎版｜分节级补救映射与详细规则回填","ok","True","False","","False","","True","通用-输出百度百家号版;通用-输出出版社版;通用-输出豆瓣版;通用-输出番茄版;通用-输出今日头条版;通用-输出七猫版;通用-输出起点中文网版;通用-输出微信订阅号版;通用-输出小红书版;通用-输出新浪微博版;通用-输出知乎版;通用-输出纵横小说版;通用-输出B站版;通用-输出GoodNovel版;通用-输出My Fiction版;通用-输出WebNovel版","False","True"
"都市悬疑\skills\都市悬疑-输出知乎版","平台研究补充.md","都市悬疑\skills\都市悬疑-输出知乎版\references\平台研究补充.md","252","平台研究补充","ok","True","False","","False","","False","","False","True"
"都市悬疑\skills\都市悬疑-输出知乎版","题材边界与来源.md","都市悬疑\skills\都市悬疑-输出知乎版\references\题材边界与来源.md","851","都市悬疑-输出知乎版｜题材边界与来源","ok","True","False","","False","","False","","False","True"
"都市悬疑\skills\都市悬疑-输出知乎版","执行细则与题材补丁.md","都市悬疑\skills\都市悬疑-输出知乎版\references\执行细则与题材补丁.md","4268","都市悬疑-输出知乎版｜执行细则与题材补丁","ok","True","False","","False","","False","","False","True"
"都市悬疑\skills\都市悬疑-输出纵横小说版","题材边界与来源.md","都市悬疑\skills\都市悬疑-输出纵横小说版\references\题材边界与来源.md","1011","都市悬疑-输出纵横小说版｜题材边界与来源","ok","True","False","","False","","False","","False","True"
"都市悬疑\skills\都市悬疑-输出纵横小说版","执行细则与题材补丁.md","都市悬疑\skills\都市悬疑-输出纵横小说版\references\执行细则与题材补丁.md","6058","都市悬疑-输出纵横小说版｜执行细则与题材补丁","ok","True","False","","False","","False","","False","True"
"都市悬疑\skills\都市悬疑-输出B站版","分节级补救映射与详细规则回填.md","都市悬疑\skills\都市悬疑-输出B站版\references\分节级补救映射与详细规则回填.md","1041","都市悬疑-输出B站版｜分节级补救映射与详细规则回填","ok","True","False","","False","","True","通用-输出百度百家号版;通用-输出出版社版;通用-输出豆瓣版;通用-输出番茄版;通用-输出今日头条版;通用-输出七猫版;通用-输出起点中文网版;通用-输出微信订阅号版;通用-输出小红书版;通用-输出新浪微博版;通用-输出知乎版;通用-输出纵横小说版;通用-输出B站版;通用-输出GoodNovel版;通用-输出My Fiction版;通用-输出WebNovel版","False","True"
"都市悬疑\skills\都市悬疑-输出B站版","平台研究补充.md","都市悬疑\skills\都市悬疑-输出B站版\references\平台研究补充.md","438","平台研究补充","ok","True","False","","False","","False","","False","True"
"都市悬疑\skills\都市悬疑-输出B站版","题材边界与来源.md","都市悬疑\skills\都市悬疑-输出B站版\references\题材边界与来源.md","837","都市悬疑-输出B站版｜题材边界与来源","ok","True","False","","False","","False","","False","True"
"都市悬疑\skills\都市悬疑-输出B站版","执行细则与题材补丁.md","都市悬疑\skills\都市悬疑-输出B站版\references\执行细则与题材补丁.md","2279","都市悬疑-输出B站版｜执行细则与题材补丁","ok","True","False","","False","","False","","False","True"
"都市悬疑\skills\都市悬疑-输出GoodNovel版","分节级补救映射与详细规则回填.md","都市悬疑\skills\都市悬疑-输出GoodNovel版\references\分节级补救映射与详细规则回填.md","963","都市悬疑-输出GoodNovel版｜分节级补救映射与详细规则回填","ok","True","False","","False","","True","通用-输出百度百家号版;通用-输出出版社版;通用-输出豆瓣版;通用-输出番茄版;通用-输出今日头条版;通用-输出七猫版;通用-输出起点中文网版;通用-输出微信订阅号版;通用-输出小红书版;通用-输出新浪微博版;通用-输出知乎版;通用-输出纵横小说版;通用-输出B站版;通用-输出GoodNovel版;通用-输出My Fiction版;通用-输出WebNovel版","False","True"
"都市悬疑\skills\都市悬疑-输出GoodNovel版","平台研究补充.md","都市悬疑\skills\都市悬疑-输出GoodNovel版\references\平台研究补充.md","250","平台研究补充","ok","True","False","","False","","False","","False","True"
"都市悬疑\skills\都市悬疑-输出GoodNovel版","题材边界与来源.md","都市悬疑\skills\都市悬疑-输出GoodNovel版\references\题材边界与来源.md","828","都市悬疑-输出GoodNovel版｜题材边界与来源","ok","True","False","","False","","False","","False","True"
"都市悬疑\skills\都市悬疑-输出GoodNovel版","执行细则与题材补丁.md","都市悬疑\skills\都市悬疑-输出GoodNovel版\references\执行细则与题材补丁.md","2631","都市悬疑-输出GoodNovel版｜执行细则与题材补丁","ok","True","False","","False","","False","","False","True"
"都市悬疑\skills\都市悬疑-输出My Fiction版","分节级补救映射与详细规则回填.md","都市悬疑\skills\都市悬疑-输出My Fiction版\references\分节级补救映射与详细规则回填.md","946","都市悬疑-输出My Fiction版｜分节级补救映射与详细规则回填","ok","True","False","","False","","True","通用-输出百度百家号版;通用-输出出版社版;通用-输出豆瓣版;通用-输出番茄版;通用-输出今日头条版;通用-输出七猫版;通用-输出起点中文网版;通用-输出微信订阅号版;通用-输出小红书版;通用-输出新浪微博版;通用-输出知乎版;通用-输出纵横小说版;通用-输出B站版;通用-输出GoodNovel版;通用-输出My Fiction版;通用-输出WebNovel版","False","True"
"都市悬疑\skills\都市悬疑-输出My Fiction版","平台研究补充.md","都市悬疑\skills\都市悬疑-输出My Fiction版\references\平台研究补充.md","245","平台研究补充","ok","True","False","","False","","False","","False","True"
"都市悬疑\skills\都市悬疑-输出My Fiction版","题材边界与来源.md","都市悬疑\skills\都市悬疑-输出My Fiction版\references\题材边界与来源.md","843","都市悬疑-输出My Fiction版｜题材边界与来源","ok","True","False","","False","","False","","False","True"
"都市悬疑\skills\都市悬疑-输出My Fiction版","执行细则与题材补丁.md","都市悬疑\skills\都市悬疑-输出My Fiction版\references\执行细则与题材补丁.md","8238","都市悬疑 × MyFiction 补丁","ok","True","False","","False","","False","","False","True"
"都市悬疑\skills\都市悬疑-输出WebNovel版","分节级补救映射与详细规则回填.md","都市悬疑\skills\都市悬疑-输出WebNovel版\references\分节级补救映射与详细规则回填.md","1007","都市悬疑-输出WebNovel版｜分节级补救映射与详细规则回填","ok","True","False","","False","","True","通用-输出百度百家号版;通用-输出出版社版;通用-输出豆瓣版;通用-输出番茄版;通用-输出今日头条版;通用-输出七猫版;通用-输出起点中文网版;通用-输出微信订阅号版;通用-输出小红书版;通用-输出新浪微博版;通用-输出知乎版;通用-输出纵横小说版;通用-输出B站版;通用-输出GoodNovel版;通用-输出My Fiction版;通用-输出WebNovel版","False","True"
"都市悬疑\skills\都市悬疑-输出WebNovel版","平台研究补充.md","都市悬疑\skills\都市悬疑-输出WebNovel版\references\平台研究补充.md","1581","平台研究补充","ok","True","False","","False","","False","","False","True"
"都市悬疑\skills\都市悬疑-输出WebNovel版","题材边界与来源.md","都市悬疑\skills\都市悬疑-输出WebNovel版\references\题材边界与来源.md","876","都市悬疑-输出WebNovel版｜题材边界与来源","ok","True","False","","False","","False","","False","True"
"都市悬疑\skills\都市悬疑-输出WebNovel版","执行细则与题材补丁.md","都市悬疑\skills\都市悬疑-输出WebNovel版\references\执行细则与题材补丁.md","3009","都市悬疑-输出WebNovel版｜执行细则与题材补丁","ok","True","False","","False","","False","","False","True"
"都市悬疑\skills\都市悬疑-章节创作闭环","读者侧产物接线规则.md","都市悬疑\skills\都市悬疑-章节创作闭环\references\读者侧产物接线规则.md","696","读者侧产物接线规则","ok","True","False","","False","","False","","False","True"
"都市悬疑\skills\都市悬疑-章节创作闭环","控制卡入正文施工与回炉桥.md","都市悬疑\skills\都市悬疑-章节创作闭环\references\控制卡入正文施工与回炉桥.md","945","控制卡入正文施工与回炉桥","ok","True","False","","False","","False","","False","True"
"都市悬疑\skills\都市悬疑-章节创作闭环","题材章节创作闭环补充规则.md","都市悬疑\skills\都市悬疑-章节创作闭环\references\题材章节创作闭环补充规则.md","2968","题材章节创作闭环补充规则（都市悬疑）","ok","True","False","","False","","False","","False","True"
"都市悬疑\skills\都市悬疑-章节创作闭环","阅读笔记与分章书评路径约定补充.md","都市悬疑\skills\都市悬疑-章节创作闭环\references\阅读笔记与分章书评路径约定补充.md","586","阅读笔记与分章书评路径约定补充","ok","True","False","","False","","False","","False","True"
"都市悬疑\skills\都市悬疑-正文润色","章节正文润色检查清单.md","都市悬疑\skills\都市悬疑-正文润色\references\章节正文润色检查清单.md","1991","都市悬疑-章节正文润色检查清单","ok","True","False","","False","","False","","False","True"
"都市悬疑\skills\都市悬疑-正文润色","章节正文润色流程.md","都市悬疑\skills\都市悬疑-正文润色\references\章节正文润色流程.md","3691","都市悬疑-章节正文润色流程","ok","True","False","","False","","False","","False","True"
"都市悬疑\skills\都市悬疑-正文润色","正文润色数值双轨禁忌与沉浸控制.md","都市悬疑\skills\都市悬疑-正文润色\references\正文润色数值双轨禁忌与沉浸控制.md","37757","正文润色数值双轨禁忌与沉浸控制","ok","True","False","","False","","True","通用-正文润色","False","True"
"都市悬疑\skills\都市悬疑-正文润色","正文润色增强技法与读者机制.md","都市悬疑\skills\都市悬疑-正文润色\references\正文润色增强技法与读者机制.md","29531","正文润色增强技法与读者机制","ok","True","False","","False","","True","通用-正文润色","False","True"
"都市悬疑\skills\都市悬疑-正文润色","正文润色执行流程与输出规范.md","都市悬疑\skills\都市悬疑-正文润色\references\正文润色执行流程与输出规范.md","18355","正文润色执行流程与输出规范","ok","True","False","","False","","True","通用-正文润色","False","True"
"都市悬疑\skills\都市悬疑-正文润色","正文润色总裁判与交付规则.md","都市悬疑\skills\都市悬疑-正文润色\references\正文润色总裁判与交付规则.md","10834","正文润色总裁判与交付规则","ok","True","False","","False","","False","","False","True"
"都市悬疑\skills\都市悬疑-执行场景单元","都市日常异化与场景压迫补丁.md","都市悬疑\skills\都市悬疑-执行场景单元\references\都市日常异化与场景压迫补丁.md","666","都市日常异化与场景压迫补丁","ok","True","False","","False","","False","","False","True"
"都市悬疑\skills\都市悬疑-执行场景单元","控制卡到场景单元桥接模板.md","都市悬疑\skills\都市悬疑-执行场景单元\references\控制卡到场景单元桥接模板.md","580","控制卡到场景单元桥接补充（都市悬疑）","ok","True","False","","False","","False","","False","True"
"都市悬疑\skills\都市悬疑-执行场景单元","README.md","都市悬疑\skills\都市悬疑-执行场景单元\references\README.md","185","题材 references 占位","ok","True","False","","False","","True","通用-平台签约评估框架;通用-设计总大纲;通用-组包投稿材料","True","True"
"都市悬疑\skills\都市悬疑-执行对话冲突","都市职业话术与审讯压迫补充.md","都市悬疑\skills\都市悬疑-执行对话冲突\references\都市职业话术与审讯压迫补充.md","607","都市职业话术与审讯压迫补充","ok","True","False","","False","","False","","False","True"
"都市悬疑\skills\都市悬疑-执行对话冲突","控制卡回报点与对话施压桥.md","都市悬疑\skills\都市悬疑-执行对话冲突\references\控制卡回报点与对话施压桥.md","735","控制卡回报点与对话施压桥","ok","True","False","","False","","False","","False","True"
"都市悬疑\skills\都市悬疑-执行对话冲突","README.md","都市悬疑\skills\都市悬疑-执行对话冲突\references\README.md","191","题材 references 占位","ok","True","False","","False","","True","通用-平台签约评估框架;通用-设计总大纲;通用-组包投稿材料","True","True"
"都市悬疑\skills\都市悬疑-执行微空间受限场景","都市微空间异化手法与禁行项.md","都市悬疑\skills\都市悬疑-执行微空间受限场景\references\都市微空间异化手法与禁行项.md","599","都市微空间异化手法与禁行项","ok","True","False","","False","","False","","False","True"
"都市悬疑\skills\都市悬疑-执行微空间受限场景","控制卡压进微空间镜头的施工桥.md","都市悬疑\skills\都市悬疑-执行微空间受限场景\references\控制卡压进微空间镜头的施工桥.md","864","控制卡压进微空间镜头的施工桥","ok","True","False","","False","","False","","False","True"
"都市悬疑\skills\都市悬疑-执行微空间受限场景","README.md","都市悬疑\skills\都市悬疑-执行微空间受限场景\references\README.md","203","题材 references 占位","ok","True","False","","False","","True","通用-平台签约评估框架;通用-设计总大纲;通用-组包投稿材料","False","True"
"都市悬疑\skills\都市悬疑-撰写内容简介","题材简介补充规则.md","都市悬疑\skills\都市悬疑-撰写内容简介\references\题材简介补充规则.md","2224","题材简介补充规则（都市悬疑）","ok","True","False","","False","","False","","False","True"
"都市悬疑\skills\都市悬疑-撰写书评","都市悬疑按平台推荐书评模板组.md","都市悬疑\skills\都市悬疑-撰写书评\references\都市悬疑按平台推荐书评模板组.md","830","按平台书评模板组补充（都市悬疑）","ok","True","False","","False","","False","","False","True"
"都市悬疑\skills\都市悬疑-撰写书评","普通读者都市悬疑书评切口库.md","都市悬疑\skills\都市悬疑-撰写书评\references\普通读者都市悬疑书评切口库.md","971","普通读者都市悬疑书评切口库","ok","True","False","","False","","False","","False","True"
"都市悬疑\skills\都市悬疑-撰写书评","题材书评补充规则.md","都市悬疑\skills\都市悬疑-撰写书评\references\题材书评补充规则.md","1608","题材书评补充规则（都市悬疑）","ok","True","False","","False","","False","","False","True"
"都市悬疑\skills\都市悬疑-组包投稿材料","起点内投材料落盘模板.md","都市悬疑\skills\都市悬疑-组包投稿材料\references\起点内投材料落盘模板.md","1034","起点内投材料落盘模板补充（都市悬疑）","ok","True","False","","False","","False","","False","True"
"都市悬疑\skills\都市悬疑-组包投稿材料","题材投稿包补充规则.md","都市悬疑\skills\都市悬疑-组包投稿材料\references\题材投稿包补充规则.md","4355","题材投稿包补充规则（都市悬疑）","ok","True","False","","False","","False","","False","True"
"异能志怪\skills\异能志怪-创建小说正文","控制卡到正文落稿映射清单.md","异能志怪\skills\异能志怪-创建小说正文\references\控制卡到正文落稿映射清单.md","1017","控制卡到正文落稿映射清单","ok","True","False","","False","","False","","False","True"
"异能志怪\skills\异能志怪-创建小说正文","题材定位与硬约束.md","异能志怪\skills\异能志怪-创建小说正文\references\题材定位与硬约束.md","11704","异能志怪题材定位与硬约束","ok","True","False","","False","","False","","False","True"
"异能志怪\skills\异能志怪-创建小说正文","题材技法与样例.md","异能志怪\skills\异能志怪-创建小说正文\references\题材技法与样例.md","14754","异能志怪题材技法与样例","ok","True","False","","False","","False","","False","True"
"异能志怪\skills\异能志怪-大纲审阅优化闭环","题材大纲闭环补充规则.md","异能志怪\skills\异能志怪-大纲审阅优化闭环\references\题材大纲闭环补充规则.md","916","题材大纲闭环补充规则","ok","True","False","","False","","False","","False","True"
"异能志怪\skills\异能志怪-多平台输出编排","题材多平台输出保真规则.md","异能志怪\skills\异能志怪-多平台输出编排\references\题材多平台输出保真规则.md","1173","题材多平台输出保真规则","ok","True","False","","False","","False","","False","True"
"异能志怪\skills\异能志怪-多平台小说适配","题材多平台适配补充规则.md","异能志怪\skills\异能志怪-多平台小说适配\references\题材多平台适配补充规则.md","588","题材多平台适配补充规则","ok","True","False","","False","","False","","False","True"
"异能志怪\skills\异能志怪-分析竞对作品","异能志怪竞对分析补充维度.md","异能志怪\skills\异能志怪-分析竞对作品\references\异能志怪竞对分析补充维度.md","4280","异能志怪竞对分析补充维度","ok","True","False","","False","","False","","False","True"
"异能志怪\skills\异能志怪-管理连续性冷热线","题材连续性补充规则.md","异能志怪\skills\异能志怪-管理连续性冷热线\references\题材连续性补充规则.md","3087","题材连续性补充规则","ok","True","False","","False","","False","","False","True"
"异能志怪\skills\异能志怪-平台签约评估框架","起点异能志怪黄金三章与长线供血补充.md","异能志怪\skills\异能志怪-平台签约评估框架\references\起点异能志怪黄金三章与长线供血补充.md","786","起点异能志怪黄金三章与长线供血补充","ok","True","False","","False","","False","","False","True"
"异能志怪\skills\异能志怪-平台签约评估框架","题材边界与入口说明.md","异能志怪\skills\异能志怪-平台签约评估框架\references\题材边界与入口说明.md","1254","题材边界与兼容说明","ok","True","False","","False","","False","","False","True"
"异能志怪\skills\异能志怪-平台签约评估框架","probability-bands-and-vetoes.md","异能志怪\skills\异能志怪-平台签约评估框架\references\probability-bands-and-vetoes.md","7240","概率分段、一票否决与封顶规则","ok","True","False","","False","","False","","False","True"
"异能志怪\skills\异能志怪-平台签约评估框架","qidian-signing-report-template.md","异能志怪\skills\异能志怪-平台签约评估框架\references\qidian-signing-report-template.md","1412","起点签约概率评估报告模板补充（异能志怪）","ok","True","False","","False","","False","","False","True"
"异能志怪\skills\异能志怪-平台签约评估框架","qidian-signing-rubric.md","异能志怪\skills\异能志怪-平台签约评估框架\references\qidian-signing-rubric.md","12940","起点男频签约概率评估维度与权重（都市异能 / 志怪专用）","ok","True","False","","False","","False","","False","True"
"异能志怪\skills\异能志怪-平台签约评估框架","urban-weird-qidian-fit-checklist.md","异能志怪\skills\异能志怪-平台签约评估框架\references\urban-weird-qidian-fit-checklist.md","7598","都市异能 / 志怪在起点男频的适配清单","ok","True","False","","False","","False","","False","True"
"异能志怪\skills\异能志怪-强化章节开头","控制卡到章首强化映射清单.md","异能志怪\skills\异能志怪-强化章节开头\references\控制卡到章首强化映射清单.md","457","控制卡到章首强化映射清单","ok","True","False","","False","","False","","False","True"
"异能志怪\skills\异能志怪-强化章节开头","题材边界与入口说明.md","异能志怪\skills\异能志怪-强化章节开头\references\题材边界与入口说明.md","615","题材边界与兼容说明","ok","True","False","","False","","False","","False","True"
"异能志怪\skills\异能志怪-强化章末钩子","控制卡到章末钩子映射清单.md","异能志怪\skills\异能志怪-强化章末钩子\references\控制卡到章末钩子映射清单.md","484","控制卡到章末钩子映射清单","ok","True","False","","False","","False","","False","True"
"异能志怪\skills\异能志怪-强化章末钩子","题材章末钩子补充规则.md","异能志怪\skills\异能志怪-强化章末钩子\references\题材章末钩子补充规则.md","453","题材章末钩子补充规则","ok","True","False","","False","","False","","False","True"
"异能志怪\skills\异能志怪-去AI味重写","角色声口与连载节奏保护.md","异能志怪\skills\异能志怪-去AI味重写\references\角色声口与连载节奏保护.md","2211","角色声口与连载节奏保护","ok","True","False","","False","","False","","False","True"
"异能志怪\skills\异能志怪-去AI味重写","控制卡正文润色审阅到去AI味桥接清单.md","异能志怪\skills\异能志怪-去AI味重写\references\控制卡正文润色审阅到去AI味桥接清单.md","574","控制卡 / 正文润色 / 审阅 到 去AI味桥接清单","ok","True","False","","False","","False","","False","True"
"异能志怪\skills\异能志怪-去AI味重写","题材边界与入口说明.md","异能志怪\skills\异能志怪-去AI味重写\references\题材边界与入口说明.md","1690","题材边界与兼容说明","ok","True","False","","False","","False","","False","True"
"异能志怪\skills\异能志怪-去AI味重写","de-ai-revision-card-template.md","异能志怪\skills\异能志怪-去AI味重写\references\de-ai-revision-card-template.md","636","去 AI 味执行卡补充（异能志怪）","ok","True","False","","False","","False","","False","True"
"异能志怪\skills\异能志怪-去AI味重写","de-ai-urban-weird-checklist.md","异能志怪\skills\异能志怪-去AI味重写\references\de-ai-urban-weird-checklist.md","786","都市志怪去 AI 味检查表","ok","True","False","","False","","False","","False","True"
"异能志怪\skills\异能志怪-去AI味重写","line-level-rewrite-actions.md","异能志怪\skills\异能志怪-去AI味重写\references\line-level-rewrite-actions.md","823","句级修订动作表","ok","True","False","","False","","False","","False","True"
"异能志怪\skills\异能志怪-去AI味重写","migrated-authenticity-rules.md","异能志怪\skills\异能志怪-去AI味重写\references\migrated-authenticity-rules.md","6325","都市志怪去 AI 味保真规则","ok","True","False","","False","","False","","False","True"
"异能志怪\skills\异能志怪-去AI味重写","profession-and-rule-term-preservation.md","异能志怪\skills\异能志怪-去AI味重写\references\profession-and-rule-term-preservation.md","2358","职业感与规则术语保留指南","ok","True","False","","False","","False","","False","True"
"异能志怪\skills\异能志怪-润色作者有话说","题材边界与入口说明.md","异能志怪\skills\异能志怪-润色作者有话说\references\题材边界与入口说明.md","1074","题材边界与兼容说明","ok","True","False","","False","","False","","False","True"
"异能志怪\skills\异能志怪-润色作者有话说","章节闭环读者侧接入说明.md","异能志怪\skills\异能志怪-润色作者有话说\references\章节闭环读者侧接入说明.md","1001","章节闭环读者侧接入说明","ok","True","False","","False","","False","","False","True"
"异能志怪\skills\异能志怪-设计标题","各平台题材化书名补丁.md","异能志怪\skills\异能志怪-设计标题\references\各平台题材化书名补丁.md","6449","各平台题材化书名补丁","ok","True","False","","False","","False","","False","True"
"异能志怪\skills\异能志怪-设计标题","题材书名补充规则.md","异能志怪\skills\异能志怪-设计标题\references\题材书名补充规则.md","2015","题材书名补充规则","ok","True","False","","False","","False","","False","True"
"异能志怪\skills\异能志怪-设计分卷大纲","卷级追读链与标题口径.md","异能志怪\skills\异能志怪-设计分卷大纲\references\卷级追读链与标题口径.md","4841","卷级追读链与标题口径","ok","True","False","","False","","False","","False","True"
"异能志怪\skills\异能志怪-设计分卷大纲","题材分卷补充规则.md","异能志怪\skills\异能志怪-设计分卷大纲\references\题材分卷补充规则.md","2445","题材分卷补充规则","ok","True","False","","False","","False","","False","True"
"异能志怪\skills\异能志怪-设计分卷大纲","migrated-part-volume-outline-rules.md","异能志怪\skills\异能志怪-设计分卷大纲\references\migrated-part-volume-outline-rules.md","13050","从 `设计大纲.prompt.md` 迁移的分部 / 分卷专属原文（保真副本）","ok","True","False","","False","","False","","False","True"
"异能志怪\skills\异能志怪-设计封面生图提示词","平台化题材视觉策略.md","异能志怪\skills\异能志怪-设计封面生图提示词\references\平台化题材视觉策略.md","5462","平台化题材视觉策略","ok","True","False","","False","","False","","False","True"
"异能志怪\skills\异能志怪-设计封面生图提示词","题材封面补充规则.md","异能志怪\skills\异能志怪-设计封面生图提示词\references\题材封面补充规则.md","1240","题材封面补充规则","ok","True","False","","False","","False","","False","True"
"异能志怪\skills\异能志怪-设计故事面","冷门职业规则代价与旧案供血.md","异能志怪\skills\异能志怪-设计故事面\references\冷门职业规则代价与旧案供血.md","545","冷门职业、规则代价与旧案供血","ok","True","False","","False","","False","","False","True"
"异能志怪\skills\异能志怪-设计故事面","题材故事面补充规则.md","异能志怪\skills\异能志怪-设计故事面\references\题材故事面补充规则.md","3331","题材故事面补充规则","ok","True","False","","False","","False","","False","True"
"异能志怪\skills\异能志怪-设计故事设定","题材故事设定补充规则.md","异能志怪\skills\异能志怪-设计故事设定\references\题材故事设定补充规则.md","4063","题材故事设定补充规则","ok","True","False","","False","","False","","False","True"
"异能志怪\skills\异能志怪-设计人物传记","题材人物传记补充规则.md","异能志怪\skills\异能志怪-设计人物传记\references\题材人物传记补充规则.md","3034","题材人物传记补充规则","ok","True","False","","False","","False","","False","True"
"异能志怪\skills\异能志怪-设计事件案件引擎","题材边界与入口说明.md","异能志怪\skills\异能志怪-设计事件案件引擎\references\题材边界与入口说明.md","747","题材边界与兼容说明","ok","True","False","","False","","False","","False","True"
"异能志怪\skills\异能志怪-设计事件案件引擎","证据链与三时间轴硬口径.md","异能志怪\skills\异能志怪-设计事件案件引擎\references\证据链与三时间轴硬口径.md","4082","证据链与三时间轴硬口径","ok","True","False","","False","","False","","False","True"
"异能志怪\skills\异能志怪-设计题材定位框架","都市异术超能定位与项目裁判源.md","异能志怪\skills\异能志怪-设计题材定位框架\references\都市异术超能定位与项目裁判源.md","3662","都市异术超能定位与项目裁判源","ok","True","False","","False","","False","","False","True"
"异能志怪\skills\异能志怪-设计题材定位框架","题材边界与入口说明.md","异能志怪\skills\异能志怪-设计题材定位框架\references\题材边界与入口说明.md","726","题材边界与兼容说明","ok","True","False","","False","","False","","False","True"
"异能志怪\skills\异能志怪-设计线索伏笔与回收台账","题材台账补充规则.md","异能志怪\skills\异能志怪-设计线索伏笔与回收台账\references\题材台账补充规则.md","1273","题材台账补充规则","ok","True","False","","False","","False","","False","True"
"异能志怪\skills\异能志怪-设计总大纲","题材总纲补充规则.md","异能志怪\skills\异能志怪-设计总大纲\references\题材总纲补充规则.md","4131","题材总纲补充规则","ok","True","False","","False","","False","","False","True"
"异能志怪\skills\异能志怪-设计总大纲","migrated-total-outline-rules.md","异能志怪\skills\异能志怪-设计总大纲\references\migrated-total-outline-rules.md","13007","从 `设计大纲.prompt.md` 迁移的总纲专属原文（保真副本）","ok","True","False","","False","","False","","False","True"
"异能志怪\skills\异能志怪-审阅分卷大纲","题材分卷审阅补充规则.md","异能志怪\skills\异能志怪-审阅分卷大纲\references\题材分卷审阅补充规则.md","1470","题材分卷审阅补充规则","ok","True","False","","False","","False","","False","True"
"异能志怪\skills\异能志怪-审阅分卷大纲","题材分卷审阅模板补充.md","异能志怪\skills\异能志怪-审阅分卷大纲\references\题材分卷审阅模板补充.md","5375","题材分卷审阅模板补充（异能志怪）","ok","True","False","","False","","False","","False","True"
"异能志怪\skills\异能志怪-审阅故事设定","题材技术审阅模板补充.md","异能志怪\skills\异能志怪-审阅故事设定\references\题材技术审阅模板补充.md","9673","题材技术审阅模板补充（异能志怪）","ok","True","False","","False","","False","","False","True"
"异能志怪\skills\异能志怪-审阅人物传记","题材人物审阅模板补充.md","异能志怪\skills\异能志怪-审阅人物传记\references\题材人物审阅模板补充.md","8799","题材人物审阅模板补充（异能志怪）","ok","True","False","","False","","False","","False","True"
"异能志怪\skills\异能志怪-审阅章节正文","本Skill核心任务.md","异能志怪\skills\异能志怪-审阅章节正文\references\本Skill核心任务.md","759","(无标题)","ok","True","False","","False","","False","","False","True"
"异能志怪\skills\异能志怪-审阅章节正文","控制卡与正文执行偏差检查清单.md","异能志怪\skills\异能志怪-审阅章节正文\references\控制卡与正文执行偏差检查清单.md","693","控制卡与正文执行偏差检查清单","ok","True","False","","False","","False","","False","True"
"异能志怪\skills\异能志怪-审阅章节正文","审阅输出实际目标.md","异能志怪\skills\异能志怪-审阅章节正文\references\审阅输出实际目标.md","478","(无标题)","ok","True","False","","False","","False","","False","True"
"异能志怪\skills\异能志怪-审阅章节正文","题材边界与入口说明.md","异能志怪\skills\异能志怪-审阅章节正文\references\题材边界与入口说明.md","577","题材边界与兼容说明","ok","True","False","","False","","False","","False","True"
"异能志怪\skills\异能志怪-审阅章节正文","题材章节正文审阅模板补充.md","异能志怪\skills\异能志怪-审阅章节正文\references\题材章节正文审阅模板补充.md","5989","题材章节正文审阅模板补充（异能志怪）","ok","True","False","","False","","False","","False","True"
"异能志怪\skills\异能志怪-审阅章节正文","正文审阅到回炉分流表.md","异能志怪\skills\异能志怪-审阅章节正文\references\正文审阅到回炉分流表.md","1380","正文审阅到回炉分流表","ok","True","False","","False","","False","","False","True"
"异能志怪\skills\异能志怪-审阅章节正文","执行顺序.md","异能志怪\skills\异能志怪-审阅章节正文\references\执行顺序.md","705","(无标题)","ok","True","False","","False","","False","","False","True"
"异能志怪\skills\异能志怪-审阅章节正文","execution-failure-remedies.md","异能志怪\skills\异能志怪-审阅章节正文\references\execution-failure-remedies.md","584","常见工伤与补丁动作表","ok","True","False","","False","","False","","False","True"
"异能志怪\skills\异能志怪-审阅章节正文","execution-scoring-rubric.md","异能志怪\skills\异能志怪-审阅章节正文\references\execution-scoring-rubric.md","683","执行层评分尺","ok","True","False","","False","","False","","False","True"
"异能志怪\skills\异能志怪-审阅章节正文","issue-severity-matrix.md","异能志怪\skills\异能志怪-审阅章节正文\references\issue-severity-matrix.md","5202","问题分级判定表","ok","True","False","","False","","False","","False","True"
"异能志怪\skills\异能志怪-审阅章节正文","migrated-chapter-execution-review-rules.md","异能志怪\skills\异能志怪-审阅章节正文\references\migrated-chapter-execution-review-rules.md","5933","章节执行层审阅保真规则","ok","True","False","","False","","False","","False","True"
"异能志怪\skills\异能志怪-审阅总大纲","题材总纲审阅补充规则.md","异能志怪\skills\异能志怪-审阅总大纲\references\题材总纲审阅补充规则.md","1924","题材总纲审阅补充规则","ok","True","False","","False","","False","","False","True"
"异能志怪\skills\异能志怪-审阅总大纲","题材总纲审阅模板补充.md","异能志怪\skills\异能志怪-审阅总大纲\references\题材总纲审阅模板补充.md","5778","题材总纲审阅模板补充（异能志怪）","ok","True","False","","False","","False","","False","True"
"异能志怪\skills\异能志怪-生成章节控制卡","卷纲到控制卡映射清单.md","异能志怪\skills\异能志怪-生成章节控制卡\references\卷纲到控制卡映射清单.md","1498","卷纲到控制卡映射清单","ok","True","False","","False","","False","","False","True"
"异能志怪\skills\异能志怪-生成章节控制卡","卷首中段卷尾分型模板卡.md","异能志怪\skills\异能志怪-生成章节控制卡\references\卷首中段卷尾分型模板卡.md","461","分型模板卡补充（异能志怪）","ok","True","False","","False","","False","","False","True"
"异能志怪\skills\异能志怪-生成章节控制卡","题材控制卡补充规则.md","异能志怪\skills\异能志怪-生成章节控制卡\references\题材控制卡补充规则.md","1483","题材控制卡补充规则","ok","True","False","","False","","False","","False","True"
"异能志怪\skills\异能志怪-生成章节控制卡","题材控制卡可复制模板.md","异能志怪\skills\异能志怪-生成章节控制卡\references\题材控制卡可复制模板.md","660","控制卡补充模板（异能志怪）","ok","True","False","","False","","False","","False","True"
"异能志怪\skills\异能志怪-输出百度百家号版","分节级补救映射与详细规则回填.md","异能志怪\skills\异能志怪-输出百度百家号版\references\分节级补救映射与详细规则回填.md","911","异能志怪-输出百度百家号版｜分节级补救映射与详细规则回填","ok","True","False","","False","","True","通用-输出百度百家号版;通用-输出出版社版;通用-输出豆瓣版;通用-输出番茄版;通用-输出今日头条版;通用-输出七猫版;通用-输出起点中文网版;通用-输出微信订阅号版;通用-输出小红书版;通用-输出新浪微博版;通用-输出知乎版;通用-输出纵横小说版;通用-输出B站版;通用-输出GoodNovel版;通用-输出My Fiction版;通用-输出WebNovel版","False","True"
"异能志怪\skills\异能志怪-输出百度百家号版","题材边界与来源.md","异能志怪\skills\异能志怪-输出百度百家号版\references\题材边界与来源.md","685","异能志怪-输出百度百家号版｜题材边界与来源","ok","True","False","","False","","False","","False","True"
"异能志怪\skills\异能志怪-输出百度百家号版","执行细则与题材补丁.md","异能志怪\skills\异能志怪-输出百度百家号版\references\执行细则与题材补丁.md","1189","异能志怪-输出百度百家号版｜执行细则与题材补丁","ok","True","False","","False","","False","","False","True"
"异能志怪\skills\异能志怪-输出出版社版","分节级补救映射与详细规则回填.md","异能志怪\skills\异能志怪-输出出版社版\references\分节级补救映射与详细规则回填.md","1033","异能志怪-输出出版社版｜分节级补救映射与详细规则回填","ok","True","False","","False","","True","通用-输出百度百家号版;通用-输出出版社版;通用-输出豆瓣版;通用-输出番茄版;通用-输出今日头条版;通用-输出七猫版;通用-输出起点中文网版;通用-输出微信订阅号版;通用-输出小红书版;通用-输出新浪微博版;通用-输出知乎版;通用-输出纵横小说版;通用-输出B站版;通用-输出GoodNovel版;通用-输出My Fiction版;通用-输出WebNovel版","False","True"
"异能志怪\skills\异能志怪-输出出版社版","题材边界与来源.md","异能志怪\skills\异能志怪-输出出版社版\references\题材边界与来源.md","718","异能志怪-输出出版社版｜题材边界与来源","ok","True","False","","False","","False","","False","True"
"异能志怪\skills\异能志怪-输出出版社版","执行细则与题材补丁.md","异能志怪\skills\异能志怪-输出出版社版\references\执行细则与题材补丁.md","2577","异能志怪-输出出版社版｜执行细则与题材补丁","ok","True","False","","False","","False","","False","True"
"异能志怪\skills\异能志怪-输出豆瓣版","分节级补救映射与详细规则回填.md","异能志怪\skills\异能志怪-输出豆瓣版\references\分节级补救映射与详细规则回填.md","1024","异能志怪-输出豆瓣版｜分节级补救映射与详细规则回填","ok","True","False","","False","","True","通用-输出百度百家号版;通用-输出出版社版;通用-输出豆瓣版;通用-输出番茄版;通用-输出今日头条版;通用-输出七猫版;通用-输出起点中文网版;通用-输出微信订阅号版;通用-输出小红书版;通用-输出新浪微博版;通用-输出知乎版;通用-输出纵横小说版;通用-输出B站版;通用-输出GoodNovel版;通用-输出My Fiction版;通用-输出WebNovel版","False","True"
"异能志怪\skills\异能志怪-输出豆瓣版","题材边界与来源.md","异能志怪\skills\异能志怪-输出豆瓣版\references\题材边界与来源.md","691","异能志怪-输出豆瓣版｜题材边界与来源","ok","True","False","","False","","False","","False","True"
"异能志怪\skills\异能志怪-输出豆瓣版","执行细则与题材补丁.md","异能志怪\skills\异能志怪-输出豆瓣版\references\执行细则与题材补丁.md","2924","异能志怪-输出豆瓣版｜执行细则与题材补丁","ok","True","False","","False","","False","","False","True"
"异能志怪\skills\异能志怪-输出番茄版","分节级补救映射与详细规则回填.md","异能志怪\skills\异能志怪-输出番茄版\references\分节级补救映射与详细规则回填.md","1809","异能志怪-输出番茄版｜分节级补救映射与详细规则回填","ok","True","False","","False","","True","通用-输出百度百家号版;通用-输出出版社版;通用-输出豆瓣版;通用-输出番茄版;通用-输出今日头条版;通用-输出七猫版;通用-输出起点中文网版;通用-输出微信订阅号版;通用-输出小红书版;通用-输出新浪微博版;通用-输出知乎版;通用-输出纵横小说版;通用-输出B站版;通用-输出GoodNovel版;通用-输出My Fiction版;通用-输出WebNovel版","False","True"
"异能志怪\skills\异能志怪-输出番茄版","题材边界与来源.md","异能志怪\skills\异能志怪-输出番茄版\references\题材边界与来源.md","1381","异能志怪-输出番茄版｜题材边界与来源","ok","True","False","","False","","False","","False","True"
"异能志怪\skills\异能志怪-输出番茄版","执行细则与题材补丁.md","异能志怪\skills\异能志怪-输出番茄版\references\执行细则与题材补丁.md","12207","异能志怪-输出番茄版｜执行细则与题材补丁","ok","True","False","","False","","False","","False","True"
"异能志怪\skills\异能志怪-输出七猫版","分节级补救映射与详细规则回填.md","异能志怪\skills\异能志怪-输出七猫版\references\分节级补救映射与详细规则回填.md","1359","异能志怪-输出七猫版｜分节级补救映射与详细规则回填","ok","True","False","","False","","True","通用-输出百度百家号版;通用-输出出版社版;通用-输出豆瓣版;通用-输出番茄版;通用-输出今日头条版;通用-输出七猫版;通用-输出起点中文网版;通用-输出微信订阅号版;通用-输出小红书版;通用-输出新浪微博版;通用-输出知乎版;通用-输出纵横小说版;通用-输出B站版;通用-输出GoodNovel版;通用-输出My Fiction版;通用-输出WebNovel版","False","True"
"异能志怪\skills\异能志怪-输出七猫版","题材边界与来源.md","异能志怪\skills\异能志怪-输出七猫版\references\题材边界与来源.md","1283","异能志怪-输出七猫版｜题材边界与来源","ok","True","False","","False","","False","","False","True"
"异能志怪\skills\异能志怪-输出七猫版","执行细则与题材补丁.md","异能志怪\skills\异能志怪-输出七猫版\references\执行细则与题材补丁.md","3496","异能志怪-输出七猫版｜执行细则与题材补丁","ok","True","False","","False","","False","","False","True"
"异能志怪\skills\异能志怪-输出微信订阅号版","分节级补救映射与详细规则回填.md","异能志怪\skills\异能志怪-输出微信订阅号版\references\分节级补救映射与详细规则回填.md","1026","异能志怪-输出微信订阅号版｜分节级补救映射与详细规则回填","ok","True","False","","False","","True","通用-输出百度百家号版;通用-输出出版社版;通用-输出豆瓣版;通用-输出番茄版;通用-输出今日头条版;通用-输出七猫版;通用-输出起点中文网版;通用-输出微信订阅号版;通用-输出小红书版;通用-输出新浪微博版;通用-输出知乎版;通用-输出纵横小说版;通用-输出B站版;通用-输出GoodNovel版;通用-输出My Fiction版;通用-输出WebNovel版","False","True"
"异能志怪\skills\异能志怪-输出微信订阅号版","题材边界与来源.md","异能志怪\skills\异能志怪-输出微信订阅号版\references\题材边界与来源.md","691","异能志怪-输出微信订阅号版｜题材边界与来源","ok","True","False","","False","","False","","False","True"
"异能志怪\skills\异能志怪-输出微信订阅号版","执行细则与题材补丁.md","异能志怪\skills\异能志怪-输出微信订阅号版\references\执行细则与题材补丁.md","1432","异能志怪-输出微信订阅号版｜执行细则与题材补丁","ok","True","False","","False","","False","","False","True"
"异能志怪\skills\异能志怪-输出小红书版","分节级补救映射与详细规则回填.md","异能志怪\skills\异能志怪-输出小红书版\references\分节级补救映射与详细规则回填.md","902","异能志怪-输出小红书版｜分节级补救映射与详细规则回填","ok","True","False","","False","","True","通用-输出百度百家号版;通用-输出出版社版;通用-输出豆瓣版;通用-输出番茄版;通用-输出今日头条版;通用-输出七猫版;通用-输出起点中文网版;通用-输出微信订阅号版;通用-输出小红书版;通用-输出新浪微博版;通用-输出知乎版;通用-输出纵横小说版;通用-输出B站版;通用-输出GoodNovel版;通用-输出My Fiction版;通用-输出WebNovel版","False","True"
"异能志怪\skills\异能志怪-输出小红书版","题材边界与来源.md","异能志怪\skills\异能志怪-输出小红书版\references\题材边界与来源.md","670","异能志怪-输出小红书版｜题材边界与来源","ok","True","False","","False","","False","","False","True"
"异能志怪\skills\异能志怪-输出小红书版","执行细则与题材补丁.md","异能志怪\skills\异能志怪-输出小红书版\references\执行细则与题材补丁.md","1581","异能志怪-输出小红书版｜执行细则与题材补丁","ok","True","False","","False","","False","","False","True"
"异能志怪\skills\异能志怪-输出新浪微博版","分节级补救映射与详细规则回填.md","异能志怪\skills\异能志怪-输出新浪微博版\references\分节级补救映射与详细规则回填.md","887","异能志怪-输出新浪微博版｜分节级补救映射与详细规则回填","ok","True","False","","False","","True","通用-输出百度百家号版;通用-输出出版社版;通用-输出豆瓣版;通用-输出番茄版;通用-输出今日头条版;通用-输出七猫版;通用-输出起点中文网版;通用-输出微信订阅号版;通用-输出小红书版;通用-输出新浪微博版;通用-输出知乎版;通用-输出纵横小说版;通用-输出B站版;通用-输出GoodNovel版;通用-输出My Fiction版;通用-输出WebNovel版","False","True"
"异能志怪\skills\异能志怪-输出新浪微博版","题材边界与来源.md","异能志怪\skills\异能志怪-输出新浪微博版\references\题材边界与来源.md","655","异能志怪-输出新浪微博版｜题材边界与来源","ok","True","False","","False","","False","","False","True"
"异能志怪\skills\异能志怪-输出新浪微博版","执行细则与题材补丁.md","异能志怪\skills\异能志怪-输出新浪微博版\references\执行细则与题材补丁.md","1534","异能志怪-输出新浪微博版｜执行细则与题材补丁","ok","True","False","","False","","False","","False","True"
"异能志怪\skills\异能志怪-输出知乎版","分节级补救映射与详细规则回填.md","异能志怪\skills\异能志怪-输出知乎版\references\分节级补救映射与详细规则回填.md","1144","异能志怪-输出知乎版｜分节级补救映射与详细规则回填","ok","True","False","","False","","True","通用-输出百度百家号版;通用-输出出版社版;通用-输出豆瓣版;通用-输出番茄版;通用-输出今日头条版;通用-输出七猫版;通用-输出起点中文网版;通用-输出微信订阅号版;通用-输出小红书版;通用-输出新浪微博版;通用-输出知乎版;通用-输出纵横小说版;通用-输出B站版;通用-输出GoodNovel版;通用-输出My Fiction版;通用-输出WebNovel版","False","True"
"异能志怪\skills\异能志怪-输出知乎版","题材边界与来源.md","异能志怪\skills\异能志怪-输出知乎版\references\题材边界与来源.md","671","异能志怪-输出知乎版｜题材边界与来源","ok","True","False","","False","","False","","False","True"
"异能志怪\skills\异能志怪-输出知乎版","执行细则与题材补丁.md","异能志怪\skills\异能志怪-输出知乎版\references\执行细则与题材补丁.md","3752","异能志怪-输出知乎版｜执行细则与题材补丁","ok","True","False","","False","","False","","False","True"
"异能志怪\skills\异能志怪-输出B站版","分节级补救映射与详细规则回填.md","异能志怪\skills\异能志怪-输出B站版\references\分节级补救映射与详细规则回填.md","864","异能志怪-输出B站版｜分节级补救映射与详细规则回填","ok","True","False","","False","","True","通用-输出百度百家号版;通用-输出出版社版;通用-输出豆瓣版;通用-输出番茄版;通用-输出今日头条版;通用-输出七猫版;通用-输出起点中文网版;通用-输出微信订阅号版;通用-输出小红书版;通用-输出新浪微博版;通用-输出知乎版;通用-输出纵横小说版;通用-输出B站版;通用-输出GoodNovel版;通用-输出My Fiction版;通用-输出WebNovel版","False","True"
"异能志怪\skills\异能志怪-输出B站版","题材边界与来源.md","异能志怪\skills\异能志怪-输出B站版\references\题材边界与来源.md","675","异能志怪-输出B站版｜题材边界与来源","ok","True","False","","False","","False","","False","True"
"异能志怪\skills\异能志怪-输出B站版","执行细则与题材补丁.md","异能志怪\skills\异能志怪-输出B站版\references\执行细则与题材补丁.md","1182","异能志怪-输出B站版｜执行细则与题材补丁","ok","True","False","","False","","False","","False","True"
"异能志怪\skills\异能志怪-输出GoodNovel版","分节级补救映射与详细规则回填.md","异能志怪\skills\异能志怪-输出GoodNovel版\references\分节级补救映射与详细规则回填.md","1422","异能志怪-输出GoodNovel版｜分节级补救映射与详细规则回填","ok","True","False","","False","","True","通用-输出百度百家号版;通用-输出出版社版;通用-输出豆瓣版;通用-输出番茄版;通用-输出今日头条版;通用-输出七猫版;通用-输出起点中文网版;通用-输出微信订阅号版;通用-输出小红书版;通用-输出新浪微博版;通用-输出知乎版;通用-输出纵横小说版;通用-输出B站版;通用-输出GoodNovel版;通用-输出My Fiction版;通用-输出WebNovel版","False","True"
"异能志怪\skills\异能志怪-输出GoodNovel版","题材边界与来源.md","异能志怪\skills\异能志怪-输出GoodNovel版\references\题材边界与来源.md","1391","异能志怪-输出GoodNovel版｜题材边界与来源","ok","True","False","","False","","False","","False","True"
"异能志怪\skills\异能志怪-输出GoodNovel版","执行细则与题材补丁.md","异能志怪\skills\异能志怪-输出GoodNovel版\references\执行细则与题材补丁.md","3107","异能志怪-输出GoodNovel版｜执行细则与题材补丁","ok","True","False","","False","","False","","False","True"
"异能志怪\skills\异能志怪-输出My Fiction版","分节级补救映射与详细规则回填.md","异能志怪\skills\异能志怪-输出My Fiction版\references\分节级补救映射与详细规则回填.md","931","异能志怪-输出My Fiction版｜分节级补救映射与详细规则回填","ok","True","False","","False","","True","通用-输出百度百家号版;通用-输出出版社版;通用-输出豆瓣版;通用-输出番茄版;通用-输出今日头条版;通用-输出七猫版;通用-输出起点中文网版;通用-输出微信订阅号版;通用-输出小红书版;通用-输出新浪微博版;通用-输出知乎版;通用-输出纵横小说版;通用-输出B站版;通用-输出GoodNovel版;通用-输出My Fiction版;通用-输出WebNovel版","False","True"
"异能志怪\skills\异能志怪-输出My Fiction版","题材边界与来源.md","异能志怪\skills\异能志怪-输出My Fiction版\references\题材边界与来源.md","713","异能志怪-输出My Fiction版｜题材边界与来源","ok","True","False","","False","","False","","False","True"
"异能志怪\skills\异能志怪-输出My Fiction版","执行细则与题材补丁.md","异能志怪\skills\异能志怪-输出My Fiction版\references\执行细则与题材补丁.md","10113","异能志怪 × MyFiction 补丁","ok","True","False","","False","","False","","False","True"
"异能志怪\skills\异能志怪-输出WebNovel版","分节级补救映射与详细规则回填.md","异能志怪\skills\异能志怪-输出WebNovel版\references\分节级补救映射与详细规则回填.md","1597","异能志怪-输出WebNovel版｜分节级补救映射与详细规则回填","ok","True","False","","False","","True","通用-输出百度百家号版;通用-输出出版社版;通用-输出豆瓣版;通用-输出番茄版;通用-输出今日头条版;通用-输出七猫版;通用-输出起点中文网版;通用-输出微信订阅号版;通用-输出小红书版;通用-输出新浪微博版;通用-输出知乎版;通用-输出纵横小说版;通用-输出B站版;通用-输出GoodNovel版;通用-输出My Fiction版;通用-输出WebNovel版","False","True"
"异能志怪\skills\异能志怪-输出WebNovel版","题材边界与来源.md","异能志怪\skills\异能志怪-输出WebNovel版\references\题材边界与来源.md","1397","异能志怪-输出WebNovel版｜题材边界与来源","ok","True","False","","False","","False","","False","True"
"异能志怪\skills\异能志怪-输出WebNovel版","执行细则与题材补丁.md","异能志怪\skills\异能志怪-输出WebNovel版\references\执行细则与题材补丁.md","4634","异能志怪-输出WebNovel版｜执行细则与题材补丁","ok","True","False","","False","","False","","False","True"
"异能志怪\skills\异能志怪-章节创作闭环","读者侧产物接入说明.md","异能志怪\skills\异能志怪-章节创作闭环\references\读者侧产物接入说明.md","809","读者侧产物接入说明","ok","True","False","","False","","False","","False","True"
"异能志怪\skills\异能志怪-章节创作闭环","题材章节创作闭环补充规则.md","异能志怪\skills\异能志怪-章节创作闭环\references\题材章节创作闭环补充规则.md","4153","题材章节创作闭环补充规则","ok","True","False","","False","","False","","False","True"
"异能志怪\skills\异能志怪-正文润色","控制卡与正文偏差检查清单.md","异能志怪\skills\异能志怪-正文润色\references\控制卡与正文偏差检查清单.md","526","控制卡与正文偏差检查清单","ok","True","False","","False","","False","","False","False"
"异能志怪\skills\异能志怪-正文润色","extended-polish-playbook.md","异能志怪\skills\异能志怪-正文润色\references\extended-polish-playbook.md","7270","正文润色扩展技法总表（题材补充壳）","ok","True","False","","False","","False","","False","False"
"异能志怪\skills\异能志怪-正文润色","extended-reference-routing.md","异能志怪\skills\异能志怪-正文润色\references\extended-reference-routing.md","837","扩展参考分流表（兼容壳）","ok","True","False","","False","","False","","False","False"
"异能志怪\skills\异能志怪-正文润色","line-level-polish-actions.md","异能志怪\skills\异能志怪-正文润色\references\line-level-polish-actions.md","768","句级润色动作表（兼容壳）","ok","True","False","","False","","False","","False","False"
"异能志怪\skills\异能志怪-正文润色","migrated-polish-rules.md","异能志怪\skills\异能志怪-正文润色\references\migrated-polish-rules.md","857","正文润色保真规则（兼容壳）","ok","True","False","","False","","False","","False","False"
"异能志怪\skills\异能志怪-正文润色","polish-chapter-checklist.md","异能志怪\skills\异能志怪-正文润色\references\polish-chapter-checklist.md","743","正文润色检查表（兼容壳）","ok","True","False","","False","","False","","False","False"
"异能志怪\skills\异能志怪-正文润色","project-specific-polish-rules.md","异能志怪\skills\异能志怪-正文润色\references\project-specific-polish-rules.md","12398","正文润色项目专属规则","ok","True","False","","False","","False","","False","False"
"异能志怪\skills\异能志怪-执行场景单元","控制卡到场景单元映射清单.md","异能志怪\skills\异能志怪-执行场景单元\references\控制卡到场景单元映射清单.md","1066","控制卡到场景单元映射清单","ok","True","False","","False","","False","","False","True"
"异能志怪\skills\异能志怪-执行场景单元","题材边界与入口说明.md","异能志怪\skills\异能志怪-执行场景单元\references\题材边界与入口说明.md","713","题材边界与兼容说明","ok","True","False","","False","","False","","False","True"
"异能志怪\skills\异能志怪-执行场景单元","microspace-ending-needle-bank.md","异能志怪\skills\异能志怪-执行场景单元\references\microspace-ending-needle-bank.md","3247","微空间章尾补针句库","ok","True","False","","False","","False","","False","True"
"异能志怪\skills\异能志怪-执行场景单元","microspace-evidence-carrier-menu.md","异能志怪\skills\异能志怪-执行场景单元\references\microspace-evidence-carrier-menu.md","3972","微空间证据载体菜单","ok","True","False","","False","","False","","False","True"
"异能志怪\skills\异能志怪-执行场景单元","microspace-scene-anti-patterns.md","异能志怪\skills\异能志怪-执行场景单元\references\microspace-scene-anti-patterns.md","3138","微空间场景禁忌清单","ok","True","False","","False","","False","","False","True"
"异能志怪\skills\异能志怪-执行场景单元","microspace-space-specific-line-bank.md","异能志怪\skills\异能志怪-执行场景单元\references\microspace-space-specific-line-bank.md","7407","微空间分型句库","ok","True","False","","False","","False","","False","True"
"异能志怪\skills\异能志怪-执行场景单元","sensory-and-distortion-toolbox.md","异能志怪\skills\异能志怪-执行场景单元\references\sensory-and-distortion-toolbox.md","851","感官与异化细节工具箱","ok","True","False","","False","","False","","False","True"
"异能志怪\skills\异能志怪-执行场景单元","space-type-usage-matrix.md","异能志怪\skills\异能志怪-执行场景单元\references\space-type-usage-matrix.md","630","空间类型速配表","ok","True","False","","False","","False","","False","True"
"异能志怪\skills\异能志怪-执行对话冲突","控制卡到对话冲突映射清单.md","异能志怪\skills\异能志怪-执行对话冲突\references\控制卡到对话冲突映射清单.md","939","控制卡到对话冲突映射清单","ok","True","False","","False","","False","","False","True"
"异能志怪\skills\异能志怪-执行对话冲突","题材对话冲突补充规则.md","异能志怪\skills\异能志怪-执行对话冲突\references\题材对话冲突补充规则.md","519","题材对话冲突补充规则","ok","True","False","","False","","False","","False","True"
"异能志怪\skills\异能志怪-执行微空间受限场景","感官压迫与代入针法.md","异能志怪\skills\异能志怪-执行微空间受限场景\references\感官压迫与代入针法.md","2712","感官压迫与代入针法","ok","True","False","","False","","False","","False","True"
"异能志怪\skills\异能志怪-执行微空间受限场景","开场与章尾钩子清单.md","异能志怪\skills\异能志怪-执行微空间受限场景\references\开场与章尾钩子清单.md","2378","开场与章尾钩子清单","ok","True","False","","False","","False","","False","True"
"异能志怪\skills\异能志怪-执行微空间受限场景","控制卡到微空间映射清单.md","异能志怪\skills\异能志怪-执行微空间受限场景\references\控制卡到微空间映射清单.md","918","控制卡到微空间映射清单","ok","True","False","","False","","False","","False","True"
"异能志怪\skills\异能志怪-执行微空间受限场景","民俗异术触发与代价表.md","异能志怪\skills\异能志怪-执行微空间受限场景\references\民俗异术触发与代价表.md","3282","民俗异术触发与代价表","ok","True","False","","False","","False","","False","True"
"异能志怪\skills\异能志怪-执行微空间受限场景","题材边界与入口说明.md","异能志怪\skills\异能志怪-执行微空间受限场景\references\题材边界与入口说明.md","2969","题材边界与入口说明","ok","True","False","","False","","False","","False","True"
"异能志怪\skills\异能志怪-执行微空间受限场景","微空间类型与现实功能表.md","异能志怪\skills\异能志怪-执行微空间受限场景\references\微空间类型与现实功能表.md","3584","微空间类型与现实功能表","ok","True","False","","False","","False","","False","True"
"异能志怪\skills\异能志怪-撰写内容简介","题材简介补充规则.md","异能志怪\skills\异能志怪-撰写内容简介\references\题材简介补充规则.md","1008","题材简介补充规则","ok","True","False","","False","","False","","False","True"
"异能志怪\skills\异能志怪-撰写书评","普通读者异能志怪书评切口库.md","异能志怪\skills\异能志怪-撰写书评\references\普通读者异能志怪书评切口库.md","688","普通读者异能志怪书评切口库","ok","True","False","","False","","False","","False","True"
"异能志怪\skills\异能志怪-撰写书评","题材书评补充规则.md","异能志怪\skills\异能志怪-撰写书评\references\题材书评补充规则.md","5026","题材书评补充规则","ok","True","False","","False","","False","","False","True"
"异能志怪\skills\异能志怪-组包投稿材料","起点内投材料落盘模板.md","异能志怪\skills\异能志怪-组包投稿材料\references\起点内投材料落盘模板.md","1230","起点内投材料落盘模板补充（异能志怪）","ok","True","False","","False","","False","","False","True"
"异能志怪\skills\异能志怪-组包投稿材料","题材投稿包补充规则.md","异能志怪\skills\异能志怪-组包投稿材料\references\题材投稿包补充规则.md","6229","题材投稿包补充规则","ok","True","False","","False","","False","","False","True"
"女频爱情\skills\女频爱情-创建小说正文","控制卡落正文与镜头化桥接.md","女频爱情\skills\女频爱情-创建小说正文\references\控制卡落正文与镜头化桥接.md","1011","控制卡落正文与镜头化桥接","ok","True","False","","False","","False","","False","False"
"女频爱情\skills\女频爱情-创建小说正文","题材正文创作补充规则.md","女频爱情\skills\女频爱情-创建小说正文\references\题材正文创作补充规则.md","11194","题材正文创作补充规则（女频爱情）","ok","True","False","","False","","False","","False","False"
"女频爱情\skills\女频爱情-大纲审阅优化闭环","题材大纲闭环补充规则.md","女频爱情\skills\女频爱情-大纲审阅优化闭环\references\题材大纲闭环补充规则.md","2717","题材大纲闭环补充规则（女频爱情）","ok","True","False","","False","","False","","False","False"
"女频爱情\skills\女频爱情-大纲审阅优化闭环","总纲分卷审改轮次与回写策略.md","女频爱情\skills\女频爱情-大纲审阅优化闭环\references\总纲分卷审改轮次与回写策略.md","981","总纲 / 分卷审改轮次与回写策略","ok","True","False","","False","","False","","False","False"
"女频爱情\skills\女频爱情-多平台输出编排","题材多平台输出保真规则.md","女频爱情\skills\女频爱情-多平台输出编排\references\题材多平台输出保真规则.md","1201","女频爱情-多平台输出编排｜多平台补充说明","ok","True","False","","False","","False","","False","False"
"女频爱情\skills\女频爱情-多平台输出编排","README.md","女频爱情\skills\女频爱情-多平台输出编排\references\README.md","1201","女频爱情-多平台输出编排｜多平台补充说明","orphan","False","False","","False","","True","通用-平台签约评估框架;通用-设计总大纲;通用-组包投稿材料","False","False"
"女频爱情\skills\女频爱情-多平台小说适配","女频爱情平台适配优先级矩阵.md","女频爱情\skills\女频爱情-多平台小说适配\references\女频爱情平台适配优先级矩阵.md","1201","女频爱情-多平台小说适配｜多平台补充说明","ok","True","False","","False","","False","","False","False"
"女频爱情\skills\女频爱情-分析竞对作品","女频爱情竞对分析补充维度.md","女频爱情\skills\女频爱情-分析竞对作品\references\女频爱情竞对分析补充维度.md","343","女频爱情竞对分析补充维度（存根）","ok","True","False","","False","","False","","False","False"
"女频爱情\skills\女频爱情-管理连续性冷热线","题材连续性补充规则.md","女频爱情\skills\女频爱情-管理连续性冷热线\references\题材连续性补充规则.md","3435","题材连续性补充规则","ok","True","False","","False","","False","","False","False"
"女频爱情\skills\女频爱情-平台签约评估框架","七猫免费平台签约死线清单.md","女频爱情\skills\女频爱情-平台签约评估框架\references\七猫免费平台签约死线清单.md","3969","七猫/番茄免费平台签约死线清单","ok","True","False","","False","","False","","False","False"
"女频爱情\skills\女频爱情-平台签约评估框架","起点女频爱情审核锚点与红线.md","女频爱情\skills\女频爱情-平台签约评估框架\references\起点女频爱情审核锚点与红线.md","3292","起点女频爱情审核锚点与红线","ok","True","False","","False","","False","","False","False"
"女频爱情\skills\女频爱情-平台签约评估框架","起点签约概率评估报告模板.md","女频爱情\skills\女频爱情-平台签约评估框架\references\起点签约概率评估报告模板.md","1445","起点签约概率评估报告模板补充（女频爱情）","ok","True","False","","False","","False","","False","False"
"女频爱情\skills\女频爱情-平台签约评估框架","起点签约概率评估检查清单.md","女频爱情\skills\女频爱情-平台签约评估框架\references\起点签约概率评估检查清单.md","17041","起点签约概率评估检查清单（女频爱情｜严格版）","ok","True","False","","False","","False","","False","False"
"女频爱情\skills\女频爱情-去AI味重写","都市冷压迫来源保护清单.md","女频爱情\skills\女频爱情-去AI味重写\references\都市冷压迫来源保护清单.md","775","女频爱情冷压迫来源保护清单","ok","True","False","","False","","False","","False","False"
"女频爱情\skills\女频爱情-去AI味重写","去AI味执行清单.md","女频爱情\skills\女频爱情-去AI味重写\references\去AI味执行清单.md","3654","去AI味执行清单","orphan","False","False","","False","","True","通用-去AI味重写","False","False"
"女频爱情\skills\女频爱情-去AI味重写","三级改造与工具包.md","女频爱情\skills\女频爱情-去AI味重写\references\三级改造与工具包.md","2068","三级改造与工具包","orphan","False","False","","False","","True","通用-去AI味重写","False","False"
"女频爱情\skills\女频爱情-去AI味重写","实战自检与陷阱.md","女频爱情\skills\女频爱情-去AI味重写\references\实战自检与陷阱.md","1253","实战自检与陷阱","ok","True","False","","False","","False","","False","False"
"女频爱情\skills\女频爱情-去AI味重写","数值双轨与视角保护.md","女频爱情\skills\女频爱情-去AI味重写\references\数值双轨与视角保护.md","754","数值双轨与视角保护","ok","True","False","","False","","False","","False","False"
"女频爱情\skills\女频爱情-去AI味重写","通用风格与排版补充.md","女频爱情\skills\女频爱情-去AI味重写\references\通用风格与排版补充.md","5207","通用风格与排版补充","ok","True","False","","False","","False","","False","False"
"女频爱情\skills\女频爱情-去AI味重写","与控制卡_正文润色_审阅章节正文的桥接规则.md","女频爱情\skills\女频爱情-去AI味重写\references\与控制卡_正文润色_审阅章节正文的桥接规则.md","994","与控制卡 / 正文润色 / 审阅章节正文的桥接规则","ok","True","False","","False","","False","","False","False"
"女频爱情\skills\女频爱情-去AI味重写","AI味识别雷达.md","女频爱情\skills\女频爱情-去AI味重写\references\AI味识别雷达.md","1863","AI味识别雷达","orphan","False","False","","False","","True","通用-去AI味重写","False","False"
"女频爱情\skills\女频爱情-去AI味重写","AI味识别与改写工具包.md","女频爱情\skills\女频爱情-去AI味重写\references\AI味识别与改写工具包.md","1599","AI味识别与改写工具包","ok","True","False","","False","","False","","False","False"
"女频爱情\skills\女频爱情-润色作者有话说","题材作者有话说补充规则.md","女频爱情\skills\女频爱情-润色作者有话说\references\题材作者有话说补充规则.md","1157","题材作者有话说补充规则","ok","True","False","","False","","False","","False","False"
"女频爱情\skills\女频爱情-润色作者有话说","作者有话说与读者侧产物协同.md","女频爱情\skills\女频爱情-润色作者有话说\references\作者有话说与读者侧产物协同.md","672","作者有话说与读者侧产物协同","ok","True","False","","False","","False","","False","False"
"女频爱情\skills\女频爱情-设计标题","各平台题材化书名补丁.md","女频爱情\skills\女频爱情-设计标题\references\各平台题材化书名补丁.md","1370","各平台题材化书名补丁（女频爱情）","ok","True","False","","False","","False","","False","False"
"女频爱情\skills\女频爱情-设计标题","题材书名补充规则.md","女频爱情\skills\女频爱情-设计标题\references\题材书名补充规则.md","1563","题材书名补充规则（女频爱情）","ok","True","False","","False","","False","","False","False"
"女频爱情\skills\女频爱情-设计分卷大纲","分部模板.md","女频爱情\skills\女频爱情-设计分卷大纲\references\分部模板.md","587","分部模板补充（女频爱情）","orphan","False","False","","False","","True","通用-设计分卷大纲","False","False"
"女频爱情\skills\女频爱情-设计分卷大纲","分部与分卷专属设计规则.md","女频爱情\skills\女频爱情-设计分卷大纲\references\分部与分卷专属设计规则.md","17914","分部与分卷专属设计规则","ok","True","False","","False","","False","","False","False"
"女频爱情\skills\女频爱情-设计分卷大纲","分卷模板与章节工件.md","女频爱情\skills\女频爱情-设计分卷大纲\references\分卷模板与章节工件.md","608","分卷模板与章节工件补充（女频爱情）","orphan","False","False","","False","","True","通用-设计分卷大纲","False","False"
"女频爱情\skills\女频爱情-设计分卷大纲","故事面供血分卷落地与首卷抓手.md","女频爱情\skills\女频爱情-设计分卷大纲\references\故事面供血分卷落地与首卷抓手.md","829","故事面供血、分卷落地与首卷抓手","ok","True","False","","False","","False","","False","False"
"女频爱情\skills\女频爱情-设计故事面","都市议题与职业处境耦合清单.md","女频爱情\skills\女频爱情-设计故事面\references\都市议题与职业处境耦合清单.md","1186","女频爱情议题与职业处境耦合清单","ok","True","False","","False","","False","","False","False"
"女频爱情\skills\女频爱情-设计故事设定","创新性要素库.md","女频爱情\skills\女频爱情-设计故事设定\references\创新性要素库.md","2104","创新性要素库","ok","True","False","","False","","False","","False","False"
"女频爱情\skills\女频爱情-设计故事设定","女频爱情设定规则与关系约束补丁.md","女频爱情\skills\女频爱情-设计故事设定\references\女频爱情设定规则与关系约束补丁.md","1540","女频爱情程序证据载体与权限校验补丁","ok","True","False","","False","","False","","False","False"
"女频爱情\skills\女频爱情-设计故事设定","示例格式与验证流程.md","女频爱情\skills\女频爱情-设计故事设定\references\示例格式与验证流程.md","728","示例格式与验证流程","orphan","False","False","","False","","True","通用-设计故事设定","False","False"
"女频爱情\skills\女频爱情-设计人物传记","创新人物设计与心理弧线规范.md","女频爱情\skills\女频爱情-设计人物传记\references\创新人物设计与心理弧线规范.md","4571","创新人物设计与心理弧线规范","ok","True","False","","False","","False","","False","False"
"女频爱情\skills\女频爱情-设计人物传记","创新性人物设计要点.md","女频爱情\skills\女频爱情-设计人物传记\references\创新性人物设计要点.md","1175","创新性人物设计要点","ok","True","False","","False","","False","","False","False"
"女频爱情\skills\女频爱情-设计人物传记","内容一致性与风险校验.md","女频爱情\skills\女频爱情-设计人物传记\references\内容一致性与风险校验.md","817","内容一致性与风险校验","ok","True","False","","False","","False","","False","False"
"女频爱情\skills\女频爱情-设计人物传记","人物传记模板与写作抓手.md","女频爱情\skills\女频爱情-设计人物传记\references\人物传记模板与写作抓手.md","659","人物传记模板与写作抓手补充（女频爱情）","ok","True","False","","False","","False","","False","False"
"女频爱情\skills\女频爱情-设计人物传记","三级大纲索引模板.md","女频爱情\skills\女频爱情-设计人物传记\references\三级大纲索引模板.md","657","三级大纲索引模板补充（女频爱情）","ok","True","False","","False","","False","","False","False"
"女频爱情\skills\女频爱情-设计人物传记","三级大纲索引示例.md","女频爱情\skills\女频爱情-设计人物传记\references\三级大纲索引示例.md","1237","三级大纲索引示例","ok","True","False","","False","","False","","False","False"
"女频爱情\skills\女频爱情-设计人物传记","心理弧线与索引规则.md","女频爱情\skills\女频爱情-设计人物传记\references\心理弧线与索引规则.md","1776","心理弧线与索引规则","orphan","False","False","","False","","True","通用-设计人物传记","False","False"
"女频爱情\skills\女频爱情-设计人物传记","质量控制与验证流程.md","女频爱情\skills\女频爱情-设计人物传记\references\质量控制与验证流程.md","772","质量控制与验证流程","orphan","False","False","","False","","True","通用-设计人物传记","False","False"
"女频爱情\skills\女频爱情-设计事件案件引擎","都市现实摩擦与单元事件供血规则.md","女频爱情\skills\女频爱情-设计事件案件引擎\references\都市现实摩擦与单元事件供血规则.md","1857","女频爱情现实摩擦与单元事件供血规则","ok","True","False","","False","","False","","False","False"
"女频爱情\skills\女频爱情-设计事件案件引擎","README.md","女频爱情\skills\女频爱情-设计事件案件引擎\references\README.md","224","题材 references 占位","orphan","False","False","","False","","True","通用-平台签约评估框架;通用-设计总大纲;通用-组包投稿材料","False","False"
"女频爱情\skills\女频爱情-设计题材定位框架","女频爱情定位与项目裁判源.md","女频爱情\skills\女频爱情-设计题材定位框架\references\女频爱情定位与项目裁判源.md","1819","女频爱情定位与项目裁判源","ok","True","False","","False","","False","","False","False"
"女频爱情\skills\女频爱情-设计题材定位框架","题材边界与入口说明.md","女频爱情\skills\女频爱情-设计题材定位框架\references\题材边界与入口说明.md","675","题材边界与入口说明（女频爱情）","ok","True","False","","False","","False","","False","False"
"女频爱情\skills\女频爱情-设计线索伏笔与回收台账","README.md","女频爱情\skills\女频爱情-设计线索伏笔与回收台账\references\README.md","403","女频爱情线索伏笔与回收台账补充清单（存根）","orphan","False","False","","False","","True","通用-平台签约评估框架;通用-设计总大纲;通用-组包投稿材料","False","True"
"女频爱情\skills\女频爱情-设计总大纲","故事面联动首卷承诺与平台闭环.md","女频爱情\skills\女频爱情-设计总大纲\references\故事面联动首卷承诺与平台闭环.md","1326","故事面联动、首卷承诺与平台闭环","ok","True","False","","False","","False","","False","False"
"女频爱情\skills\女频爱情-设计总大纲","总纲模板与验收.md","女频爱情\skills\女频爱情-设计总大纲\references\总纲模板与验收.md","975","总纲模板与验收补充（女频爱情）","ok","True","False","","False","","True","通用-设计总大纲","False","False"
"女频爱情\skills\女频爱情-设计总大纲","总纲专属设计规则.md","女频爱情\skills\女频爱情-设计总大纲\references\总纲专属设计规则.md","12107","总纲专属设计规则","ok","True","False","","False","","False","","False","False"
"女频爱情\skills\女频爱情-审阅分卷大纲","分部与分卷审阅报告增补.md","女频爱情\skills\女频爱情-审阅分卷大纲\references\分部与分卷审阅报告增补.md","5089","分部与分卷审阅报告增补","orphan","False","False","","False","","True","通用-审阅分卷大纲","False","False"
"女频爱情\skills\女频爱情-审阅分卷大纲","分部与分卷审阅专属检查清单.md","女频爱情\skills\女频爱情-审阅分卷大纲\references\分部与分卷审阅专属检查清单.md","8617","分部与分卷审阅专属检查清单","orphan","False","False","","False","","True","通用-审阅分卷大纲","False","False"
"女频爱情\skills\女频爱情-审阅分卷大纲","首卷留存章中回报与平台节奏诊断.md","女频爱情\skills\女频爱情-审阅分卷大纲\references\首卷留存章中回报与平台节奏诊断.md","831","首卷留存、章中回报与平台节奏诊断","ok","True","False","","False","","False","","False","False"
"女频爱情\skills\女频爱情-审阅分卷大纲","题材分卷审阅模板补充.md","女频爱情\skills\女频爱情-审阅分卷大纲\references\题材分卷审阅模板补充.md","5603","题材分卷审阅模板补充（女频爱情）","ok","True","False","","False","","False","","False","False"
"女频爱情\skills\女频爱情-审阅故事设定","题材技术审阅模板补充.md","女频爱情\skills\女频爱情-审阅故事设定\references\题材技术审阅模板补充.md","9036","题材技术审阅模板补充（女频爱情）","ok","True","False","","False","","False","","False","False"
"女频爱情\skills\女频爱情-审阅人物传记","人物传记审阅报告增补.md","女频爱情\skills\女频爱情-审阅人物传记\references\人物传记审阅报告增补.md","1257","人物传记审阅报告增补（女频爱情）","orphan","False","False","","False","","True","通用-审阅人物传记","False","False"
"女频爱情\skills\女频爱情-审阅人物传记","人物传记审阅检查清单.md","女频爱情\skills\女频爱情-审阅人物传记\references\人物传记审阅检查清单.md","3214","人物传记审阅检查清单（女频爱情补充）","orphan","False","False","","False","","True","通用-审阅人物传记","False","False"
"女频爱情\skills\女频爱情-审阅人物传记","审阅维度说明.md","女频爱情\skills\女频爱情-审阅人物传记\references\审阅维度说明.md","2100","审阅维度说明（女频爱情）","orphan","False","False","","False","","True","通用-审阅故事设定;通用-审阅人物传记","False","False"
"女频爱情\skills\女频爱情-审阅人物传记","题材人物审阅模板补充.md","女频爱情\skills\女频爱情-审阅人物传记\references\题材人物审阅模板补充.md","8468","题材人物审阅模板补充（女频爱情）","ok","True","False","","False","","False","","False","False"
"女频爱情\skills\女频爱情-审阅章节正文","都市现实针脚与回炉优先级.md","女频爱情\skills\女频爱情-审阅章节正文\references\都市现实针脚与回炉优先级.md","599","女频爱情现实针脚与回炉优先级","ok","True","False","","False","","False","","False","False"
"女频爱情\skills\女频爱情-审阅章节正文","黄金三章商业诊断清单.md","女频爱情\skills\女频爱情-审阅章节正文\references\黄金三章商业诊断清单.md","4236","黄金三章商业诊断清单","ok","True","False","","False","","False","","False","False"
"女频爱情\skills\女频爱情-审阅章节正文","控制卡_正文_审阅_回炉桥.md","女频爱情\skills\女频爱情-审阅章节正文\references\控制卡_正文_审阅_回炉桥.md","774","控制卡 → 正文 → 审阅 → 回炉桥","ok","True","False","","False","","False","","False","False"
"女频爱情\skills\女频爱情-审阅章节正文","题材章节正文审阅模板补充.md","女频爱情\skills\女频爱情-审阅章节正文\references\题材章节正文审阅模板补充.md","6000","题材章节正文审阅模板补充（女频爱情）","ok","True","False","","False","","False","","False","False"
"女频爱情\skills\女频爱情-审阅章节正文","章节审阅核心点.md","女频爱情\skills\女频爱情-审阅章节正文\references\章节审阅核心点.md","792","章节审阅核心点","ok","True","False","","False","","False","","False","False"
"女频爱情\skills\女频爱情-审阅章节正文","章节正文审阅报告增补.md","女频爱情\skills\女频爱情-审阅章节正文\references\章节正文审阅报告增补.md","959","章节正文审阅报告增补","ok","True","False","","False","","False","","False","False"
"女频爱情\skills\女频爱情-审阅章节正文","章节正文审阅检查清单.md","女频爱情\skills\女频爱情-审阅章节正文\references\章节正文审阅检查清单.md","1314","章节正文审阅检查清单","orphan","False","False","","False","","True","通用-审阅章节正文","False","False"
"女频爱情\skills\女频爱情-审阅总大纲","题材总纲审阅模板补充.md","女频爱情\skills\女频爱情-审阅总大纲\references\题材总纲审阅模板补充.md","5778","题材总纲审阅模板补充（女频爱情）","ok","True","False","","False","","False","","False","False"
"女频爱情\skills\女频爱情-审阅总大纲","总纲断供诊断与回写补丁.md","女频爱情\skills\女频爱情-审阅总大纲\references\总纲断供诊断与回写补丁.md","780","总纲断供诊断与回写补丁","ok","True","False","","False","","False","","False","False"
"女频爱情\skills\女频爱情-审阅总大纲","总纲审阅报告增补.md","女频爱情\skills\女频爱情-审阅总大纲\references\总纲审阅报告增补.md","4679","总纲审阅报告增补","orphan","False","False","","False","","True","通用-审阅总大纲","False","False"
"女频爱情\skills\女频爱情-审阅总大纲","总纲审阅专属检查清单.md","女频爱情\skills\女频爱情-审阅总大纲\references\总纲审阅专属检查清单.md","8110","总纲审阅专属检查清单","orphan","False","False","","False","","True","通用-审阅总大纲","False","False"
"女频爱情\skills\女频爱情-生成章节控制卡","卷首_中段_卷尾分型模板卡.md","女频爱情\skills\女频爱情-生成章节控制卡\references\卷首_中段_卷尾分型模板卡.md","455","分型模板卡补充（女频爱情）","ok","True","False","","False","","False","","False","False"
"女频爱情\skills\女频爱情-生成章节控制卡","可直接复制填写的女频爱情控制卡模板.md","女频爱情\skills\女频爱情-生成章节控制卡\references\可直接复制填写的女频爱情控制卡模板.md","616","控制卡补充模板（女频爱情）","ok","True","False","","False","","False","","False","False"
"女频爱情\skills\女频爱情-生成章节控制卡","控制卡标题段落与作者有话说策略.md","女频爱情\skills\女频爱情-生成章节控制卡\references\控制卡标题段落与作者有话说策略.md","963","控制卡标题、段落与作者有话说策略","ok","True","False","","False","","False","","False","False"
"女频爱情\skills\女频爱情-生成章节控制卡","题材控制卡补充规则.md","女频爱情\skills\女频爱情-生成章节控制卡\references\题材控制卡补充规则.md","943","题材控制卡补充规则","ok","True","False","","False","","False","","False","False"
"女频爱情\skills\女频爱情-输出出版社版","分节级补救映射与详细规则回填.md","女频爱情\skills\女频爱情-输出出版社版\references\分节级补救映射与详细规则回填.md","2139","女频爱情-输出出版社版｜分节级补救映射与详细规则回填","orphan","False","False","","False","","True","通用-输出百度百家号版;通用-输出出版社版;通用-输出豆瓣版;通用-输出番茄版;通用-输出今日头条版;通用-输出七猫版;通用-输出起点中文网版;通用-输出微信订阅号版;通用-输出小红书版;通用-输出新浪微博版;通用-输出知乎版;通用-输出纵横小说版;通用-输出B站版;通用-输出GoodNovel版;通用-输出My Fiction版;通用-输出WebNovel版","False","False"
"女频爱情\skills\女频爱情-输出出版社版","平台研究补充.md","女频爱情\skills\女频爱情-输出出版社版\references\平台研究补充.md","2061","平台研究补充","ok","True","False","","False","","False","","False","False"
"女频爱情\skills\女频爱情-输出出版社版","题材边界与来源.md","女频爱情\skills\女频爱情-输出出版社版\references\题材边界与来源.md","971","女频爱情-输出出版社版｜题材边界与来源","ok","True","False","","False","","False","","False","False"
"女频爱情\skills\女频爱情-输出出版社版","执行细则与题材补丁.md","女频爱情\skills\女频爱情-输出出版社版\references\执行细则与题材补丁.md","3135","女频爱情-输出出版社版｜执行细则与题材补丁","ok","True","False","","False","","False","","False","False"
"女频爱情\skills\女频爱情-输出豆瓣版","分节级补救映射与详细规则回填.md","女频爱情\skills\女频爱情-输出豆瓣版\references\分节级补救映射与详细规则回填.md","2182","女频爱情-输出豆瓣版｜分节级补救映射与详细规则回填","orphan","False","False","","False","","True","通用-输出百度百家号版;通用-输出出版社版;通用-输出豆瓣版;通用-输出番茄版;通用-输出今日头条版;通用-输出七猫版;通用-输出起点中文网版;通用-输出微信订阅号版;通用-输出小红书版;通用-输出新浪微博版;通用-输出知乎版;通用-输出纵横小说版;通用-输出B站版;通用-输出GoodNovel版;通用-输出My Fiction版;通用-输出WebNovel版","False","False"
"女频爱情\skills\女频爱情-输出豆瓣版","平台研究补充.md","女频爱情\skills\女频爱情-输出豆瓣版\references\平台研究补充.md","2086","平台研究补充","ok","True","False","","False","","False","","False","False"
"女频爱情\skills\女频爱情-输出豆瓣版","题材边界与来源.md","女频爱情\skills\女频爱情-输出豆瓣版\references\题材边界与来源.md","920","女频爱情-输出豆瓣版｜题材边界与来源","ok","True","False","","False","","False","","False","False"
"女频爱情\skills\女频爱情-输出豆瓣版","执行细则与题材补丁.md","女频爱情\skills\女频爱情-输出豆瓣版\references\执行细则与题材补丁.md","3346","女频爱情-输出豆瓣版｜执行细则与题材补丁","ok","True","False","","False","","False","","False","False"
"女频爱情\skills\女频爱情-输出番茄版","分节级补救映射与详细规则回填.md","女频爱情\skills\女频爱情-输出番茄版\references\分节级补救映射与详细规则回填.md","2462","女频爱情-输出番茄版｜分节级补救映射与详细规则回填","orphan","False","False","","False","","True","通用-输出百度百家号版;通用-输出出版社版;通用-输出豆瓣版;通用-输出番茄版;通用-输出今日头条版;通用-输出七猫版;通用-输出起点中文网版;通用-输出微信订阅号版;通用-输出小红书版;通用-输出新浪微博版;通用-输出知乎版;通用-输出纵横小说版;通用-输出B站版;通用-输出GoodNovel版;通用-输出My Fiction版;通用-输出WebNovel版","False","False"
"女频爱情\skills\女频爱情-输出番茄版","平台研究补充.md","女频爱情\skills\女频爱情-输出番茄版\references\平台研究补充.md","2791","平台研究补充","ok","True","False","","False","","False","","False","False"
"女频爱情\skills\女频爱情-输出番茄版","题材边界与来源.md","女频爱情\skills\女频爱情-输出番茄版\references\题材边界与来源.md","983","女频爱情-输出番茄版｜题材边界与来源","ok","True","False","","False","","False","","False","False"
"女频爱情\skills\女频爱情-输出番茄版","执行细则与题材补丁.md","女频爱情\skills\女频爱情-输出番茄版\references\执行细则与题材补丁.md","9555","女频爱情-输出番茄版｜执行细则与题材补丁","ok","True","False","","False","","False","","False","False"
"女频爱情\skills\女频爱情-输出微信订阅号版","分节级补救映射与详细规则回填.md","女频爱情\skills\女频爱情-输出微信订阅号版\references\分节级补救映射与详细规则回填.md","2220","女频爱情-输出微信订阅号版｜分节级补救映射与详细规则回填","orphan","False","False","","False","","True","通用-输出百度百家号版;通用-输出出版社版;通用-输出豆瓣版;通用-输出番茄版;通用-输出今日头条版;通用-输出七猫版;通用-输出起点中文网版;通用-输出微信订阅号版;通用-输出小红书版;通用-输出新浪微博版;通用-输出知乎版;通用-输出纵横小说版;通用-输出B站版;通用-输出GoodNovel版;通用-输出My Fiction版;通用-输出WebNovel版","False","False"
"女频爱情\skills\女频爱情-输出微信订阅号版","平台研究补充.md","女频爱情\skills\女频爱情-输出微信订阅号版\references\平台研究补充.md","2016","平台研究补充","ok","True","False","","False","","False","","False","False"
"女频爱情\skills\女频爱情-输出微信订阅号版","题材边界与来源.md","女频爱情\skills\女频爱情-输出微信订阅号版\references\题材边界与来源.md","950","女频爱情-输出微信订阅号版｜题材边界与来源","ok","True","False","","False","","False","","False","False"
"女频爱情\skills\女频爱情-输出微信订阅号版","执行细则与题材补丁.md","女频爱情\skills\女频爱情-输出微信订阅号版\references\执行细则与题材补丁.md","3283","女频爱情-输出微信订阅号版｜执行细则与题材补丁","ok","True","False","","False","","False","","False","False"
"女频爱情\skills\女频爱情-输出知乎版","分节级补救映射与详细规则回填.md","女频爱情\skills\女频爱情-输出知乎版\references\分节级补救映射与详细规则回填.md","2284","女频爱情-输出知乎版｜分节级补救映射与详细规则回填","orphan","False","False","","False","","True","通用-输出百度百家号版;通用-输出出版社版;通用-输出豆瓣版;通用-输出番茄版;通用-输出今日头条版;通用-输出七猫版;通用-输出起点中文网版;通用-输出微信订阅号版;通用-输出小红书版;通用-输出新浪微博版;通用-输出知乎版;通用-输出纵横小说版;通用-输出B站版;通用-输出GoodNovel版;通用-输出My Fiction版;通用-输出WebNovel版","False","False"
"女频爱情\skills\女频爱情-输出知乎版","平台研究补充.md","女频爱情\skills\女频爱情-输出知乎版\references\平台研究补充.md","2142","平台研究补充","ok","True","False","","False","","False","","False","False"
"女频爱情\skills\女频爱情-输出知乎版","题材边界与来源.md","女频爱情\skills\女频爱情-输出知乎版\references\题材边界与来源.md","974","女频爱情-输出知乎版｜题材边界与来源","ok","True","False","","False","","False","","False","False"
"女频爱情\skills\女频爱情-输出知乎版","执行细则与题材补丁.md","女频爱情\skills\女频爱情-输出知乎版\references\执行细则与题材补丁.md","3887","女频爱情-输出知乎版｜执行细则与题材补丁","ok","True","False","","False","","False","","False","False"
"女频爱情\skills\女频爱情-输出GoodNovel版","分节级补救映射与详细规则回填.md","女频爱情\skills\女频爱情-输出GoodNovel版\references\分节级补救映射与详细规则回填.md","2273","女频爱情-输出GoodNovel版｜分节级补救映射与详细规则回填","orphan","False","False","","False","","True","通用-输出百度百家号版;通用-输出出版社版;通用-输出豆瓣版;通用-输出番茄版;通用-输出今日头条版;通用-输出七猫版;通用-输出起点中文网版;通用-输出微信订阅号版;通用-输出小红书版;通用-输出新浪微博版;通用-输出知乎版;通用-输出纵横小说版;通用-输出B站版;通用-输出GoodNovel版;通用-输出My Fiction版;通用-输出WebNovel版","False","False"
"女频爱情\skills\女频爱情-输出GoodNovel版","平台研究补充.md","女频爱情\skills\女频爱情-输出GoodNovel版\references\平台研究补充.md","1807","平台研究补充","ok","True","False","","False","","False","","False","False"
"女频爱情\skills\女频爱情-输出GoodNovel版","题材边界与来源.md","女频爱情\skills\女频爱情-输出GoodNovel版\references\题材边界与来源.md","977","女频爱情-输出GoodNovel版｜题材边界与来源","ok","True","False","","False","","False","","False","False"
"女频爱情\skills\女频爱情-输出GoodNovel版","执行细则与题材补丁.md","女频爱情\skills\女频爱情-输出GoodNovel版\references\执行细则与题材补丁.md","3196","女频爱情-输出GoodNovel版｜执行细则与题材补丁","ok","True","False","","False","","False","","False","False"
"女频爱情\skills\女频爱情-输出My Fiction版","分节级补救映射与详细规则回填.md","女频爱情\skills\女频爱情-输出My Fiction版\references\分节级补救映射与详细规则回填.md","2141","女频爱情-输出My Fiction版｜分节级补救映射与详细规则回填","orphan","False","False","","False","","True","通用-输出百度百家号版;通用-输出出版社版;通用-输出豆瓣版;通用-输出番茄版;通用-输出今日头条版;通用-输出七猫版;通用-输出起点中文网版;通用-输出微信订阅号版;通用-输出小红书版;通用-输出新浪微博版;通用-输出知乎版;通用-输出纵横小说版;通用-输出B站版;通用-输出GoodNovel版;通用-输出My Fiction版;通用-输出WebNovel版","False","False"
"女频爱情\skills\女频爱情-输出My Fiction版","平台研究补充.md","女频爱情\skills\女频爱情-输出My Fiction版\references\平台研究补充.md","1876","平台研究补充","ok","True","False","","False","","False","","False","False"
"女频爱情\skills\女频爱情-输出My Fiction版","题材边界与来源.md","女频爱情\skills\女频爱情-输出My Fiction版\references\题材边界与来源.md","990","女频爱情-输出My Fiction版｜题材边界与来源","ok","True","False","","False","","False","","False","False"
"女频爱情\skills\女频爱情-输出My Fiction版","执行细则与题材补丁.md","女频爱情\skills\女频爱情-输出My Fiction版\references\执行细则与题材补丁.md","3129","女频爱情-输出My Fiction版｜执行细则与题材补丁","ok","True","False","","False","","False","","False","False"
"女频爱情\skills\女频爱情-输出WebNovel版","分节级补救映射与详细规则回填.md","女频爱情\skills\女频爱情-输出WebNovel版\references\分节级补救映射与详细规则回填.md","2224","女频爱情-输出WebNovel版｜分节级补救映射与详细规则回填","orphan","False","False","","False","","True","通用-输出百度百家号版;通用-输出出版社版;通用-输出豆瓣版;通用-输出番茄版;通用-输出今日头条版;通用-输出七猫版;通用-输出起点中文网版;通用-输出微信订阅号版;通用-输出小红书版;通用-输出新浪微博版;通用-输出知乎版;通用-输出纵横小说版;通用-输出B站版;通用-输出GoodNovel版;通用-输出My Fiction版;通用-输出WebNovel版","False","False"
"女频爱情\skills\女频爱情-输出WebNovel版","平台研究补充.md","女频爱情\skills\女频爱情-输出WebNovel版\references\平台研究补充.md","2803","平台研究补充","ok","True","False","","False","","False","","False","False"
"女频爱情\skills\女频爱情-输出WebNovel版","题材边界与来源.md","女频爱情\skills\女频爱情-输出WebNovel版\references\题材边界与来源.md","1030","女频爱情-输出WebNovel版｜题材边界与来源","ok","True","False","","False","","False","","False","False"
"女频爱情\skills\女频爱情-输出WebNovel版","执行细则与题材补丁.md","女频爱情\skills\女频爱情-输出WebNovel版\references\执行细则与题材补丁.md","3651","女频爱情-输出WebNovel版｜执行细则与题材补丁","ok","True","False","","False","","False","","False","False"
"女频爱情\skills\女频爱情-章节创作闭环","读者侧产物接线规则.md","女频爱情\skills\女频爱情-章节创作闭环\references\读者侧产物接线规则.md","698","读者侧产物接线规则","ok","True","False","","False","","False","","False","False"
"女频爱情\skills\女频爱情-章节创作闭环","控制卡入正文施工与回炉桥.md","女频爱情\skills\女频爱情-章节创作闭环\references\控制卡入正文施工与回炉桥.md","948","控制卡入正文施工与回炉桥","ok","True","False","","False","","False","","False","False"
"女频爱情\skills\女频爱情-章节创作闭环","题材章节创作闭环补充规则.md","女频爱情\skills\女频爱情-章节创作闭环\references\题材章节创作闭环补充规则.md","3441","题材章节创作闭环补充规则（女频爱情）","ok","True","False","","False","","False","","False","False"
"女频爱情\skills\女频爱情-章节创作闭环","阅读笔记与分章书评路径约定补充.md","女频爱情\skills\女频爱情-章节创作闭环\references\阅读笔记与分章书评路径约定补充.md","586","阅读笔记与分章书评路径约定补充","ok","True","False","","False","","False","","False","False"
"女频爱情\skills\女频爱情-正文润色","章节正文润色检查清单.md","女频爱情\skills\女频爱情-正文润色\references\章节正文润色检查清单.md","1993","女频爱情-章节正文润色检查清单","ok","True","False","","False","","False","","False","False"
"女频爱情\skills\女频爱情-正文润色","章节正文润色流程.md","女频爱情\skills\女频爱情-正文润色\references\章节正文润色流程.md","3693","女频爱情-章节正文润色流程","ok","True","False","","False","","False","","False","False"
"女频爱情\skills\女频爱情-正文润色","正文润色数值双轨禁忌与沉浸控制.md","女频爱情\skills\女频爱情-正文润色\references\正文润色数值双轨禁忌与沉浸控制.md","37765","正文润色数值双轨禁忌与沉浸控制","orphan","False","False","","False","","True","通用-正文润色","False","False"
"女频爱情\skills\女频爱情-正文润色","正文润色增强技法与读者机制.md","女频爱情\skills\女频爱情-正文润色\references\正文润色增强技法与读者机制.md","29776","正文润色增强技法与读者机制","orphan","False","False","","False","","True","通用-正文润色","False","False"
"女频爱情\skills\女频爱情-正文润色","正文润色执行流程与输出规范.md","女频爱情\skills\女频爱情-正文润色\references\正文润色执行流程与输出规范.md","18361","正文润色执行流程与输出规范","orphan","False","False","","False","","True","通用-正文润色","False","False"
"女频爱情\skills\女频爱情-正文润色","正文润色总裁判与交付规则.md","女频爱情\skills\女频爱情-正文润色\references\正文润色总裁判与交付规则.md","10842","正文润色总裁判与交付规则","ok","True","False","","False","","False","","False","False"
"女频爱情\skills\女频爱情-执行场景单元","都市日常异化与场景压迫补丁.md","女频爱情\skills\女频爱情-执行场景单元\references\都市日常异化与场景压迫补丁.md","672","女频爱情日常异化与场景压迫补丁","ok","True","False","","False","","False","","False","False"
"女频爱情\skills\女频爱情-执行场景单元","控制卡到场景单元桥接模板.md","女频爱情\skills\女频爱情-执行场景单元\references\控制卡到场景单元桥接模板.md","563","控制卡到场景单元桥接补充（女频爱情）","ok","True","False","","False","","False","","False","False"
"女频爱情\skills\女频爱情-执行场景单元","README.md","女频爱情\skills\女频爱情-执行场景单元\references\README.md","185","题材 references 占位","orphan","False","False","","False","","True","通用-平台签约评估框架;通用-设计总大纲;通用-组包投稿材料","True","False"
"女频爱情\skills\女频爱情-执行对话冲突","都市职业话术与问责约谈压迫补充.md","女频爱情\skills\女频爱情-执行对话冲突\references\都市职业话术与问责约谈压迫补充.md","1119","女频爱情职业话术与问责约谈压迫补充","ok","True","False","","False","","False","","False","False"
"女频爱情\skills\女频爱情-执行对话冲突","控制卡回报点与对话施压桥.md","女频爱情\skills\女频爱情-执行对话冲突\references\控制卡回报点与对话施压桥.md","735","控制卡回报点与对话施压桥","ok","True","False","","False","","False","","False","False"
"女频爱情\skills\女频爱情-执行对话冲突","README.md","女频爱情\skills\女频爱情-执行对话冲突\references\README.md","191","题材 references 占位","orphan","False","False","","False","","True","通用-平台签约评估框架;通用-设计总大纲;通用-组包投稿材料","True","False"
"女频爱情\skills\女频爱情-执行微空间受限场景","都市微空间异化手法与禁行项.md","女频爱情\skills\女频爱情-执行微空间受限场景\references\都市微空间异化手法与禁行项.md","605","女频爱情微空间异化手法与禁行项","ok","True","False","","False","","False","","False","False"
"女频爱情\skills\女频爱情-执行微空间受限场景","控制卡压进微空间镜头的施工桥.md","女频爱情\skills\女频爱情-执行微空间受限场景\references\控制卡压进微空间镜头的施工桥.md","864","控制卡压进微空间镜头的施工桥","ok","True","False","","False","","False","","False","False"
"女频爱情\skills\女频爱情-执行微空间受限场景","README.md","女频爱情\skills\女频爱情-执行微空间受限场景\references\README.md","203","题材 references 占位","orphan","False","False","","False","","True","通用-平台签约评估框架;通用-设计总大纲;通用-组包投稿材料","False","False"
"女频爱情\skills\女频爱情-撰写内容简介","题材简介补充规则.md","女频爱情\skills\女频爱情-撰写内容简介\references\题材简介补充规则.md","1949","题材简介补充规则（女频爱情）","ok","True","False","","False","","False","","False","False"
"女频爱情\skills\女频爱情-撰写书评","女频爱情按平台推荐书评模板组.md","女频爱情\skills\女频爱情-撰写书评\references\女频爱情按平台推荐书评模板组.md","587","按平台书评模板组补充（女频爱情）","ok","True","False","","False","","False","","False","False"
"女频爱情\skills\女频爱情-撰写书评","普通读者女频爱情书评切口库.md","女频爱情\skills\女频爱情-撰写书评\references\普通读者女频爱情书评切口库.md","973","普通读者女频爱情书评切口库","ok","True","False","","False","","False","","False","False"
"女频爱情\skills\女频爱情-撰写书评","题材书评补充规则.md","女频爱情\skills\女频爱情-撰写书评\references\题材书评补充规则.md","1516","题材书评补充规则（女频爱情）","ok","True","False","","False","","False","","False","False"
"女频爱情\skills\女频爱情-组包投稿材料","起点内投材料落盘模板.md","女频爱情\skills\女频爱情-组包投稿材料\references\起点内投材料落盘模板.md","1055","起点内投材料落盘模板补充（女频爱情）","ok","True","False","","False","","False","","False","False"
"女频爱情\skills\女频爱情-组包投稿材料","题材投稿包补充规则.md","女频爱情\skills\女频爱情-组包投稿材料\references\题材投稿包补充规则.md","4381","题材投稿包补充规则（女频爱情）","ok","True","False","","False","","False","","False","False"
".github\skills\create-genre-skill-skeletons","all-13-platform-section-recovery-mapping.md",".github\skills\create-genre-skill-skeletons\references\all-13-platform-section-recovery-mapping.md","8810","13 个输出平台分节级补救映射与详细规则回填总图","dead","False","False","","False","","False","","False","False"
".github\skills\create-genre-skill-skeletons","dual-genre-output-platform-migration-ledger.md",".github\skills\create-genre-skill-skeletons\references\dual-genre-output-platform-migration-ledger.md","7534","双题材输出平台迁移总台账","dead","False","False","","False","","False","","False","False"
".github\skills\create-genre-skill-skeletons","genre-skill-skeleton-template.md",".github\skills\create-genre-skill-skeletons\references\genre-skill-skeleton-template.md","3671","题材 Skill 骨架模板","ok","True","False","","False","","False","","False","False"
".github\skills\create-genre-skill-skeletons","output-platform-lossless-mapping-ledger-template.md",".github\skills\create-genre-skill-skeletons\references\output-platform-lossless-mapping-ledger-template.md","2346","输出平台 Skill 无损迁移台账模板","dead","False","False","","False","","False","","False","False"
".github\skills\create-genre-skill-skeletons","output-platform-migration-audit-checklist.md",".github\skills\create-genre-skill-skeletons\references\output-platform-migration-audit-checklist.md","2530","输出平台 Skill 迁移审计清单","dead","False","False","","False","","False","","False","False"
".github\skills\create-genre-skill-skeletons","pilot-shared-platform-lossless-mapping-ledger.md",".github\skills\create-genre-skill-skeletons\references\pilot-shared-platform-lossless-mapping-ledger.md","2855","首批共享平台迁移状态台账（番茄 / 知乎 / WebNovel）","dead","False","False","","False","","False","","False","False"
".github\skills\create-genre-skill-skeletons","pilot-shared-platform-section-mapping.md",".github\skills\create-genre-skill-skeletons\references\pilot-shared-platform-section-mapping.md","8547","首批共享平台分节级无损映射（番茄 / 知乎 / WebNovel）","dead","False","False","","False","","False","","False","False"
".github\skills\create-genre-skill-skeletons","standard-genre-skill-list.md",".github\skills\create-genre-skill-skeletons\references\standard-genre-skill-list.md","7483","标准题材 Skill 清单","ok","True","False","","False","","False","","False","False"
