"ScanCategory","FilePath","FileSize","RefCount","RefBySkills","Status"
"scripts","scripts\annotate_cache_layers.ps1","7756","0","","unreferenced"
"scripts","scripts\audit_crosref_deadfiles.ps1","9903","0","","unreferenced"
"scripts","scripts\audit_skill_structure.ps1","12431","0","","unreferenced"
"scripts","scripts\batch_insert_platform_rules.ps1","2501","0","","unreferenced"
"scripts","scripts\batch_platform_rules.ps1","4057","0","","unreferenced"
"scripts","scripts\bjh_body_server.mjs","4033","1","小说分发\分发-百度百家号\SKILL.md","referenced"
"scripts","scripts\chapter_similarity_check.ps1","9456","1","CommonSkills\通用-多平台输出编排\SKILL.md","referenced"
"scripts","scripts\check_internal_dup.ps1","1383","0","","unreferenced"
"scripts","scripts\check_no_cjk_except_marker.ps1","1652","3","CommonSkills\通用-输出GoodNovel版\SKILL.md; CommonSkills\通用-输出My Fiction版\SKILL.md; CommonSkills\通用-输出WebNovel版\SKILL.md","referenced"
"scripts","scripts\cleanup_cn_sentence_inserts.ps1","3422","0","","unreferenced"
"scripts","scripts\cn_lexicon_profile_transform.ps1","8720","19","CommonSkills\通用-多平台小说适配\SKILL.md; CommonSkills\通用-多平台输出编排\SKILL.md; CommonSkills\通用-提纯多平台母稿\SKILL.md; CommonSkills\通用-输出B站版\SKILL.md; CommonSkills\通用-输出GoodNovel版\SKILL.md; CommonSkills\通用-输出My Fiction版\SKILL.md; CommonSkills\通用-输出WebNovel版\SKILL.md; CommonSkills\通用-输出七猫版\SKILL.md; CommonSkills\通用-输出今日头条版\SKILL.md; CommonSkills\通用-输出出版社版\SKILL.md; CommonSkills\通用-输出小红书版\SKILL.md; CommonSkills\通用-输出微信订阅号版\SKILL.md; CommonSkills\通用-输出新浪微博版\SKILL.md; CommonSkills\通用-输出番茄版\SKILL.md; CommonSkills\通用-输出百度百家号版\SKILL.md; CommonSkills\通用-输出知乎版\SKILL.md; CommonSkills\通用-输出纵横小说版\SKILL.md; CommonSkills\通用-输出豆瓣版\SKILL.md; CommonSkills\通用-输出起点中文网版\SKILL.md","referenced"
"scripts","scripts\content_parts_server.mjs","6225","15","小说分发\分发-B站\SKILL.md; 小说分发\分发-GoodNovel\SKILL.md; 小说分发\分发-My Fiction\SKILL.md; 小说分发\分发-WebNovel\SKILL.md; 小说分发\分发-七猫小说\SKILL.md; 小说分发\分发-今日头条\SKILL.md; 小说分发\分发-小红书\SKILL.md; 小说分发\分发-微信订阅号\SKILL.md; 小说分发\分发-新浪微博\SKILL.md; 小说分发\分发-番茄小说\SKILL.md; 小说分发\分发-百度百家号\SKILL.md; 小说分发\分发-知乎小说\SKILL.md; 小说分发\分发-纵横中文网\SKILL.md; 小说分发\分发-豆瓣\SKILL.md; 小说分发\分发-起点中文网\SKILL.md","referenced"
"scripts","scripts\convert_paradigm.ps1","2243","0","","unreferenced"
"scripts","scripts\count-afterword-words.ps1","2728","6","CommonSkills\通用-多平台输出编排\SKILL.md; CommonSkills\通用-审阅章节正文\SKILL.md; CommonSkills\通用-润色作者有话说\SKILL.md; CommonSkills\通用-输出GoodNovel版\SKILL.md; CommonSkills\通用-输出My Fiction版\SKILL.md; CommonSkills\通用-输出WebNovel版\SKILL.md","referenced"
"scripts","scripts\count-afterword.ps1","4542","19","CommonSkills\通用-创建小说正文\SKILL.md; CommonSkills\通用-多平台输出编排\SKILL.md; CommonSkills\通用-审阅章节正文\SKILL.md; CommonSkills\通用-正文润色\SKILL.md; CommonSkills\通用-润色作者有话说\SKILL.md; CommonSkills\通用-章节创作闭环\SKILL.md; CommonSkills\通用-输出B站版\SKILL.md; CommonSkills\通用-输出七猫版\SKILL.md; CommonSkills\通用-输出今日头条版\SKILL.md; CommonSkills\通用-输出出版社版\SKILL.md; CommonSkills\通用-输出小红书版\SKILL.md; CommonSkills\通用-输出微信订阅号版\SKILL.md; CommonSkills\通用-输出新浪微博版\SKILL.md; CommonSkills\通用-输出番茄版\SKILL.md; CommonSkills\通用-输出百度百家号版\SKILL.md; CommonSkills\通用-输出知乎版\SKILL.md; CommonSkills\通用-输出纵横小说版\SKILL.md; CommonSkills\通用-输出豆瓣版\SKILL.md; CommonSkills\通用-输出起点中文网版\SKILL.md","referenced"
"scripts","scripts\count-chapter.ps1","2075","21","CommonSkills\通用-创建小说正文\SKILL.md; CommonSkills\通用-多平台输出编排\SKILL.md; CommonSkills\通用-审阅章节正文\SKILL.md; CommonSkills\通用-正文润色\SKILL.md; CommonSkills\通用-章节创作闭环\SKILL.md; CommonSkills\通用-输出B站版\SKILL.md; CommonSkills\通用-输出GoodNovel版\SKILL.md; CommonSkills\通用-输出My Fiction版\SKILL.md; CommonSkills\通用-输出WebNovel版\SKILL.md; CommonSkills\通用-输出七猫版\SKILL.md; CommonSkills\通用-输出今日头条版\SKILL.md; CommonSkills\通用-输出出版社版\SKILL.md; CommonSkills\通用-输出小红书版\SKILL.md; CommonSkills\通用-输出微信订阅号版\SKILL.md; CommonSkills\通用-输出新浪微博版\SKILL.md; CommonSkills\通用-输出番茄版\SKILL.md; CommonSkills\通用-输出百度百家号版\SKILL.md; CommonSkills\通用-输出知乎版\SKILL.md; CommonSkills\通用-输出纵横小说版\SKILL.md; CommonSkills\通用-输出豆瓣版\SKILL.md; CommonSkills\通用-输出起点中文网版\SKILL.md","referenced"
"scripts","scripts\dedup_cache_layers.ps1","2628","0","","unreferenced"
"scripts","scripts\diag_cn_repetition.ps1","5161","0","","unreferenced"
"scripts","scripts\diag_en_marker_metrics.ps1","1224","0","","unreferenced"
"scripts","scripts\export-tomato.ps1","1629","0","","unreferenced"
"scripts","scripts\extract_heldout.ps1","836","0","","unreferenced"
"scripts","scripts\extract_platform_eval_refs.ps1","7306","0","","unreferenced"
"scripts","scripts\extract_profile_refs.ps1","5606","0","","unreferenced"
"scripts","scripts\extract_samples.ps1","1431","0","","unreferenced"
"scripts","scripts\fix_dead_refs.ps1","3389","0","","unreferenced"
"scripts","scripts\fix_deepresearch_frontmatter.ps1","3205","0","","unreferenced"
"scripts","scripts\fix_deepresearch2.ps1","1120","0","","unreferenced"
"scripts","scripts\fix_remaining_dead.ps1","2108","0","","unreferenced"
"scripts","scripts\fix_toutiao_skill.ps1","1651","0","","unreferenced"
"scripts","scripts\format_novel_markdown.ps1","7254","0","","unreferenced"
"scripts","scripts\normalize_cn_body_paragraphs.ps1","3078","0","","unreferenced"
"scripts","scripts\pad_to_gate.ps1","9700","0","","unreferenced"
"scripts","scripts\platform_validate.ps1","11299","4","CommonSkills\通用-多平台输出编排\SKILL.md; CommonSkills\通用-输出GoodNovel版\SKILL.md; CommonSkills\通用-输出My Fiction版\SKILL.md; CommonSkills\通用-输出WebNovel版\SKILL.md","referenced"
"scripts","scripts\pov_validate.py","5666","17","CommonSkills\通用-多平台输出编排\SKILL.md; CommonSkills\通用-输出B站版\SKILL.md; CommonSkills\通用-输出GoodNovel版\SKILL.md; CommonSkills\通用-输出My Fiction版\SKILL.md; CommonSkills\通用-输出WebNovel版\SKILL.md; CommonSkills\通用-输出七猫版\SKILL.md; CommonSkills\通用-输出今日头条版\SKILL.md; CommonSkills\通用-输出出版社版\SKILL.md; CommonSkills\通用-输出小红书版\SKILL.md; CommonSkills\通用-输出微信订阅号版\SKILL.md; CommonSkills\通用-输出新浪微博版\SKILL.md; CommonSkills\通用-输出番茄版\SKILL.md; CommonSkills\通用-输出百度百家号版\SKILL.md; CommonSkills\通用-输出知乎版\SKILL.md; CommonSkills\通用-输出纵横小说版\SKILL.md; CommonSkills\通用-输出豆瓣版\SKILL.md; CommonSkills\通用-输出起点中文网版\SKILL.md","referenced"
"scripts","scripts\prune_cn_body_sentences.ps1","6071","0","","unreferenced"
"scripts","scripts\reduce_pad_like_lines.ps1","11169","0","","unreferenced"
"scripts","scripts\reflow_cn_markdown_body.ps1","3297","0","","unreferenced"
"scripts","scripts\remove_evidence_ledger_blocks.ps1","1595","0","","unreferenced"
"scripts","scripts\remove_invisible_random_blocks.ps1","2841","0","","unreferenced"
"scripts","scripts\remove_private_use_chars.ps1","4149","0","","unreferenced"
"scripts","scripts\remove_random_blocks.ps1","1983","0","","unreferenced"
"scripts","scripts\rename-zhihu-titles.ps1","6480","0","","unreferenced"
"scripts","scripts\rephrase_cn_body.ps1","13017","19","CommonSkills\通用-多平台小说适配\SKILL.md; CommonSkills\通用-多平台输出编排\SKILL.md; CommonSkills\通用-提纯多平台母稿\SKILL.md; CommonSkills\通用-输出B站版\SKILL.md; CommonSkills\通用-输出GoodNovel版\SKILL.md; CommonSkills\通用-输出My Fiction版\SKILL.md; CommonSkills\通用-输出WebNovel版\SKILL.md; CommonSkills\通用-输出七猫版\SKILL.md; CommonSkills\通用-输出今日头条版\SKILL.md; CommonSkills\通用-输出出版社版\SKILL.md; CommonSkills\通用-输出小红书版\SKILL.md; CommonSkills\通用-输出微信订阅号版\SKILL.md; CommonSkills\通用-输出新浪微博版\SKILL.md; CommonSkills\通用-输出番茄版\SKILL.md; CommonSkills\通用-输出百度百家号版\SKILL.md; CommonSkills\通用-输出知乎版\SKILL.md; CommonSkills\通用-输出纵横小说版\SKILL.md; CommonSkills\通用-输出豆瓣版\SKILL.md; CommonSkills\通用-输出起点中文网版\SKILL.md","referenced"
"scripts","scripts\rephrase_en_body.ps1","10850","19","CommonSkills\通用-多平台小说适配\SKILL.md; CommonSkills\通用-多平台输出编排\SKILL.md; CommonSkills\通用-提纯多平台母稿\SKILL.md; CommonSkills\通用-输出B站版\SKILL.md; CommonSkills\通用-输出GoodNovel版\SKILL.md; CommonSkills\通用-输出My Fiction版\SKILL.md; CommonSkills\通用-输出WebNovel版\SKILL.md; CommonSkills\通用-输出七猫版\SKILL.md; CommonSkills\通用-输出今日头条版\SKILL.md; CommonSkills\通用-输出出版社版\SKILL.md; CommonSkills\通用-输出小红书版\SKILL.md; CommonSkills\通用-输出微信订阅号版\SKILL.md; CommonSkills\通用-输出新浪微博版\SKILL.md; CommonSkills\通用-输出番茄版\SKILL.md; CommonSkills\通用-输出百度百家号版\SKILL.md; CommonSkills\通用-输出知乎版\SKILL.md; CommonSkills\通用-输出纵横小说版\SKILL.md; CommonSkills\通用-输出豆瓣版\SKILL.md; CommonSkills\通用-输出起点中文网版\SKILL.md","referenced"
"scripts","scripts\replace_body_before_marker.ps1","5037","0","","unreferenced"
"scripts","scripts\run_pov_gate.ps1","2191","17","CommonSkills\通用-多平台输出编排\SKILL.md; CommonSkills\通用-输出B站版\SKILL.md; CommonSkills\通用-输出GoodNovel版\SKILL.md; CommonSkills\通用-输出My Fiction版\SKILL.md; CommonSkills\通用-输出WebNovel版\SKILL.md; CommonSkills\通用-输出七猫版\SKILL.md; CommonSkills\通用-输出今日头条版\SKILL.md; CommonSkills\通用-输出出版社版\SKILL.md; CommonSkills\通用-输出小红书版\SKILL.md; CommonSkills\通用-输出微信订阅号版\SKILL.md; CommonSkills\通用-输出新浪微博版\SKILL.md; CommonSkills\通用-输出番茄版\SKILL.md; CommonSkills\通用-输出百度百家号版\SKILL.md; CommonSkills\通用-输出知乎版\SKILL.md; CommonSkills\通用-输出纵横小说版\SKILL.md; CommonSkills\通用-输出豆瓣版\SKILL.md; CommonSkills\通用-输出起点中文网版\SKILL.md","referenced"
"scripts","scripts\run_quality_gate.ps1","2471","1","CommonSkills\通用-多平台输出编排\SKILL.md","referenced"
"scripts","scripts\run_similarity_from_platform_config.ps1","2213","1","CommonSkills\通用-多平台输出编排\SKILL.md","referenced"
"scripts","scripts\run_similarity_gate.ps1","2372","0","","unreferenced"
"scripts","scripts\scan_deadfile_extensions.ps1","9848","0","","unreferenced"
"scripts","scripts\scan_text_quality.ps1","14537","1","CommonSkills\通用-多平台输出编排\SKILL.md","referenced"
"scripts","scripts\slim_yizhi_review.ps1","2822","0","","unreferenced"
"scripts","scripts\summarize_platform_report.ps1","1127","0","","unreferenced"
"scripts","scripts\summarize_similarity_report.ps1","2648","0","","unreferenced"
"assets","CommonSkills\通用-设计故事面\assets\故事面模板.md","5306",,,"ok"
"assets","old都市悬疑\.github\skills\design-story-facet\assets\story-facet-template.md","4750",,,"ok"
"assets","仅用于参考\chinese-novelist-skill\assets\beginning-01.png","102699",,,"unreferenced"
"assets","仅用于参考\chinese-novelist-skill\assets\ending-01.png","93987",,,"unreferenced"
"assets","仅用于参考\chinese-novelist-skill\assets\ending-02.png","35768",,,"unreferenced"
"assets","仅用于参考\Novel-Control-Station-Skill\assets\codex-continue-novel.ps1","5909",,,"ok"
"broken_ref","SKILL.md",,,,"broken"
"broken_ref","SKILL.md",,,,"broken"
"broken_ref","SKILL.md",,,,"broken"
"broken_ref","SKILL.md",,,,"broken"
"broken_ref","SKILL.md",,,,"broken"
"broken_ref","SKILL.md",,,,"broken"
"broken_ref","SKILL.md",,,,"broken"
"broken_ref","SKILL.md",,,,"broken"
"broken_ref","SKILL.md",,,,"broken"
"broken_ref","SKILL.md",,,,"broken"
"broken_ref","SKILL.md",,,,"broken"
"broken_ref","SKILL.md",,,,"broken"
"broken_ref","SKILL.md",,,,"broken"
"broken_ref","SKILL.md",,,,"broken"
"broken_ref","SKILL.md",,,,"broken"
"broken_ref","SKILL.md",,,,"broken"
"broken_ref","SKILL.md",,,,"broken"
"broken_ref","SKILL.md",,,,"broken"
"broken_ref","SKILL.md",,,,"broken"
"broken_ref","SKILL.md",,,,"broken"
"broken_ref","SKILL.md",,,,"broken"
"broken_ref","SKILL.md",,,,"broken"
"broken_ref","SKILL.md",,,,"broken"
"broken_ref",".github\skills\create-genre-skill-skeletons\SKILL.md",,,,"broken"
"broken_ref",".github\skills\create-genre-skill-skeletons\SKILL.md",,,,"broken"
"broken_ref",".github\skills\create-genre-skill-skeletons\SKILL.md",,,,"broken"
"broken_ref",".github\skills\create-genre-skill-skeletons\SKILL.md",,,,"broken"
"broken_ref",".github\skills\create-genre-skill-skeletons\SKILL.md",,,,"broken"
"broken_ref",".github\skills\create-genre-skill-skeletons\SKILL.md",,,,"broken"
"broken_ref",".github\skills\create-genre-skill-skeletons\SKILL.md",,,,"broken"
"broken_ref",".github\skills\create-genre-skill-skeletons\SKILL.md",,,,"broken"
"broken_ref","AI科幻\.github\skills\AI科幻-分析竞对作品\SKILL.md",,,,"broken"
"broken_ref","AI科幻\.github\skills\AI科幻-分析竞对作品\SKILL.md",,,,"broken"
"broken_ref","AI科幻\.github\skills\AI科幻-创建小说正文\SKILL.md",,,,"broken"
"broken_ref","AI科幻\.github\skills\AI科幻-创建小说正文\SKILL.md",,,,"broken"
"broken_ref","AI科幻\.github\skills\AI科幻-去AI味重写\SKILL.md",,,,"broken"
"broken_ref","AI科幻\.github\skills\AI科幻-去AI味重写\SKILL.md",,,,"broken"
"broken_ref","AI科幻\.github\skills\AI科幻-去AI味重写\SKILL.md",,,,"broken"
"broken_ref","AI科幻\.github\skills\AI科幻-去AI味重写\SKILL.md",,,,"broken"
"broken_ref","AI科幻\.github\skills\AI科幻-去AI味重写\SKILL.md",,,,"broken"
"broken_ref","AI科幻\.github\skills\AI科幻-去AI味重写\SKILL.md",,,,"broken"
"broken_ref","AI科幻\.github\skills\AI科幻-去AI味重写\SKILL.md",,,,"broken"
"broken_ref","AI科幻\.github\skills\AI科幻-去AI味重写\SKILL.md",,,,"broken"
"broken_ref","AI科幻\.github\skills\AI科幻-去AI味重写\SKILL.md",,,,"broken"
"broken_ref","AI科幻\.github\skills\AI科幻-多平台小说适配\SKILL.md",,,,"broken"
"broken_ref","AI科幻\.github\skills\AI科幻-多平台输出编排\SKILL.md",,,,"broken"
"broken_ref","AI科幻\.github\skills\AI科幻-大纲审阅优化闭环\SKILL.md",,,,"broken"
"broken_ref","AI科幻\.github\skills\AI科幻-大纲审阅优化闭环\SKILL.md",,,,"broken"
"broken_ref","AI科幻\.github\skills\AI科幻-审阅人物传记\SKILL.md",,,,"broken"
"broken_ref","AI科幻\.github\skills\AI科幻-审阅人物传记\SKILL.md",,,,"broken"
"broken_ref","AI科幻\.github\skills\AI科幻-审阅人物传记\SKILL.md",,,,"broken"
"broken_ref","AI科幻\.github\skills\AI科幻-审阅人物传记\SKILL.md",,,,"broken"
"broken_ref","AI科幻\.github\skills\AI科幻-审阅人物传记\SKILL.md",,,,"broken"
"broken_ref","AI科幻\.github\skills\AI科幻-审阅人物传记\SKILL.md",,,,"broken"
"broken_ref","AI科幻\.github\skills\AI科幻-审阅人物传记\SKILL.md",,,,"broken"
"broken_ref","AI科幻\.github\skills\AI科幻-审阅人物传记\SKILL.md",,,,"broken"
"broken_ref","AI科幻\.github\skills\AI科幻-审阅分卷大纲\SKILL.md",,,,"broken"
"broken_ref","AI科幻\.github\skills\AI科幻-审阅分卷大纲\SKILL.md",,,,"broken"
"broken_ref","AI科幻\.github\skills\AI科幻-审阅分卷大纲\SKILL.md",,,,"broken"
"broken_ref","AI科幻\.github\skills\AI科幻-审阅分卷大纲\SKILL.md",,,,"broken"
"broken_ref","AI科幻\.github\skills\AI科幻-审阅分卷大纲\SKILL.md",,,,"broken"
"broken_ref","AI科幻\.github\skills\AI科幻-审阅总大纲\SKILL.md",,,,"broken"
"broken_ref","AI科幻\.github\skills\AI科幻-审阅总大纲\SKILL.md",,,,"broken"
"broken_ref","AI科幻\.github\skills\AI科幻-审阅总大纲\SKILL.md",,,,"broken"
"broken_ref","AI科幻\.github\skills\AI科幻-审阅总大纲\SKILL.md",,,,"broken"
"broken_ref","AI科幻\.github\skills\AI科幻-审阅总大纲\SKILL.md",,,,"broken"
"broken_ref","AI科幻\.github\skills\AI科幻-审阅故事设定\SKILL.md",,,,"broken"
"broken_ref","AI科幻\.github\skills\AI科幻-审阅故事设定\SKILL.md",,,,"broken"
"broken_ref","AI科幻\.github\skills\AI科幻-审阅故事设定\SKILL.md",,,,"broken"
"broken_ref","AI科幻\.github\skills\AI科幻-审阅章节正文\SKILL.md",,,,"broken"
"broken_ref","AI科幻\.github\skills\AI科幻-审阅章节正文\SKILL.md",,,,"broken"
"broken_ref","AI科幻\.github\skills\AI科幻-审阅章节正文\SKILL.md",,,,"broken"
"broken_ref","AI科幻\.github\skills\AI科幻-审阅章节正文\SKILL.md",,,,"broken"
"broken_ref","AI科幻\.github\skills\AI科幻-审阅章节正文\SKILL.md",,,,"broken"
"broken_ref","AI科幻\.github\skills\AI科幻-审阅章节正文\SKILL.md",,,,"broken"
"broken_ref","AI科幻\.github\skills\AI科幻-审阅章节正文\SKILL.md",,,,"broken"
"broken_ref","AI科幻\.github\skills\AI科幻-审阅章节正文\SKILL.md",,,,"broken"
"broken_ref","AI科幻\.github\skills\AI科幻-审阅章节正文\SKILL.md",,,,"broken"
"broken_ref","AI科幻\.github\skills\AI科幻-审阅章节正文\SKILL.md",,,,"broken"
"broken_ref","AI科幻\.github\skills\AI科幻-审阅章节正文\SKILL.md",,,,"broken"
"broken_ref","AI科幻\.github\skills\AI科幻-审阅章节正文\SKILL.md",,,,"broken"
"broken_ref","AI科幻\.github\skills\AI科幻-审阅章节正文\SKILL.md",,,,"broken"
"broken_ref","AI科幻\.github\skills\AI科幻-审阅章节正文\SKILL.md",,,,"broken"
"broken_ref","AI科幻\.github\skills\AI科幻-小说项目初始化\SKILL.md",,,,"broken"
"broken_ref","AI科幻\.github\skills\AI科幻-小说项目初始化\SKILL.md",,,,"broken"
"broken_ref","AI科幻\.github\skills\AI科幻-小说项目初始化\SKILL.md",,,,"broken"
"broken_ref","AI科幻\.github\skills\AI科幻-平台签约评估框架\SKILL.md",,,,"broken"
"broken_ref","AI科幻\.github\skills\AI科幻-平台签约评估框架\SKILL.md",,,,"broken"
"broken_ref","AI科幻\.github\skills\AI科幻-平台签约评估框架\SKILL.md",,,,"broken"
"broken_ref","AI科幻\.github\skills\AI科幻-平台签约评估框架\SKILL.md",,,,"broken"
"broken_ref","AI科幻\.github\skills\AI科幻-平台签约评估框架\SKILL.md",,,,"broken"
"broken_ref","AI科幻\.github\skills\AI科幻-执行场景单元\SKILL.md",,,,"broken"
"broken_ref","AI科幻\.github\skills\AI科幻-执行场景单元\SKILL.md",,,,"broken"
"broken_ref","AI科幻\.github\skills\AI科幻-执行场景单元\SKILL.md",,,,"broken"
"broken_ref","AI科幻\.github\skills\AI科幻-执行对话冲突\SKILL.md",,,,"broken"
"broken_ref","AI科幻\.github\skills\AI科幻-执行对话冲突\SKILL.md",,,,"broken"
"broken_ref","AI科幻\.github\skills\AI科幻-执行对话冲突\SKILL.md",,,,"broken"
"broken_ref","AI科幻\.github\skills\AI科幻-执行微空间受限场景\SKILL.md",,,,"broken"
"broken_ref","AI科幻\.github\skills\AI科幻-执行微空间受限场景\SKILL.md",,,,"broken"
"broken_ref","AI科幻\.github\skills\AI科幻-执行微空间受限场景\SKILL.md",,,,"broken"
"broken_ref","AI科幻\.github\skills\AI科幻-撰写书评\SKILL.md",,,,"broken"
"broken_ref","AI科幻\.github\skills\AI科幻-撰写书评\SKILL.md",,,,"broken"
"broken_ref","AI科幻\.github\skills\AI科幻-撰写书评\SKILL.md",,,,"broken"
"broken_ref","AI科幻\.github\skills\AI科幻-撰写内容简介\SKILL.md",,,,"broken"
"broken_ref","AI科幻\.github\skills\AI科幻-正文润色\SKILL.md",,,,"broken"
"broken_ref","AI科幻\.github\skills\AI科幻-正文润色\SKILL.md",,,,"broken"
"broken_ref","AI科幻\.github\skills\AI科幻-正文润色\SKILL.md",,,,"broken"
"broken_ref","AI科幻\.github\skills\AI科幻-正文润色\SKILL.md",,,,"broken"
"broken_ref","AI科幻\.github\skills\AI科幻-正文润色\SKILL.md",,,,"broken"
"broken_ref","AI科幻\.github\skills\AI科幻-正文润色\SKILL.md",,,,"broken"
"broken_ref","AI科幻\.github\skills\AI科幻-润色作者有话说\SKILL.md",,,,"broken"
"broken_ref","AI科幻\.github\skills\AI科幻-润色作者有话说\SKILL.md",,,,"broken"
"broken_ref","AI科幻\.github\skills\AI科幻-生成章节控制卡\SKILL.md",,,,"broken"
"broken_ref","AI科幻\.github\skills\AI科幻-生成章节控制卡\SKILL.md",,,,"broken"
"broken_ref","AI科幻\.github\skills\AI科幻-生成章节控制卡\SKILL.md",,,,"broken"
"broken_ref","AI科幻\.github\skills\AI科幻-生成章节控制卡\SKILL.md",,,,"broken"
"broken_ref","AI科幻\.github\skills\AI科幻-章节创作闭环\SKILL.md",,,,"broken"
"broken_ref","AI科幻\.github\skills\AI科幻-章节创作闭环\SKILL.md",,,,"broken"
"broken_ref","AI科幻\.github\skills\AI科幻-章节创作闭环\SKILL.md",,,,"broken"
"broken_ref","AI科幻\.github\skills\AI科幻-章节创作闭环\SKILL.md",,,,"broken"
"broken_ref","AI科幻\.github\skills\AI科幻-管理连续性冷热线\SKILL.md",,,,"broken"
"broken_ref","AI科幻\.github\skills\AI科幻-组包投稿材料\SKILL.md",,,,"broken"
"broken_ref","AI科幻\.github\skills\AI科幻-组包投稿材料\SKILL.md",,,,"broken"
"broken_ref","AI科幻\.github\skills\AI科幻-组包投稿材料\SKILL.md",,,,"broken"
"broken_ref","AI科幻\.github\skills\AI科幻-设计事件案件引擎\SKILL.md",,,,"broken"
"broken_ref","AI科幻\.github\skills\AI科幻-设计事件案件引擎\SKILL.md",,,,"broken"
"broken_ref","AI科幻\.github\skills\AI科幻-设计人物传记\SKILL.md",,,,"broken"
"broken_ref","AI科幻\.github\skills\AI科幻-设计人物传记\SKILL.md",,,,"broken"
"broken_ref","AI科幻\.github\skills\AI科幻-设计人物传记\SKILL.md",,,,"broken"
"broken_ref","AI科幻\.github\skills\AI科幻-设计人物传记\SKILL.md",,,,"broken"
"broken_ref","AI科幻\.github\skills\AI科幻-设计人物传记\SKILL.md",,,,"broken"
"broken_ref","AI科幻\.github\skills\AI科幻-设计人物传记\SKILL.md",,,,"broken"
"broken_ref","AI科幻\.github\skills\AI科幻-设计人物传记\SKILL.md",,,,"broken"
"broken_ref","AI科幻\.github\skills\AI科幻-设计人物传记\SKILL.md",,,,"broken"
"broken_ref","AI科幻\.github\skills\AI科幻-设计人物传记\SKILL.md",,,,"broken"
"broken_ref","AI科幻\.github\skills\AI科幻-设计人物传记\SKILL.md",,,,"broken"
"broken_ref","AI科幻\.github\skills\AI科幻-设计分卷大纲\SKILL.md",,,,"broken"
"broken_ref","AI科幻\.github\skills\AI科幻-设计分卷大纲\SKILL.md",,,,"broken"
"broken_ref","AI科幻\.github\skills\AI科幻-设计分卷大纲\SKILL.md",,,,"broken"
"broken_ref","AI科幻\.github\skills\AI科幻-设计分卷大纲\SKILL.md",,,,"broken"
"broken_ref","AI科幻\.github\skills\AI科幻-设计分卷大纲\SKILL.md",,,,"broken"
"broken_ref","AI科幻\.github\skills\AI科幻-设计分卷大纲\SKILL.md",,,,"broken"
"broken_ref","AI科幻\.github\skills\AI科幻-设计分卷大纲\SKILL.md",,,,"broken"
"broken_ref","AI科幻\.github\skills\AI科幻-设计分卷大纲\SKILL.md",,,,"broken"
"broken_ref","AI科幻\.github\skills\AI科幻-设计分卷大纲\SKILL.md",,,,"broken"
"broken_ref","AI科幻\.github\skills\AI科幻-设计分卷大纲\SKILL.md",,,,"broken"
"broken_ref","AI科幻\.github\skills\AI科幻-设计封面生图提示词\SKILL.md",,,,"broken"
"broken_ref","AI科幻\.github\skills\AI科幻-设计总大纲\SKILL.md",,,,"broken"
"broken_ref","AI科幻\.github\skills\AI科幻-设计总大纲\SKILL.md",,,,"broken"
"broken_ref","AI科幻\.github\skills\AI科幻-设计总大纲\SKILL.md",,,,"broken"
"broken_ref","AI科幻\.github\skills\AI科幻-设计总大纲\SKILL.md",,,,"broken"
"broken_ref","AI科幻\.github\skills\AI科幻-设计总大纲\SKILL.md",,,,"broken"
"broken_ref","AI科幻\.github\skills\AI科幻-设计总大纲\SKILL.md",,,,"broken"
"broken_ref","AI科幻\.github\skills\AI科幻-设计故事设定\SKILL.md",,,,"broken"
"broken_ref","AI科幻\.github\skills\AI科幻-设计故事设定\SKILL.md",,,,"broken"
"broken_ref","AI科幻\.github\skills\AI科幻-设计故事设定\SKILL.md",,,,"broken"
"broken_ref","AI科幻\.github\skills\AI科幻-设计故事设定\SKILL.md",,,,"broken"
"broken_ref","AI科幻\.github\skills\AI科幻-设计故事面\SKILL.md",,,,"broken"
"broken_ref","AI科幻\.github\skills\AI科幻-设计标题\SKILL.md",,,,"broken"
"broken_ref","AI科幻\.github\skills\AI科幻-设计标题\SKILL.md",,,,"broken"
"broken_ref","AI科幻\.github\skills\AI科幻-设计线索伏笔与回收台账\SKILL.md",,,,"broken"
"broken_ref","AI科幻\.github\skills\AI科幻-设计题材定位框架\SKILL.md",,,,"broken"
"broken_ref","AI科幻\.github\skills\AI科幻-设计题材定位框架\SKILL.md",,,,"broken"
"broken_ref","AI科幻\.github\skills\AI科幻-输出B站版\SKILL.md",,,,"broken"
"broken_ref","AI科幻\.github\skills\AI科幻-输出B站版\SKILL.md",,,,"broken"
"broken_ref","AI科幻\.github\skills\AI科幻-输出B站版\SKILL.md",,,,"broken"
"broken_ref","AI科幻\.github\skills\AI科幻-输出B站版\SKILL.md",,,,"broken"
"broken_ref","AI科幻\.github\skills\AI科幻-输出GoodNovel版\SKILL.md",,,,"broken"
"broken_ref","AI科幻\.github\skills\AI科幻-输出GoodNovel版\SKILL.md",,,,"broken"
"broken_ref","AI科幻\.github\skills\AI科幻-输出GoodNovel版\SKILL.md",,,,"broken"
"broken_ref","AI科幻\.github\skills\AI科幻-输出GoodNovel版\SKILL.md",,,,"broken"
"broken_ref","AI科幻\.github\skills\AI科幻-输出My Fiction版\SKILL.md",,,,"broken"
"broken_ref","AI科幻\.github\skills\AI科幻-输出My Fiction版\SKILL.md",,,,"broken"
"broken_ref","AI科幻\.github\skills\AI科幻-输出My Fiction版\SKILL.md",,,,"broken"
"broken_ref","AI科幻\.github\skills\AI科幻-输出My Fiction版\SKILL.md",,,,"broken"
"broken_ref","AI科幻\.github\skills\AI科幻-输出WebNovel版\SKILL.md",,,,"broken"
"broken_ref","AI科幻\.github\skills\AI科幻-输出WebNovel版\SKILL.md",,,,"broken"
"broken_ref","AI科幻\.github\skills\AI科幻-输出WebNovel版\SKILL.md",,,,"broken"
"broken_ref","AI科幻\.github\skills\AI科幻-输出WebNovel版\SKILL.md",,,,"broken"
"broken_ref","AI科幻\.github\skills\AI科幻-输出七猫版\SKILL.md",,,,"broken"
"broken_ref","AI科幻\.github\skills\AI科幻-输出七猫版\SKILL.md",,,,"broken"
"broken_ref","AI科幻\.github\skills\AI科幻-输出七猫版\SKILL.md",,,,"broken"
"broken_ref","AI科幻\.github\skills\AI科幻-输出七猫版\SKILL.md",,,,"broken"
"broken_ref","AI科幻\.github\skills\AI科幻-输出今日头条版\SKILL.md",,,,"broken"
"broken_ref","AI科幻\.github\skills\AI科幻-输出今日头条版\SKILL.md",,,,"broken"
"broken_ref","AI科幻\.github\skills\AI科幻-输出出版社版\SKILL.md",,,,"broken"
"broken_ref","AI科幻\.github\skills\AI科幻-输出出版社版\SKILL.md",,,,"broken"
"broken_ref","AI科幻\.github\skills\AI科幻-输出出版社版\SKILL.md",,,,"broken"
"broken_ref","AI科幻\.github\skills\AI科幻-输出出版社版\SKILL.md",,,,"broken"
"broken_ref","AI科幻\.github\skills\AI科幻-输出小红书版\SKILL.md",,,,"broken"
"broken_ref","AI科幻\.github\skills\AI科幻-输出小红书版\SKILL.md",,,,"broken"
"broken_ref","AI科幻\.github\skills\AI科幻-输出小红书版\SKILL.md",,,,"broken"
"broken_ref","AI科幻\.github\skills\AI科幻-输出小红书版\SKILL.md",,,,"broken"
"broken_ref","AI科幻\.github\skills\AI科幻-输出微信订阅号版\SKILL.md",,,,"broken"
"broken_ref","AI科幻\.github\skills\AI科幻-输出微信订阅号版\SKILL.md",,,,"broken"
"broken_ref","AI科幻\.github\skills\AI科幻-输出微信订阅号版\SKILL.md",,,,"broken"
"broken_ref","AI科幻\.github\skills\AI科幻-输出微信订阅号版\SKILL.md",,,,"broken"
"broken_ref","AI科幻\.github\skills\AI科幻-输出新浪微博版\SKILL.md",,,,"broken"
"broken_ref","AI科幻\.github\skills\AI科幻-输出新浪微博版\SKILL.md",,,,"broken"
"broken_ref","AI科幻\.github\skills\AI科幻-输出新浪微博版\SKILL.md",,,,"broken"
"broken_ref","AI科幻\.github\skills\AI科幻-输出新浪微博版\SKILL.md",,,,"broken"
"broken_ref","AI科幻\.github\skills\AI科幻-输出番茄版\SKILL.md",,,,"broken"
"broken_ref","AI科幻\.github\skills\AI科幻-输出番茄版\SKILL.md",,,,"broken"
"broken_ref","AI科幻\.github\skills\AI科幻-输出番茄版\SKILL.md",,,,"broken"
"broken_ref","AI科幻\.github\skills\AI科幻-输出番茄版\SKILL.md",,,,"broken"
"broken_ref","AI科幻\.github\skills\AI科幻-输出百度百家号版\SKILL.md",,,,"broken"
"broken_ref","AI科幻\.github\skills\AI科幻-输出百度百家号版\SKILL.md",,,,"broken"
"broken_ref","AI科幻\.github\skills\AI科幻-输出百度百家号版\SKILL.md",,,,"broken"
"broken_ref","AI科幻\.github\skills\AI科幻-输出百度百家号版\SKILL.md",,,,"broken"
"broken_ref","AI科幻\.github\skills\AI科幻-输出知乎版\SKILL.md",,,,"broken"
"broken_ref","AI科幻\.github\skills\AI科幻-输出知乎版\SKILL.md",,,,"broken"
"broken_ref","AI科幻\.github\skills\AI科幻-输出知乎版\SKILL.md",,,,"broken"
"broken_ref","AI科幻\.github\skills\AI科幻-输出知乎版\SKILL.md",,,,"broken"
"broken_ref","AI科幻\.github\skills\AI科幻-输出纵横小说版\SKILL.md",,,,"broken"
"broken_ref","AI科幻\.github\skills\AI科幻-输出纵横小说版\SKILL.md",,,,"broken"
"broken_ref","AI科幻\.github\skills\AI科幻-输出豆瓣版\SKILL.md",,,,"broken"
"broken_ref","AI科幻\.github\skills\AI科幻-输出豆瓣版\SKILL.md",,,,"broken"
"broken_ref","AI科幻\.github\skills\AI科幻-输出豆瓣版\SKILL.md",,,,"broken"
"broken_ref","AI科幻\.github\skills\AI科幻-输出豆瓣版\SKILL.md",,,,"broken"
"broken_ref","AI科幻\.github\skills\AI科幻-输出起点中文网版\SKILL.md",,,,"broken"
"broken_ref","AI科幻\.github\skills\AI科幻-输出起点中文网版\SKILL.md",,,,"broken"
"broken_ref","AI科幻\.github\skills\AI科幻-输出起点中文网版\SKILL.md",,,,"broken"
"broken_ref","AI科幻\写作研究\vibe-writing\SKILL.md",,,,"broken"
"broken_ref","AI科幻\写作研究\vibe-writing\SKILL.md",,,,"broken"
"broken_ref","AI科幻\写作研究\vibe-writing\SKILL.md",,,,"broken"
"broken_ref","AI科幻\写作研究\vibe-writing\SKILL.md",,,,"broken"
"broken_ref","CommonSkills\通用-分析竞对作品\SKILL.md",,,,"broken"
"broken_ref","CommonSkills\通用-分析竞对作品\SKILL.md",,,,"broken"
"broken_ref","CommonSkills\通用-分析竞对作品\SKILL.md",,,,"broken"
"broken_ref","CommonSkills\通用-分析竞对作品\SKILL.md",,,,"broken"
"broken_ref","CommonSkills\通用-分析竞对作品\SKILL.md",,,,"broken"
"broken_ref","CommonSkills\通用-分析竞对作品\SKILL.md",,,,"broken"
"broken_ref","CommonSkills\通用-分析竞对作品\SKILL.md",,,,"broken"
"broken_ref","CommonSkills\通用-分析竞对作品\SKILL.md",,,,"broken"
"broken_ref","CommonSkills\通用-分析竞对作品\SKILL.md",,,,"broken"
"broken_ref","CommonSkills\通用-分析竞对作品\SKILL.md",,,,"broken"
"broken_ref","CommonSkills\通用-分析竞对作品\SKILL.md",,,,"broken"
"broken_ref","CommonSkills\通用-分析竞对作品\SKILL.md",,,,"broken"
"broken_ref","CommonSkills\通用-创建小说正文\SKILL.md",,,,"broken"
"broken_ref","CommonSkills\通用-创建小说正文\SKILL.md",,,,"broken"
"broken_ref","CommonSkills\通用-创建小说正文\SKILL.md",,,,"broken"
"broken_ref","CommonSkills\通用-创建小说正文\SKILL.md",,,,"broken"
"broken_ref","CommonSkills\通用-创建小说正文\SKILL.md",,,,"broken"
"broken_ref","CommonSkills\通用-创建小说正文\SKILL.md",,,,"broken"
"broken_ref","CommonSkills\通用-创建小说正文\SKILL.md",,,,"broken"
"broken_ref","CommonSkills\通用-创建小说正文\SKILL.md",,,,"broken"
"broken_ref","CommonSkills\通用-创建小说正文\SKILL.md",,,,"broken"
"broken_ref","CommonSkills\通用-创建小说正文\SKILL.md",,,,"broken"
"broken_ref","CommonSkills\通用-创建小说正文\SKILL.md",,,,"broken"
"broken_ref","CommonSkills\通用-创建小说正文\SKILL.md",,,,"broken"
"broken_ref","CommonSkills\通用-创建小说正文\SKILL.md",,,,"broken"
"broken_ref","CommonSkills\通用-创建小说正文\SKILL.md",,,,"broken"
"broken_ref","CommonSkills\通用-创建小说正文\SKILL.md",,,,"broken"
"broken_ref","CommonSkills\通用-创建小说正文\SKILL.md",,,,"broken"
"broken_ref","CommonSkills\通用-创建小说正文\SKILL.md",,,,"broken"
"broken_ref","CommonSkills\通用-创建小说正文\SKILL.md",,,,"broken"
"broken_ref","CommonSkills\通用-创建小说正文\SKILL.md",,,,"broken"
"broken_ref","CommonSkills\通用-创建小说正文\SKILL.md",,,,"broken"
"broken_ref","CommonSkills\通用-创建小说正文\SKILL.md",,,,"broken"
"broken_ref","CommonSkills\通用-创建小说正文\SKILL.md",,,,"broken"
"broken_ref","CommonSkills\通用-创建小说正文\SKILL.md",,,,"broken"
"broken_ref","CommonSkills\通用-创建小说正文\SKILL.md",,,,"broken"
"broken_ref","CommonSkills\通用-创建小说正文\SKILL.md",,,,"broken"
"broken_ref","CommonSkills\通用-创建小说正文\SKILL.md",,,,"broken"
"broken_ref","CommonSkills\通用-去AI味重写\SKILL.md",,,,"broken"
"broken_ref","CommonSkills\通用-去AI味重写\SKILL.md",,,,"broken"
"broken_ref","CommonSkills\通用-去AI味重写\SKILL.md",,,,"broken"
"broken_ref","CommonSkills\通用-去AI味重写\SKILL.md",,,,"broken"
"broken_ref","CommonSkills\通用-去AI味重写\SKILL.md",,,,"broken"
"broken_ref","CommonSkills\通用-去AI味重写\SKILL.md",,,,"broken"
"broken_ref","CommonSkills\通用-去AI味重写\SKILL.md",,,,"broken"
"broken_ref","CommonSkills\通用-去AI味重写\SKILL.md",,,,"broken"
"broken_ref","CommonSkills\通用-去AI味重写\SKILL.md",,,,"broken"
"broken_ref","CommonSkills\通用-去AI味重写\SKILL.md",,,,"broken"
"broken_ref","CommonSkills\通用-去AI味重写\SKILL.md",,,,"broken"
"broken_ref","CommonSkills\通用-去AI味重写\SKILL.md",,,,"broken"
"broken_ref","CommonSkills\通用-去AI味重写\SKILL.md",,,,"broken"
"broken_ref","CommonSkills\通用-去AI味重写\SKILL.md",,,,"broken"
"broken_ref","CommonSkills\通用-去AI味重写\SKILL.md",,,,"broken"
"broken_ref","CommonSkills\通用-去AI味重写\SKILL.md",,,,"broken"
"broken_ref","CommonSkills\通用-去AI味重写\SKILL.md",,,,"broken"
"broken_ref","CommonSkills\通用-去AI味重写\SKILL.md",,,,"broken"
"broken_ref","CommonSkills\通用-去AI味重写\SKILL.md",,,,"broken"
"broken_ref","CommonSkills\通用-去AI味重写\SKILL.md",,,,"broken"
"broken_ref","CommonSkills\通用-去AI味重写\SKILL.md",,,,"broken"
"broken_ref","CommonSkills\通用-去AI味重写\SKILL.md",,,,"broken"
"broken_ref","CommonSkills\通用-去AI味重写\SKILL.md",,,,"broken"
"broken_ref","CommonSkills\通用-去AI味重写\SKILL.md",,,,"broken"
"broken_ref","CommonSkills\通用-多平台小说适配\SKILL.md",,,,"broken"
"broken_ref","CommonSkills\通用-多平台小说适配\SKILL.md",,,,"broken"
"broken_ref","CommonSkills\通用-多平台小说适配\SKILL.md",,,,"broken"
"broken_ref","CommonSkills\通用-多平台小说适配\SKILL.md",,,,"broken"
"broken_ref","CommonSkills\通用-多平台小说适配\SKILL.md",,,,"broken"
"broken_ref","CommonSkills\通用-多平台小说适配\SKILL.md",,,,"broken"
"broken_ref","CommonSkills\通用-多平台小说适配\SKILL.md",,,,"broken"
"broken_ref","CommonSkills\通用-多平台小说适配\SKILL.md",,,,"broken"
"broken_ref","CommonSkills\通用-多平台输出编排\SKILL.md",,,,"broken"
"broken_ref","CommonSkills\通用-多平台输出编排\SKILL.md",,,,"broken"
"broken_ref","CommonSkills\通用-多平台输出编排\SKILL.md",,,,"broken"
"broken_ref","CommonSkills\通用-多平台输出编排\SKILL.md",,,,"broken"
"broken_ref","CommonSkills\通用-多平台输出编排\SKILL.md",,,,"broken"
"broken_ref","CommonSkills\通用-多平台输出编排\SKILL.md",,,,"broken"
"broken_ref","CommonSkills\通用-大纲审阅优化闭环\SKILL.md",,,,"broken"
"broken_ref","CommonSkills\通用-大纲审阅优化闭环\SKILL.md",,,,"broken"
"broken_ref","CommonSkills\通用-大纲审阅优化闭环\SKILL.md",,,,"broken"
"broken_ref","CommonSkills\通用-大纲审阅优化闭环\SKILL.md",,,,"broken"
"broken_ref","CommonSkills\通用-审阅人物传记\SKILL.md",,,,"broken"
"broken_ref","CommonSkills\通用-审阅人物传记\SKILL.md",,,,"broken"
"broken_ref","CommonSkills\通用-审阅人物传记\SKILL.md",,,,"broken"
"broken_ref","CommonSkills\通用-审阅人物传记\SKILL.md",,,,"broken"
"broken_ref","CommonSkills\通用-审阅人物传记\SKILL.md",,,,"broken"
"broken_ref","CommonSkills\通用-审阅人物传记\SKILL.md",,,,"broken"
"broken_ref","CommonSkills\通用-审阅人物传记\SKILL.md",,,,"broken"
"broken_ref","CommonSkills\通用-审阅人物传记\SKILL.md",,,,"broken"
"broken_ref","CommonSkills\通用-审阅人物传记\SKILL.md",,,,"broken"
"broken_ref","CommonSkills\通用-审阅人物传记\SKILL.md",,,,"broken"
"broken_ref","CommonSkills\通用-审阅人物传记\SKILL.md",,,,"broken"
"broken_ref","CommonSkills\通用-审阅人物传记\SKILL.md",,,,"broken"
"broken_ref","CommonSkills\通用-审阅人物传记\SKILL.md",,,,"broken"
"broken_ref","CommonSkills\通用-审阅人物传记\SKILL.md",,,,"broken"
"broken_ref","CommonSkills\通用-审阅人物传记\SKILL.md",,,,"broken"
"broken_ref","CommonSkills\通用-审阅人物传记\SKILL.md",,,,"broken"
"broken_ref","CommonSkills\通用-审阅人物传记\SKILL.md",,,,"broken"
"broken_ref","CommonSkills\通用-审阅人物传记\SKILL.md",,,,"broken"
"broken_ref","CommonSkills\通用-审阅人物传记\SKILL.md",,,,"broken"
"broken_ref","CommonSkills\通用-审阅人物传记\SKILL.md",,,,"broken"
"broken_ref","CommonSkills\通用-审阅分卷大纲\SKILL.md",,,,"broken"
"broken_ref","CommonSkills\通用-审阅分卷大纲\SKILL.md",,,,"broken"
"broken_ref","CommonSkills\通用-审阅分卷大纲\SKILL.md",,,,"broken"
"broken_ref","CommonSkills\通用-审阅分卷大纲\SKILL.md",,,,"broken"
"broken_ref","CommonSkills\通用-审阅分卷大纲\SKILL.md",,,,"broken"
"broken_ref","CommonSkills\通用-审阅分卷大纲\SKILL.md",,,,"broken"
"broken_ref","CommonSkills\通用-审阅分卷大纲\SKILL.md",,,,"broken"
"broken_ref","CommonSkills\通用-审阅分卷大纲\SKILL.md",,,,"broken"
"broken_ref","CommonSkills\通用-审阅分卷大纲\SKILL.md",,,,"broken"
"broken_ref","CommonSkills\通用-审阅总大纲\SKILL.md",,,,"broken"
"broken_ref","CommonSkills\通用-审阅总大纲\SKILL.md",,,,"broken"
"broken_ref","CommonSkills\通用-审阅总大纲\SKILL.md",,,,"broken"
"broken_ref","CommonSkills\通用-审阅总大纲\SKILL.md",,,,"broken"
"broken_ref","CommonSkills\通用-审阅总大纲\SKILL.md",,,,"broken"
"broken_ref","CommonSkills\通用-审阅总大纲\SKILL.md",,,,"broken"
"broken_ref","CommonSkills\通用-审阅总大纲\SKILL.md",,,,"broken"
"broken_ref","CommonSkills\通用-审阅总大纲\SKILL.md",,,,"broken"
"broken_ref","CommonSkills\通用-审阅总大纲\SKILL.md",,,,"broken"
"broken_ref","CommonSkills\通用-审阅故事设定\SKILL.md",,,,"broken"
"broken_ref","CommonSkills\通用-审阅故事设定\SKILL.md",,,,"broken"
"broken_ref","CommonSkills\通用-审阅故事设定\SKILL.md",,,,"broken"
"broken_ref","CommonSkills\通用-审阅故事设定\SKILL.md",,,,"broken"
"broken_ref","CommonSkills\通用-审阅故事设定\SKILL.md",,,,"broken"
"broken_ref","CommonSkills\通用-审阅故事设定\SKILL.md",,,,"broken"
"broken_ref","CommonSkills\通用-审阅故事设定\SKILL.md",,,,"broken"
"broken_ref","CommonSkills\通用-审阅故事设定\SKILL.md",,,,"broken"
"broken_ref","CommonSkills\通用-审阅故事设定\SKILL.md",,,,"broken"
"broken_ref","CommonSkills\通用-审阅故事设定\SKILL.md",,,,"broken"
"broken_ref","CommonSkills\通用-审阅故事设定\SKILL.md",,,,"broken"
"broken_ref","CommonSkills\通用-审阅章节正文\SKILL.md",,,,"broken"
"broken_ref","CommonSkills\通用-审阅章节正文\SKILL.md",,,,"broken"
"broken_ref","CommonSkills\通用-审阅章节正文\SKILL.md",,,,"broken"
"broken_ref","CommonSkills\通用-审阅章节正文\SKILL.md",,,,"broken"
"broken_ref","CommonSkills\通用-审阅章节正文\SKILL.md",,,,"broken"
"broken_ref","CommonSkills\通用-审阅章节正文\SKILL.md",,,,"broken"
"broken_ref","CommonSkills\通用-审阅章节正文\SKILL.md",,,,"broken"
"broken_ref","CommonSkills\通用-审阅章节正文\SKILL.md",,,,"broken"
"broken_ref","CommonSkills\通用-审阅章节正文\SKILL.md",,,,"broken"
"broken_ref","CommonSkills\通用-审阅章节正文\SKILL.md",,,,"broken"
"broken_ref","CommonSkills\通用-审阅章节正文\SKILL.md",,,,"broken"
"broken_ref","CommonSkills\通用-审阅章节正文\SKILL.md",,,,"broken"
"broken_ref","CommonSkills\通用-审阅章节正文\SKILL.md",,,,"broken"
"broken_ref","CommonSkills\通用-审阅章节正文\SKILL.md",,,,"broken"
"broken_ref","CommonSkills\通用-审阅章节正文\SKILL.md",,,,"broken"
"broken_ref","CommonSkills\通用-审阅章节正文\SKILL.md",,,,"broken"
"broken_ref","CommonSkills\通用-审阅章节正文\SKILL.md",,,,"broken"
"broken_ref","CommonSkills\通用-审阅章节正文\SKILL.md",,,,"broken"
"broken_ref","CommonSkills\通用-审阅章节正文\SKILL.md",,,,"broken"
"broken_ref","CommonSkills\通用-审阅章节正文\SKILL.md",,,,"broken"
"broken_ref","CommonSkills\通用-审阅章节正文\SKILL.md",,,,"broken"
"broken_ref","CommonSkills\通用-审阅章节正文\SKILL.md",,,,"broken"
"broken_ref","CommonSkills\通用-审阅章节正文\SKILL.md",,,,"broken"
"broken_ref","CommonSkills\通用-审阅章节正文\SKILL.md",,,,"broken"
"broken_ref","CommonSkills\通用-审阅章节正文\SKILL.md",,,,"broken"
"broken_ref","CommonSkills\通用-审阅章节正文\SKILL.md",,,,"broken"
"broken_ref","CommonSkills\通用-审阅章节正文\SKILL.md",,,,"broken"
"broken_ref","CommonSkills\通用-审阅章节正文\SKILL.md",,,,"broken"
"broken_ref","CommonSkills\通用-审阅章节正文\SKILL.md",,,,"broken"
"broken_ref","CommonSkills\通用-审阅章节正文\SKILL.md",,,,"broken"
"broken_ref","CommonSkills\通用-审阅章节正文\SKILL.md",,,,"broken"
"broken_ref","CommonSkills\通用-审阅章节正文\SKILL.md",,,,"broken"
"broken_ref","CommonSkills\通用-审阅章节正文\SKILL.md",,,,"broken"
"broken_ref","CommonSkills\通用-审阅章节正文\SKILL.md",,,,"broken"
"broken_ref","CommonSkills\通用-审阅章节正文\SKILL.md",,,,"broken"
"broken_ref","CommonSkills\通用-审阅章节正文\SKILL.md",,,,"broken"
"broken_ref","CommonSkills\通用-审阅章节正文\SKILL.md",,,,"broken"
"broken_ref","CommonSkills\通用-审阅章节正文\SKILL.md",,,,"broken"
"broken_ref","CommonSkills\通用-审阅章节正文\SKILL.md",,,,"broken"
"broken_ref","CommonSkills\通用-审阅章节正文\SKILL.md",,,,"broken"
"broken_ref","CommonSkills\通用-审阅章节正文\SKILL.md",,,,"broken"
"broken_ref","CommonSkills\通用-审阅章节正文\SKILL.md",,,,"broken"
"broken_ref","CommonSkills\通用-审阅章节正文\SKILL.md",,,,"broken"
"broken_ref","CommonSkills\通用-审阅章节正文\SKILL.md",,,,"broken"
"broken_ref","CommonSkills\通用-审阅章节正文\SKILL.md",,,,"broken"
"broken_ref","CommonSkills\通用-小说项目初始化\SKILL.md",,,,"broken"
"broken_ref","CommonSkills\通用-小说项目初始化\SKILL.md",,,,"broken"
"broken_ref","CommonSkills\通用-小说项目初始化\SKILL.md",,,,"broken"
"broken_ref","CommonSkills\通用-小说项目初始化\SKILL.md",,,,"broken"
"broken_ref","CommonSkills\通用-小说项目初始化\SKILL.md",,,,"broken"
"broken_ref","CommonSkills\通用-小说项目初始化\SKILL.md",,,,"broken"
"broken_ref","CommonSkills\通用-小说项目初始化\SKILL.md",,,,"broken"
"broken_ref","CommonSkills\通用-小说项目初始化\SKILL.md",,,,"broken"
"broken_ref","CommonSkills\通用-小说项目初始化\SKILL.md",,,,"broken"
"broken_ref","CommonSkills\通用-小说项目初始化\SKILL.md",,,,"broken"
"broken_ref","CommonSkills\通用-小说项目初始化\SKILL.md",,,,"broken"
"broken_ref","CommonSkills\通用-平台签约评估框架\SKILL.md",,,,"broken"
"broken_ref","CommonSkills\通用-平台签约评估框架\SKILL.md",,,,"broken"
"broken_ref","CommonSkills\通用-平台签约评估框架\SKILL.md",,,,"broken"
"broken_ref","CommonSkills\通用-平台签约评估框架\SKILL.md",,,,"broken"
"broken_ref","CommonSkills\通用-平台签约评估框架\SKILL.md",,,,"broken"
"broken_ref","CommonSkills\通用-平台签约评估框架\SKILL.md",,,,"broken"
"broken_ref","CommonSkills\通用-平台签约评估框架\SKILL.md",,,,"broken"
"broken_ref","CommonSkills\通用-平台签约评估框架\SKILL.md",,,,"broken"
"broken_ref","CommonSkills\通用-平台签约评估框架\SKILL.md",,,,"broken"
"broken_ref","CommonSkills\通用-平台签约评估框架\SKILL.md",,,,"broken"
"broken_ref","CommonSkills\通用-平台签约评估框架\SKILL.md",,,,"broken"
"broken_ref","CommonSkills\通用-平台签约评估框架\SKILL.md",,,,"broken"
"broken_ref","CommonSkills\通用-平台签约评估框架\SKILL.md",,,,"broken"
"broken_ref","CommonSkills\通用-平台签约评估框架\SKILL.md",,,,"broken"
"broken_ref","CommonSkills\通用-平台签约评估框架\SKILL.md",,,,"broken"
"broken_ref","CommonSkills\通用-平台签约评估框架\SKILL.md",,,,"broken"
"broken_ref","CommonSkills\通用-平台签约评估框架\SKILL.md",,,,"broken"
"broken_ref","CommonSkills\通用-平台签约评估框架\SKILL.md",,,,"broken"
"broken_ref","CommonSkills\通用-平台签约评估框架\SKILL.md",,,,"broken"
"broken_ref","CommonSkills\通用-平台签约评估框架\SKILL.md",,,,"broken"
"broken_ref","CommonSkills\通用-平台签约评估框架\SKILL.md",,,,"broken"
"broken_ref","CommonSkills\通用-平台签约评估框架\SKILL.md",,,,"broken"
"broken_ref","CommonSkills\通用-平台签约评估框架\SKILL.md",,,,"broken"
"broken_ref","CommonSkills\通用-平台签约评估框架\SKILL.md",,,,"broken"
"broken_ref","CommonSkills\通用-平台签约评估框架\SKILL.md",,,,"broken"
"broken_ref","CommonSkills\通用-平台签约评估框架\SKILL.md",,,,"broken"
"broken_ref","CommonSkills\通用-平台签约评估框架\SKILL.md",,,,"broken"
"broken_ref","CommonSkills\通用-平台签约评估框架\SKILL.md",,,,"broken"
"broken_ref","CommonSkills\通用-平台签约评估框架\SKILL.md",,,,"broken"
"broken_ref","CommonSkills\通用-平台签约评估框架\SKILL.md",,,,"broken"
"broken_ref","CommonSkills\通用-强化章末钩子\SKILL.md",,,,"broken"
"broken_ref","CommonSkills\通用-强化章末钩子\SKILL.md",,,,"broken"
"broken_ref","CommonSkills\通用-强化章末钩子\SKILL.md",,,,"broken"
"broken_ref","CommonSkills\通用-强化章末钩子\SKILL.md",,,,"broken"
"broken_ref","CommonSkills\通用-强化章末钩子\SKILL.md",,,,"broken"
"broken_ref","CommonSkills\通用-强化章末钩子\SKILL.md",,,,"broken"
"broken_ref","CommonSkills\通用-强化章末钩子\SKILL.md",,,,"broken"
"broken_ref","CommonSkills\通用-强化章末钩子\SKILL.md",,,,"broken"
"broken_ref","CommonSkills\通用-强化章末钩子\SKILL.md",,,,"broken"
"broken_ref","CommonSkills\通用-强化章末钩子\SKILL.md",,,,"broken"
"broken_ref","CommonSkills\通用-强化章末钩子\SKILL.md",,,,"broken"
"broken_ref","CommonSkills\通用-强化章末钩子\SKILL.md",,,,"broken"
"broken_ref","CommonSkills\通用-强化章末钩子\SKILL.md",,,,"broken"
"broken_ref","CommonSkills\通用-强化章末钩子\SKILL.md",,,,"broken"
"broken_ref","CommonSkills\通用-强化章节开头\SKILL.md",,,,"broken"
"broken_ref","CommonSkills\通用-强化章节开头\SKILL.md",,,,"broken"
"broken_ref","CommonSkills\通用-强化章节开头\SKILL.md",,,,"broken"
"broken_ref","CommonSkills\通用-强化章节开头\SKILL.md",,,,"broken"
"broken_ref","CommonSkills\通用-强化章节开头\SKILL.md",,,,"broken"
"broken_ref","CommonSkills\通用-强化章节开头\SKILL.md",,,,"broken"
"broken_ref","CommonSkills\通用-强化章节开头\SKILL.md",,,,"broken"
"broken_ref","CommonSkills\通用-强化章节开头\SKILL.md",,,,"broken"
"broken_ref","CommonSkills\通用-强化章节开头\SKILL.md",,,,"broken"
"broken_ref","CommonSkills\通用-强化章节开头\SKILL.md",,,,"broken"
"broken_ref","CommonSkills\通用-强化章节开头\SKILL.md",,,,"broken"
"broken_ref","CommonSkills\通用-强化章节开头\SKILL.md",,,,"broken"
"broken_ref","CommonSkills\通用-强化章节开头\SKILL.md",,,,"broken"
"broken_ref","CommonSkills\通用-强化章节开头\SKILL.md",,,,"broken"
"broken_ref","CommonSkills\通用-强化章节开头\SKILL.md",,,,"broken"
"broken_ref","CommonSkills\通用-强化章节开头\SKILL.md",,,,"broken"
"broken_ref","CommonSkills\通用-强化章节开头\SKILL.md",,,,"broken"
"broken_ref","CommonSkills\通用-强化章节开头\SKILL.md",,,,"broken"
"broken_ref","CommonSkills\通用-强化章节开头\SKILL.md",,,,"broken"
"broken_ref","CommonSkills\通用-强化章节开头\SKILL.md",,,,"broken"
"broken_ref","CommonSkills\通用-强化章节开头\SKILL.md",,,,"broken"
"broken_ref","CommonSkills\通用-强化章节开头\SKILL.md",,,,"broken"
"broken_ref","CommonSkills\通用-执行场景单元\SKILL.md",,,,"broken"
"broken_ref","CommonSkills\通用-执行场景单元\SKILL.md",,,,"broken"
"broken_ref","CommonSkills\通用-执行场景单元\SKILL.md",,,,"broken"
"broken_ref","CommonSkills\通用-执行场景单元\SKILL.md",,,,"broken"
"broken_ref","CommonSkills\通用-执行场景单元\SKILL.md",,,,"broken"
"broken_ref","CommonSkills\通用-执行场景单元\SKILL.md",,,,"broken"
"broken_ref","CommonSkills\通用-执行场景单元\SKILL.md",,,,"broken"
"broken_ref","CommonSkills\通用-执行场景单元\SKILL.md",,,,"broken"
"broken_ref","CommonSkills\通用-执行场景单元\SKILL.md",,,,"broken"
"broken_ref","CommonSkills\通用-执行场景单元\SKILL.md",,,,"broken"
"broken_ref","CommonSkills\通用-执行场景单元\SKILL.md",,,,"broken"
"broken_ref","CommonSkills\通用-执行场景单元\SKILL.md",,,,"broken"
"broken_ref","CommonSkills\通用-执行场景单元\SKILL.md",,,,"broken"
"broken_ref","CommonSkills\通用-执行场景单元\SKILL.md",,,,"broken"
"broken_ref","CommonSkills\通用-执行场景单元\SKILL.md",,,,"broken"
"broken_ref","CommonSkills\通用-执行场景单元\SKILL.md",,,,"broken"
"broken_ref","CommonSkills\通用-执行场景单元\SKILL.md",,,,"broken"
"broken_ref","CommonSkills\通用-执行场景单元\SKILL.md",,,,"broken"
"broken_ref","CommonSkills\通用-执行场景单元\SKILL.md",,,,"broken"
"broken_ref","CommonSkills\通用-执行场景单元\SKILL.md",,,,"broken"
"broken_ref","CommonSkills\通用-执行场景单元\SKILL.md",,,,"broken"
"broken_ref","CommonSkills\通用-执行场景单元\SKILL.md",,,,"broken"
"broken_ref","CommonSkills\通用-执行场景单元\SKILL.md",,,,"broken"
"broken_ref","CommonSkills\通用-执行场景单元\SKILL.md",,,,"broken"
"broken_ref","CommonSkills\通用-执行场景单元\SKILL.md",,,,"broken"
"broken_ref","CommonSkills\通用-执行场景单元\SKILL.md",,,,"broken"
"broken_ref","CommonSkills\通用-执行场景单元\SKILL.md",,,,"broken"
"broken_ref","CommonSkills\通用-执行场景单元\SKILL.md",,,,"broken"
"broken_ref","CommonSkills\通用-执行场景单元\SKILL.md",,,,"broken"
"broken_ref","CommonSkills\通用-执行场景单元\SKILL.md",,,,"broken"
"broken_ref","CommonSkills\通用-执行对话冲突\SKILL.md",,,,"broken"
"broken_ref","CommonSkills\通用-执行对话冲突\SKILL.md",,,,"broken"
"broken_ref","CommonSkills\通用-执行对话冲突\SKILL.md",,,,"broken"
"broken_ref","CommonSkills\通用-执行对话冲突\SKILL.md",,,,"broken"
"broken_ref","CommonSkills\通用-执行对话冲突\SKILL.md",,,,"broken"
"broken_ref","CommonSkills\通用-执行对话冲突\SKILL.md",,,,"broken"
"broken_ref","CommonSkills\通用-执行对话冲突\SKILL.md",,,,"broken"
"broken_ref","CommonSkills\通用-执行对话冲突\SKILL.md",,,,"broken"
"broken_ref","CommonSkills\通用-执行对话冲突\SKILL.md",,,,"broken"
"broken_ref","CommonSkills\通用-执行微空间受限场景\SKILL.md",,,,"broken"
"broken_ref","CommonSkills\通用-执行微空间受限场景\SKILL.md",,,,"broken"
"broken_ref","CommonSkills\通用-执行微空间受限场景\SKILL.md",,,,"broken"
"broken_ref","CommonSkills\通用-执行微空间受限场景\SKILL.md",,,,"broken"
"broken_ref","CommonSkills\通用-执行微空间受限场景\SKILL.md",,,,"broken"
"broken_ref","CommonSkills\通用-执行微空间受限场景\SKILL.md",,,,"broken"
"broken_ref","CommonSkills\通用-执行微空间受限场景\SKILL.md",,,,"broken"
"broken_ref","CommonSkills\通用-执行微空间受限场景\SKILL.md",,,,"broken"
"broken_ref","CommonSkills\通用-执行微空间受限场景\SKILL.md",,,,"broken"
"broken_ref","CommonSkills\通用-执行微空间受限场景\SKILL.md",,,,"broken"
"broken_ref","CommonSkills\通用-执行微空间受限场景\SKILL.md",,,,"broken"
"broken_ref","CommonSkills\通用-执行微空间受限场景\SKILL.md",,,,"broken"
"broken_ref","CommonSkills\通用-提纯多平台母稿\SKILL.md",,,,"broken"
"broken_ref","CommonSkills\通用-提纯多平台母稿\SKILL.md",,,,"broken"
"broken_ref","CommonSkills\通用-撰写书评\SKILL.md",,,,"broken"
"broken_ref","CommonSkills\通用-撰写书评\SKILL.md",,,,"broken"
"broken_ref","CommonSkills\通用-撰写书评\SKILL.md",,,,"broken"
"broken_ref","CommonSkills\通用-撰写书评\SKILL.md",,,,"broken"
"broken_ref","CommonSkills\通用-撰写书评\SKILL.md",,,,"broken"
"broken_ref","CommonSkills\通用-撰写书评\SKILL.md",,,,"broken"
"broken_ref","CommonSkills\通用-撰写书评\SKILL.md",,,,"broken"
"broken_ref","CommonSkills\通用-撰写书评\SKILL.md",,,,"broken"
"broken_ref","CommonSkills\通用-撰写内容简介\SKILL.md",,,,"broken"
"broken_ref","CommonSkills\通用-撰写内容简介\SKILL.md",,,,"broken"
"broken_ref","CommonSkills\通用-撰写内容简介\SKILL.md",,,,"broken"
"broken_ref","CommonSkills\通用-撰写内容简介\SKILL.md",,,,"broken"
"broken_ref","CommonSkills\通用-撰写内容简介\SKILL.md",,,,"broken"
"broken_ref","CommonSkills\通用-撰写内容简介\SKILL.md",,,,"broken"
"broken_ref","CommonSkills\通用-撰写内容简介\SKILL.md",,,,"broken"
"broken_ref","CommonSkills\通用-撰写内容简介\SKILL.md",,,,"broken"
"broken_ref","CommonSkills\通用-撰写内容简介\SKILL.md",,,,"broken"
"broken_ref","CommonSkills\通用-撰写内容简介\SKILL.md",,,,"broken"
"broken_ref","CommonSkills\通用-撰写内容简介\SKILL.md",,,,"broken"
"broken_ref","CommonSkills\通用-撰写内容简介\SKILL.md",,,,"broken"
"broken_ref","CommonSkills\通用-撰写内容简介\SKILL.md",,,,"broken"
"broken_ref","CommonSkills\通用-撰写内容简介\SKILL.md",,,,"broken"
"broken_ref","CommonSkills\通用-撰写内容简介\SKILL.md",,,,"broken"
"broken_ref","CommonSkills\通用-撰写内容简介\SKILL.md",,,,"broken"
"broken_ref","CommonSkills\通用-撰写内容简介\SKILL.md",,,,"broken"
"broken_ref","CommonSkills\通用-撰写内容简介\SKILL.md",,,,"broken"
"broken_ref","CommonSkills\通用-撰写内容简介\SKILL.md",,,,"broken"
"broken_ref","CommonSkills\通用-撰写内容简介\SKILL.md",,,,"broken"
"broken_ref","CommonSkills\通用-撰写内容简介\SKILL.md",,,,"broken"
"broken_ref","CommonSkills\通用-正文润色\SKILL.md",,,,"broken"
"broken_ref","CommonSkills\通用-正文润色\SKILL.md",,,,"broken"
"broken_ref","CommonSkills\通用-正文润色\SKILL.md",,,,"broken"
"broken_ref","CommonSkills\通用-正文润色\SKILL.md",,,,"broken"
"broken_ref","CommonSkills\通用-正文润色\SKILL.md",,,,"broken"
"broken_ref","CommonSkills\通用-正文润色\SKILL.md",,,,"broken"
"broken_ref","CommonSkills\通用-正文润色\SKILL.md",,,,"broken"
"broken_ref","CommonSkills\通用-正文润色\SKILL.md",,,,"broken"
"broken_ref","CommonSkills\通用-正文润色\SKILL.md",,,,"broken"
"broken_ref","CommonSkills\通用-正文润色\SKILL.md",,,,"broken"
"broken_ref","CommonSkills\通用-正文润色\SKILL.md",,,,"broken"
"broken_ref","CommonSkills\通用-正文润色\SKILL.md",,,,"broken"
"broken_ref","CommonSkills\通用-正文润色\SKILL.md",,,,"broken"
"broken_ref","CommonSkills\通用-正文润色\SKILL.md",,,,"broken"
"broken_ref","CommonSkills\通用-正文润色\SKILL.md",,,,"broken"
"broken_ref","CommonSkills\通用-正文润色\SKILL.md",,,,"broken"
"broken_ref","CommonSkills\通用-正文润色\SKILL.md",,,,"broken"
"broken_ref","CommonSkills\通用-正文润色\SKILL.md",,,,"broken"
"broken_ref","CommonSkills\通用-正文润色\SKILL.md",,,,"broken"
"broken_ref","CommonSkills\通用-正文润色\SKILL.md",,,,"broken"
"broken_ref","CommonSkills\通用-正文润色\SKILL.md",,,,"broken"
"broken_ref","CommonSkills\通用-正文润色\SKILL.md",,,,"broken"
"broken_ref","CommonSkills\通用-正文润色\SKILL.md",,,,"broken"
"broken_ref","CommonSkills\通用-正文润色\SKILL.md",,,,"broken"
"broken_ref","CommonSkills\通用-正文润色\SKILL.md",,,,"broken"
"broken_ref","CommonSkills\通用-正文润色\SKILL.md",,,,"broken"
"broken_ref","CommonSkills\通用-正文润色\SKILL.md",,,,"broken"
"broken_ref","CommonSkills\通用-正文润色\SKILL.md",,,,"broken"
"broken_ref","CommonSkills\通用-正文润色\SKILL.md",,,,"broken"
"broken_ref","CommonSkills\通用-正文润色\SKILL.md",,,,"broken"
"broken_ref","CommonSkills\通用-正文润色\SKILL.md",,,,"broken"
"broken_ref","CommonSkills\通用-正文润色\SKILL.md",,,,"broken"
"broken_ref","CommonSkills\通用-正文润色\SKILL.md",,,,"broken"
"broken_ref","CommonSkills\通用-正文润色\SKILL.md",,,,"broken"
"broken_ref","CommonSkills\通用-正文润色\SKILL.md",,,,"broken"
"broken_ref","CommonSkills\通用-正文润色\SKILL.md",,,,"broken"
"broken_ref","CommonSkills\通用-正文润色\SKILL.md",,,,"broken"
"broken_ref","CommonSkills\通用-正文润色\SKILL.md",,,,"broken"
"broken_ref","CommonSkills\通用-正文润色\SKILL.md",,,,"broken"
"broken_ref","CommonSkills\通用-正文润色\SKILL.md",,,,"broken"
"broken_ref","CommonSkills\通用-正文润色\SKILL.md",,,,"broken"
"broken_ref","CommonSkills\通用-正文润色\SKILL.md",,,,"broken"
"broken_ref","CommonSkills\通用-正文润色\SKILL.md",,,,"broken"
"broken_ref","CommonSkills\通用-正文润色\SKILL.md",,,,"broken"
"broken_ref","CommonSkills\通用-正文润色\SKILL.md",,,,"broken"
"broken_ref","CommonSkills\通用-正文润色\SKILL.md",,,,"broken"
"broken_ref","CommonSkills\通用-正文润色\SKILL.md",,,,"broken"
"broken_ref","CommonSkills\通用-正文润色\SKILL.md",,,,"broken"
"broken_ref","CommonSkills\通用-正文润色\SKILL.md",,,,"broken"
"broken_ref","CommonSkills\通用-正文润色\SKILL.md",,,,"broken"
"broken_ref","CommonSkills\通用-正文润色\SKILL.md",,,,"broken"
"broken_ref","CommonSkills\通用-正文润色\SKILL.md",,,,"broken"
"broken_ref","CommonSkills\通用-正文润色\SKILL.md",,,,"broken"
"broken_ref","CommonSkills\通用-正文润色\SKILL.md",,,,"broken"
"broken_ref","CommonSkills\通用-正文润色\SKILL.md",,,,"broken"
"broken_ref","CommonSkills\通用-正文润色\SKILL.md",,,,"broken"
"broken_ref","CommonSkills\通用-正文润色\SKILL.md",,,,"broken"
"broken_ref","CommonSkills\通用-正文润色\SKILL.md",,,,"broken"
"broken_ref","CommonSkills\通用-正文润色\SKILL.md",,,,"broken"
"broken_ref","CommonSkills\通用-正文润色\SKILL.md",,,,"broken"
"broken_ref","CommonSkills\通用-正文润色\SKILL.md",,,,"broken"
"broken_ref","CommonSkills\通用-正文润色\SKILL.md",,,,"broken"
"broken_ref","CommonSkills\通用-润色作者有话说\SKILL.md",,,,"broken"
"broken_ref","CommonSkills\通用-润色作者有话说\SKILL.md",,,,"broken"
"broken_ref","CommonSkills\通用-润色作者有话说\SKILL.md",,,,"broken"
"broken_ref","CommonSkills\通用-深度研究\SKILL.md",,,,"broken"
"broken_ref","CommonSkills\通用-生成章节控制卡\SKILL.md",,,,"broken"
"broken_ref","CommonSkills\通用-生成章节控制卡\SKILL.md",,,,"broken"
"broken_ref","CommonSkills\通用-生成章节控制卡\SKILL.md",,,,"broken"
"broken_ref","CommonSkills\通用-生成章节控制卡\SKILL.md",,,,"broken"
"broken_ref","CommonSkills\通用-生成章节控制卡\SKILL.md",,,,"broken"
"broken_ref","CommonSkills\通用-生成章节控制卡\SKILL.md",,,,"broken"
"broken_ref","CommonSkills\通用-生成章节控制卡\SKILL.md",,,,"broken"
"broken_ref","CommonSkills\通用-生成章节控制卡\SKILL.md",,,,"broken"
"broken_ref","CommonSkills\通用-生成章节控制卡\SKILL.md",,,,"broken"
"broken_ref","CommonSkills\通用-生成章节控制卡\SKILL.md",,,,"broken"
"broken_ref","CommonSkills\通用-生成章节控制卡\SKILL.md",,,,"broken"
"broken_ref","CommonSkills\通用-生成章节控制卡\SKILL.md",,,,"broken"
"broken_ref","CommonSkills\通用-生成章节控制卡\SKILL.md",,,,"broken"
"broken_ref","CommonSkills\通用-生成章节控制卡\SKILL.md",,,,"broken"
"broken_ref","CommonSkills\通用-生成章节控制卡\SKILL.md",,,,"broken"
"broken_ref","CommonSkills\通用-生成章节控制卡\SKILL.md",,,,"broken"
"broken_ref","CommonSkills\通用-生成章节控制卡\SKILL.md",,,,"broken"
"broken_ref","CommonSkills\通用-章节创作闭环\SKILL.md",,,,"broken"
"broken_ref","CommonSkills\通用-章节创作闭环\SKILL.md",,,,"broken"
"broken_ref","CommonSkills\通用-章节创作闭环\SKILL.md",,,,"broken"
"broken_ref","CommonSkills\通用-章节创作闭环\SKILL.md",,,,"broken"
"broken_ref","CommonSkills\通用-章节创作闭环\SKILL.md",,,,"broken"
"broken_ref","CommonSkills\通用-章节创作闭环\SKILL.md",,,,"broken"
"broken_ref","CommonSkills\通用-章节创作闭环\SKILL.md",,,,"broken"
"broken_ref","CommonSkills\通用-章节创作闭环\SKILL.md",,,,"broken"
"broken_ref","CommonSkills\通用-章节创作闭环\SKILL.md",,,,"broken"
"broken_ref","CommonSkills\通用-章节创作闭环\SKILL.md",,,,"broken"
"broken_ref","CommonSkills\通用-章节创作闭环\SKILL.md",,,,"broken"
"broken_ref","CommonSkills\通用-章节创作闭环\SKILL.md",,,,"broken"
"broken_ref","CommonSkills\通用-章节创作闭环\SKILL.md",,,,"broken"
"broken_ref","CommonSkills\通用-章节创作闭环\SKILL.md",,,,"broken"
"broken_ref","CommonSkills\通用-章节创作闭环\SKILL.md",,,,"broken"
"broken_ref","CommonSkills\通用-章节创作闭环\SKILL.md",,,,"broken"
"broken_ref","CommonSkills\通用-章节创作闭环\SKILL.md",,,,"broken"
"broken_ref","CommonSkills\通用-章节创作闭环\SKILL.md",,,,"broken"
"broken_ref","CommonSkills\通用-章节创作闭环\SKILL.md",,,,"broken"
"broken_ref","CommonSkills\通用-章节创作闭环\SKILL.md",,,,"broken"
"broken_ref","CommonSkills\通用-章节创作闭环\SKILL.md",,,,"broken"
"broken_ref","CommonSkills\通用-管理连续性冷热线\SKILL.md",,,,"broken"
"broken_ref","CommonSkills\通用-管理连续性冷热线\SKILL.md",,,,"broken"
"broken_ref","CommonSkills\通用-管理连续性冷热线\SKILL.md",,,,"broken"
"broken_ref","CommonSkills\通用-管理连续性冷热线\SKILL.md",,,,"broken"
"broken_ref","CommonSkills\通用-管理连续性冷热线\SKILL.md",,,,"broken"
"broken_ref","CommonSkills\通用-管理连续性冷热线\SKILL.md",,,,"broken"
"broken_ref","CommonSkills\通用-组包投稿材料\SKILL.md",,,,"broken"
"broken_ref","CommonSkills\通用-组包投稿材料\SKILL.md",,,,"broken"
"broken_ref","CommonSkills\通用-组包投稿材料\SKILL.md",,,,"broken"
"broken_ref","CommonSkills\通用-组包投稿材料\SKILL.md",,,,"broken"
"broken_ref","CommonSkills\通用-组包投稿材料\SKILL.md",,,,"broken"
"broken_ref","CommonSkills\通用-组包投稿材料\SKILL.md",,,,"broken"
"broken_ref","CommonSkills\通用-组包投稿材料\SKILL.md",,,,"broken"
"broken_ref","CommonSkills\通用-组包投稿材料\SKILL.md",,,,"broken"
"broken_ref","CommonSkills\通用-组包投稿材料\SKILL.md",,,,"broken"
"broken_ref","CommonSkills\通用-组包投稿材料\SKILL.md",,,,"broken"
"broken_ref","CommonSkills\通用-蒸馏作品蓝本\SKILL.md",,,,"broken"
"broken_ref","CommonSkills\通用-蒸馏作品蓝本\SKILL.md",,,,"broken"
"broken_ref","CommonSkills\通用-蒸馏作品蓝本\SKILL.md",,,,"broken"
"broken_ref","CommonSkills\通用-蒸馏作品蓝本\SKILL.md",,,,"broken"
"broken_ref","CommonSkills\通用-蒸馏作品蓝本\SKILL.md",,,,"broken"
"broken_ref","CommonSkills\通用-蒸馏作品蓝本\SKILL.md",,,,"broken"
"broken_ref","CommonSkills\通用-蒸馏作品蓝本\SKILL.md",,,,"broken"
"broken_ref","CommonSkills\通用-蒸馏作品蓝本\SKILL.md",,,,"broken"
"broken_ref","CommonSkills\通用-蒸馏作品蓝本\SKILL.md",,,,"broken"
"broken_ref","CommonSkills\通用-蒸馏作品蓝本\SKILL.md",,,,"broken"
"broken_ref","CommonSkills\通用-蒸馏作品蓝本\SKILL.md",,,,"broken"
"broken_ref","CommonSkills\通用-蒸馏作品蓝本\SKILL.md",,,,"broken"
"broken_ref","CommonSkills\通用-蒸馏作品蓝本\SKILL.md",,,,"broken"
"broken_ref","CommonSkills\通用-蒸馏作品蓝本\SKILL.md",,,,"broken"
"broken_ref","CommonSkills\通用-蒸馏作品蓝本\SKILL.md",,,,"broken"
"broken_ref","CommonSkills\通用-蒸馏作品蓝本\SKILL.md",,,,"broken"
"broken_ref","CommonSkills\通用-蒸馏作品蓝本\SKILL.md",,,,"broken"
"broken_ref","CommonSkills\通用-蒸馏作品蓝本\SKILL.md",,,,"broken"
"broken_ref","CommonSkills\通用-蒸馏作品蓝本\SKILL.md",,,,"broken"
"broken_ref","CommonSkills\通用-蒸馏作品蓝本\SKILL.md",,,,"broken"
"broken_ref","CommonSkills\通用-蒸馏作品蓝本\SKILL.md",,,,"broken"
"broken_ref","CommonSkills\通用-蒸馏作品蓝本\SKILL.md",,,,"broken"
"broken_ref","CommonSkills\通用-蒸馏作品蓝本\SKILL.md",,,,"broken"
"broken_ref","CommonSkills\通用-蒸馏作品蓝本\SKILL.md",,,,"broken"
"broken_ref","CommonSkills\通用-蒸馏作品蓝本\SKILL.md",,,,"broken"
"broken_ref","CommonSkills\通用-蒸馏作品蓝本\SKILL.md",,,,"broken"
"broken_ref","CommonSkills\通用-蒸馏作品蓝本\SKILL.md",,,,"broken"
"broken_ref","CommonSkills\通用-蒸馏作者文风\SKILL.md",,,,"broken"
"broken_ref","CommonSkills\通用-蒸馏作者文风\SKILL.md",,,,"broken"
"broken_ref","CommonSkills\通用-蒸馏作者文风\SKILL.md",,,,"broken"
"broken_ref","CommonSkills\通用-蒸馏作者文风\SKILL.md",,,,"broken"
"broken_ref","CommonSkills\通用-蒸馏作者文风\SKILL.md",,,,"broken"
"broken_ref","CommonSkills\通用-蒸馏作者文风\SKILL.md",,,,"broken"
"broken_ref","CommonSkills\通用-蒸馏作者文风\SKILL.md",,,,"broken"
"broken_ref","CommonSkills\通用-蒸馏作者文风\SKILL.md",,,,"broken"
"broken_ref","CommonSkills\通用-蒸馏作者文风\SKILL.md",,,,"broken"
"broken_ref","CommonSkills\通用-蒸馏作者文风\SKILL.md",,,,"broken"
"broken_ref","CommonSkills\通用-蒸馏作者文风\SKILL.md",,,,"broken"
"broken_ref","CommonSkills\通用-蒸馏作者文风\SKILL.md",,,,"broken"
"broken_ref","CommonSkills\通用-蒸馏作者文风\SKILL.md",,,,"broken"
"broken_ref","CommonSkills\通用-蒸馏作者文风\SKILL.md",,,,"broken"
"broken_ref","CommonSkills\通用-蒸馏作者文风\SKILL.md",,,,"broken"
"broken_ref","CommonSkills\通用-蒸馏作者文风\SKILL.md",,,,"broken"
"broken_ref","CommonSkills\通用-蒸馏作者文风\SKILL.md",,,,"broken"
"broken_ref","CommonSkills\通用-蒸馏作者文风\SKILL.md",,,,"broken"
"broken_ref","CommonSkills\通用-蒸馏作者文风\SKILL.md",,,,"broken"
"broken_ref","CommonSkills\通用-蒸馏作者文风\SKILL.md",,,,"broken"
"broken_ref","CommonSkills\通用-蒸馏作者文风\SKILL.md",,,,"broken"
"broken_ref","CommonSkills\通用-蒸馏作者文风\SKILL.md",,,,"broken"
"broken_ref","CommonSkills\通用-蒸馏写作研究\SKILL.md",,,,"broken"
"broken_ref","CommonSkills\通用-蒸馏写作研究\SKILL.md",,,,"broken"
"broken_ref","CommonSkills\通用-蒸馏写作研究\SKILL.md",,,,"broken"
"broken_ref","CommonSkills\通用-蒸馏写作研究\SKILL.md",,,,"broken"
"broken_ref","CommonSkills\通用-蒸馏写作研究\SKILL.md",,,,"broken"
"broken_ref","CommonSkills\通用-蒸馏写作研究\SKILL.md",,,,"broken"
"broken_ref","CommonSkills\通用-蒸馏写作研究\SKILL.md",,,,"broken"
"broken_ref","CommonSkills\通用-蒸馏写作研究\SKILL.md",,,,"broken"
"broken_ref","CommonSkills\通用-蒸馏写作研究\SKILL.md",,,,"broken"
"broken_ref","CommonSkills\通用-蒸馏写作研究\SKILL.md",,,,"broken"
"broken_ref","CommonSkills\通用-蒸馏写作研究\SKILL.md",,,,"broken"
"broken_ref","CommonSkills\通用-蒸馏写作研究\SKILL.md",,,,"broken"
"broken_ref","CommonSkills\通用-蒸馏写作研究\SKILL.md",,,,"broken"
"broken_ref","CommonSkills\通用-蒸馏写作研究\SKILL.md",,,,"broken"
"broken_ref","CommonSkills\通用-蒸馏写作研究\SKILL.md",,,,"broken"
"broken_ref","CommonSkills\通用-蒸馏写作研究\SKILL.md",,,,"broken"
"broken_ref","CommonSkills\通用-蒸馏写作研究\SKILL.md",,,,"broken"
"broken_ref","CommonSkills\通用-补充构建素材库\SKILL.md",,,,"broken"
"broken_ref","CommonSkills\通用-补充构建素材库\SKILL.md",,,,"broken"
"broken_ref","CommonSkills\通用-补充构建素材库\SKILL.md",,,,"broken"
"broken_ref","CommonSkills\通用-补充构建素材库\SKILL.md",,,,"broken"
"broken_ref","CommonSkills\通用-设计事件案件引擎\SKILL.md",,,,"broken"
"broken_ref","CommonSkills\通用-设计事件案件引擎\SKILL.md",,,,"broken"
"broken_ref","CommonSkills\通用-设计事件案件引擎\SKILL.md",,,,"broken"
"broken_ref","CommonSkills\通用-设计事件案件引擎\SKILL.md",,,,"broken"
"broken_ref","CommonSkills\通用-设计事件案件引擎\SKILL.md",,,,"broken"
"broken_ref","CommonSkills\通用-设计事件案件引擎\SKILL.md",,,,"broken"
"broken_ref","CommonSkills\通用-设计事件案件引擎\SKILL.md",,,,"broken"
"broken_ref","CommonSkills\通用-设计事件案件引擎\SKILL.md",,,,"broken"
"broken_ref","CommonSkills\通用-设计事件案件引擎\SKILL.md",,,,"broken"
"broken_ref","CommonSkills\通用-设计事件案件引擎\SKILL.md",,,,"broken"
"broken_ref","CommonSkills\通用-设计人物传记\SKILL.md",,,,"broken"
"broken_ref","CommonSkills\通用-设计人物传记\SKILL.md",,,,"broken"
"broken_ref","CommonSkills\通用-设计人物传记\SKILL.md",,,,"broken"
"broken_ref","CommonSkills\通用-设计人物传记\SKILL.md",,,,"broken"
"broken_ref","CommonSkills\通用-设计人物传记\SKILL.md",,,,"broken"
"broken_ref","CommonSkills\通用-设计人物传记\SKILL.md",,,,"broken"
"broken_ref","CommonSkills\通用-设计人物传记\SKILL.md",,,,"broken"
"broken_ref","CommonSkills\通用-设计人物传记\SKILL.md",,,,"broken"
"broken_ref","CommonSkills\通用-设计人物传记\SKILL.md",,,,"broken"
"broken_ref","CommonSkills\通用-设计人物传记\SKILL.md",,,,"broken"
"broken_ref","CommonSkills\通用-设计人物传记\SKILL.md",,,,"broken"
"broken_ref","CommonSkills\通用-设计人物传记\SKILL.md",,,,"broken"
"broken_ref","CommonSkills\通用-设计人物传记\SKILL.md",,,,"broken"
"broken_ref","CommonSkills\通用-设计人物传记\SKILL.md",,,,"broken"
"broken_ref","CommonSkills\通用-设计人物传记\SKILL.md",,,,"broken"
"broken_ref","CommonSkills\通用-设计人物传记\SKILL.md",,,,"broken"
"broken_ref","CommonSkills\通用-设计人物传记\SKILL.md",,,,"broken"
"broken_ref","CommonSkills\通用-设计人物传记\SKILL.md",,,,"broken"
"broken_ref","CommonSkills\通用-设计人物传记\SKILL.md",,,,"broken"
"broken_ref","CommonSkills\通用-设计分卷大纲\SKILL.md",,,,"broken"
"broken_ref","CommonSkills\通用-设计分卷大纲\SKILL.md",,,,"broken"
"broken_ref","CommonSkills\通用-设计分卷大纲\SKILL.md",,,,"broken"
"broken_ref","CommonSkills\通用-设计分卷大纲\SKILL.md",,,,"broken"
"broken_ref","CommonSkills\通用-设计分卷大纲\SKILL.md",,,,"broken"
"broken_ref","CommonSkills\通用-设计分卷大纲\SKILL.md",,,,"broken"
"broken_ref","CommonSkills\通用-设计分卷大纲\SKILL.md",,,,"broken"
"broken_ref","CommonSkills\通用-设计分卷大纲\SKILL.md",,,,"broken"
"broken_ref","CommonSkills\通用-设计封面生图提示词\SKILL.md",,,,"broken"
"broken_ref","CommonSkills\通用-设计封面生图提示词\SKILL.md",,,,"broken"
"broken_ref","CommonSkills\通用-设计封面生图提示词\SKILL.md",,,,"broken"
"broken_ref","CommonSkills\通用-设计封面生图提示词\SKILL.md",,,,"broken"
"broken_ref","CommonSkills\通用-设计总大纲\SKILL.md",,,,"broken"
"broken_ref","CommonSkills\通用-设计总大纲\SKILL.md",,,,"broken"
"broken_ref","CommonSkills\通用-设计总大纲\SKILL.md",,,,"broken"
"broken_ref","CommonSkills\通用-设计总大纲\SKILL.md",,,,"broken"
"broken_ref","CommonSkills\通用-设计总大纲\SKILL.md",,,,"broken"
"broken_ref","CommonSkills\通用-设计总大纲\SKILL.md",,,,"broken"
"broken_ref","CommonSkills\通用-设计总大纲\SKILL.md",,,,"broken"
"broken_ref","CommonSkills\通用-设计总大纲\SKILL.md",,,,"broken"
"broken_ref","CommonSkills\通用-设计总大纲\SKILL.md",,,,"broken"
"broken_ref","CommonSkills\通用-设计总大纲\SKILL.md",,,,"broken"
"broken_ref","CommonSkills\通用-设计总大纲\SKILL.md",,,,"broken"
"broken_ref","CommonSkills\通用-设计总大纲\SKILL.md",,,,"broken"
"broken_ref","CommonSkills\通用-设计总大纲\SKILL.md",,,,"broken"
"broken_ref","CommonSkills\通用-设计总大纲\SKILL.md",,,,"broken"
"broken_ref","CommonSkills\通用-设计总大纲\SKILL.md",,,,"broken"
"broken_ref","CommonSkills\通用-设计故事设定\SKILL.md",,,,"broken"
"broken_ref","CommonSkills\通用-设计故事设定\SKILL.md",,,,"broken"
"broken_ref","CommonSkills\通用-设计故事设定\SKILL.md",,,,"broken"
"broken_ref","CommonSkills\通用-设计故事设定\SKILL.md",,,,"broken"
"broken_ref","CommonSkills\通用-设计故事设定\SKILL.md",,,,"broken"
"broken_ref","CommonSkills\通用-设计故事设定\SKILL.md",,,,"broken"
"broken_ref","CommonSkills\通用-设计故事设定\SKILL.md",,,,"broken"
"broken_ref","CommonSkills\通用-设计故事设定\SKILL.md",,,,"broken"
"broken_ref","CommonSkills\通用-设计故事设定\SKILL.md",,,,"broken"
"broken_ref","CommonSkills\通用-设计故事设定\SKILL.md",,,,"broken"
"broken_ref","CommonSkills\通用-设计故事设定\SKILL.md",,,,"broken"
"broken_ref","CommonSkills\通用-设计故事设定\SKILL.md",,,,"broken"
"broken_ref","CommonSkills\通用-设计故事面\SKILL.md",,,,"broken"
"broken_ref","CommonSkills\通用-设计故事面\SKILL.md",,,,"broken"
"broken_ref","CommonSkills\通用-设计故事面\SKILL.md",,,,"broken"
"broken_ref","CommonSkills\通用-设计故事面\SKILL.md",,,,"broken"
"broken_ref","CommonSkills\通用-设计故事面\SKILL.md",,,,"broken"
"broken_ref","CommonSkills\通用-设计故事面\SKILL.md",,,,"broken"
"broken_ref","CommonSkills\通用-设计故事面\SKILL.md",,,,"broken"
"broken_ref","CommonSkills\通用-设计标题\SKILL.md",,,,"broken"
"broken_ref","CommonSkills\通用-设计标题\SKILL.md",,,,"broken"
"broken_ref","CommonSkills\通用-设计标题\SKILL.md",,,,"broken"
"broken_ref","CommonSkills\通用-设计标题\SKILL.md",,,,"broken"
"broken_ref","CommonSkills\通用-设计标题\SKILL.md",,,,"broken"
"broken_ref","CommonSkills\通用-设计标题\SKILL.md",,,,"broken"
"broken_ref","CommonSkills\通用-设计标题\SKILL.md",,,,"broken"
"broken_ref","CommonSkills\通用-设计标题\SKILL.md",,,,"broken"
"broken_ref","CommonSkills\通用-设计标题\SKILL.md",,,,"broken"
"broken_ref","CommonSkills\通用-设计标题\SKILL.md",,,,"broken"
"broken_ref","CommonSkills\通用-设计标题\SKILL.md",,,,"broken"
"broken_ref","CommonSkills\通用-设计标题\SKILL.md",,,,"broken"
"broken_ref","CommonSkills\通用-设计标题\SKILL.md",,,,"broken"
"broken_ref","CommonSkills\通用-设计标题\SKILL.md",,,,"broken"
"broken_ref","CommonSkills\通用-设计标题\SKILL.md",,,,"broken"
"broken_ref","CommonSkills\通用-设计线索伏笔与回收台账\SKILL.md",,,,"broken"
"broken_ref","CommonSkills\通用-设计线索伏笔与回收台账\SKILL.md",,,,"broken"
"broken_ref","CommonSkills\通用-设计线索伏笔与回收台账\SKILL.md",,,,"broken"
"broken_ref","CommonSkills\通用-设计线索伏笔与回收台账\SKILL.md",,,,"broken"
"broken_ref","CommonSkills\通用-设计线索伏笔与回收台账\SKILL.md",,,,"broken"
"broken_ref","CommonSkills\通用-设计线索伏笔与回收台账\SKILL.md",,,,"broken"
"broken_ref","CommonSkills\通用-设计线索伏笔与回收台账\SKILL.md",,,,"broken"
"broken_ref","CommonSkills\通用-设计线索伏笔与回收台账\SKILL.md",,,,"broken"
"broken_ref","CommonSkills\通用-设计线索伏笔与回收台账\SKILL.md",,,,"broken"
"broken_ref","CommonSkills\通用-设计线索伏笔与回收台账\SKILL.md",,,,"broken"
"broken_ref","CommonSkills\通用-设计题材定位框架\SKILL.md",,,,"broken"
"broken_ref","CommonSkills\通用-设计题材定位框架\SKILL.md",,,,"broken"
"broken_ref","CommonSkills\通用-设计题材定位框架\SKILL.md",,,,"broken"
"broken_ref","CommonSkills\通用-设计题材定位框架\SKILL.md",,,,"broken"
"broken_ref","CommonSkills\通用-设计题材定位框架\SKILL.md",,,,"broken"
"broken_ref","CommonSkills\通用-设计题材定位框架\SKILL.md",,,,"broken"
"broken_ref","CommonSkills\通用-设计题材定位框架\SKILL.md",,,,"broken"
"broken_ref","CommonSkills\通用-设计题材定位框架\SKILL.md",,,,"broken"
"broken_ref","CommonSkills\通用-设计题材定位框架\SKILL.md",,,,"broken"
"broken_ref","CommonSkills\通用-设计题材定位框架\SKILL.md",,,,"broken"
"broken_ref","CommonSkills\通用-设计题材定位框架\SKILL.md",,,,"broken"
"broken_ref","CommonSkills\通用-设计题材定位框架\SKILL.md",,,,"broken"
"broken_ref","CommonSkills\通用-设计题材定位框架\SKILL.md",,,,"broken"
"broken_ref","CommonSkills\通用-设计题材定位框架\SKILL.md",,,,"broken"
"broken_ref","CommonSkills\通用-设计题材定位框架\SKILL.md",,,,"broken"
"broken_ref","CommonSkills\通用-设计题材定位框架\SKILL.md",,,,"broken"
"broken_ref","CommonSkills\通用-设计题材定位框架\SKILL.md",,,,"broken"
"broken_ref","CommonSkills\通用-设计题材定位框架\SKILL.md",,,,"broken"
"broken_ref","CommonSkills\通用-设计题材定位框架\SKILL.md",,,,"broken"
"broken_ref","CommonSkills\通用-设计题材定位框架\SKILL.md",,,,"broken"
"broken_ref","CommonSkills\通用-设计题材定位框架\SKILL.md",,,,"broken"
"broken_ref","CommonSkills\通用-设计题材定位框架\SKILL.md",,,,"broken"
"broken_ref","CommonSkills\通用-设计题材定位框架\SKILL.md",,,,"broken"
"broken_ref","CommonSkills\通用-设计题材定位框架\SKILL.md",,,,"broken"
"broken_ref","CommonSkills\通用-设计题材定位框架\SKILL.md",,,,"broken"
"broken_ref","CommonSkills\通用-输出B站版\SKILL.md",,,,"broken"
"broken_ref","CommonSkills\通用-输出B站版\SKILL.md",,,,"broken"
"broken_ref","CommonSkills\通用-输出B站版\SKILL.md",,,,"broken"
"broken_ref","CommonSkills\通用-输出B站版\SKILL.md",,,,"broken"
"broken_ref","CommonSkills\通用-输出B站版\SKILL.md",,,,"broken"
"broken_ref","CommonSkills\通用-输出GoodNovel版\SKILL.md",,,,"broken"
"broken_ref","CommonSkills\通用-输出GoodNovel版\SKILL.md",,,,"broken"
"broken_ref","CommonSkills\通用-输出GoodNovel版\SKILL.md",,,,"broken"
"broken_ref","CommonSkills\通用-输出GoodNovel版\SKILL.md",,,,"broken"
"broken_ref","CommonSkills\通用-输出GoodNovel版\SKILL.md",,,,"broken"
"broken_ref","CommonSkills\通用-输出GoodNovel版\SKILL.md",,,,"broken"
"broken_ref","CommonSkills\通用-输出My Fiction版\SKILL.md",,,,"broken"
"broken_ref","CommonSkills\通用-输出My Fiction版\SKILL.md",,,,"broken"
"broken_ref","CommonSkills\通用-输出My Fiction版\SKILL.md",,,,"broken"
"broken_ref","CommonSkills\通用-输出My Fiction版\SKILL.md",,,,"broken"
"broken_ref","CommonSkills\通用-输出My Fiction版\SKILL.md",,,,"broken"
"broken_ref","CommonSkills\通用-输出My Fiction版\SKILL.md",,,,"broken"
"broken_ref","CommonSkills\通用-输出WebNovel版\SKILL.md",,,,"broken"
"broken_ref","CommonSkills\通用-输出WebNovel版\SKILL.md",,,,"broken"
"broken_ref","CommonSkills\通用-输出WebNovel版\SKILL.md",,,,"broken"
"broken_ref","CommonSkills\通用-输出WebNovel版\SKILL.md",,,,"broken"
"broken_ref","CommonSkills\通用-输出WebNovel版\SKILL.md",,,,"broken"
"broken_ref","CommonSkills\通用-输出WebNovel版\SKILL.md",,,,"broken"
"broken_ref","CommonSkills\通用-输出七猫版\SKILL.md",,,,"broken"
"broken_ref","CommonSkills\通用-输出七猫版\SKILL.md",,,,"broken"
"broken_ref","CommonSkills\通用-输出七猫版\SKILL.md",,,,"broken"
"broken_ref","CommonSkills\通用-输出七猫版\SKILL.md",,,,"broken"
"broken_ref","CommonSkills\通用-输出七猫版\SKILL.md",,,,"broken"
"broken_ref","CommonSkills\通用-输出七猫版\SKILL.md",,,,"broken"
"broken_ref","CommonSkills\通用-输出七猫版\SKILL.md",,,,"broken"
"broken_ref","CommonSkills\通用-输出今日头条版\SKILL.md",,,,"broken"
"broken_ref","CommonSkills\通用-输出今日头条版\SKILL.md",,,,"broken"
"broken_ref","CommonSkills\通用-输出今日头条版\SKILL.md",,,,"broken"
"broken_ref","CommonSkills\通用-输出今日头条版\SKILL.md",,,,"broken"
"broken_ref","CommonSkills\通用-输出今日头条版\SKILL.md",,,,"broken"
"broken_ref","CommonSkills\通用-输出今日头条版\SKILL.md",,,,"broken"
"broken_ref","CommonSkills\通用-输出今日头条版\SKILL.md",,,,"broken"
"broken_ref","CommonSkills\通用-输出今日头条版\SKILL.md",,,,"broken"
"broken_ref","CommonSkills\通用-输出今日头条版\SKILL.md",,,,"broken"
"broken_ref","CommonSkills\通用-输出出版社版\SKILL.md",,,,"broken"
"broken_ref","CommonSkills\通用-输出出版社版\SKILL.md",,,,"broken"
"broken_ref","CommonSkills\通用-输出出版社版\SKILL.md",,,,"broken"
"broken_ref","CommonSkills\通用-输出出版社版\SKILL.md",,,,"broken"
"broken_ref","CommonSkills\通用-输出出版社版\SKILL.md",,,,"broken"
"broken_ref","CommonSkills\通用-输出出版社版\SKILL.md",,,,"broken"
"broken_ref","CommonSkills\通用-输出小红书版\SKILL.md",,,,"broken"
"broken_ref","CommonSkills\通用-输出小红书版\SKILL.md",,,,"broken"
"broken_ref","CommonSkills\通用-输出小红书版\SKILL.md",,,,"broken"
"broken_ref","CommonSkills\通用-输出小红书版\SKILL.md",,,,"broken"
"broken_ref","CommonSkills\通用-输出小红书版\SKILL.md",,,,"broken"
"broken_ref","CommonSkills\通用-输出微信订阅号版\SKILL.md",,,,"broken"
"broken_ref","CommonSkills\通用-输出微信订阅号版\SKILL.md",,,,"broken"
"broken_ref","CommonSkills\通用-输出微信订阅号版\SKILL.md",,,,"broken"
"broken_ref","CommonSkills\通用-输出微信订阅号版\SKILL.md",,,,"broken"
"broken_ref","CommonSkills\通用-输出微信订阅号版\SKILL.md",,,,"broken"
"broken_ref","CommonSkills\通用-输出微信订阅号版\SKILL.md",,,,"broken"
"broken_ref","CommonSkills\通用-输出新浪微博版\SKILL.md",,,,"broken"
"broken_ref","CommonSkills\通用-输出新浪微博版\SKILL.md",,,,"broken"
"broken_ref","CommonSkills\通用-输出新浪微博版\SKILL.md",,,,"broken"
"broken_ref","CommonSkills\通用-输出新浪微博版\SKILL.md",,,,"broken"
"broken_ref","CommonSkills\通用-输出新浪微博版\SKILL.md",,,,"broken"
"broken_ref","CommonSkills\通用-输出番茄版\SKILL.md",,,,"broken"
"broken_ref","CommonSkills\通用-输出番茄版\SKILL.md",,,,"broken"
"broken_ref","CommonSkills\通用-输出番茄版\SKILL.md",,,,"broken"
"broken_ref","CommonSkills\通用-输出番茄版\SKILL.md",,,,"broken"
"broken_ref","CommonSkills\通用-输出番茄版\SKILL.md",,,,"broken"
"broken_ref","CommonSkills\通用-输出番茄版\SKILL.md",,,,"broken"
"broken_ref","CommonSkills\通用-输出百度百家号版\SKILL.md",,,,"broken"
"broken_ref","CommonSkills\通用-输出百度百家号版\SKILL.md",,,,"broken"
"broken_ref","CommonSkills\通用-输出百度百家号版\SKILL.md",,,,"broken"
"broken_ref","CommonSkills\通用-输出百度百家号版\SKILL.md",,,,"broken"
"broken_ref","CommonSkills\通用-输出百度百家号版\SKILL.md",,,,"broken"
"broken_ref","CommonSkills\通用-输出知乎版\SKILL.md",,,,"broken"
"broken_ref","CommonSkills\通用-输出知乎版\SKILL.md",,,,"broken"
"broken_ref","CommonSkills\通用-输出知乎版\SKILL.md",,,,"broken"
"broken_ref","CommonSkills\通用-输出知乎版\SKILL.md",,,,"broken"
"broken_ref","CommonSkills\通用-输出知乎版\SKILL.md",,,,"broken"
"broken_ref","CommonSkills\通用-输出知乎版\SKILL.md",,,,"broken"
"broken_ref","CommonSkills\通用-输出纵横小说版\SKILL.md",,,,"broken"
"broken_ref","CommonSkills\通用-输出纵横小说版\SKILL.md",,,,"broken"
"broken_ref","CommonSkills\通用-输出纵横小说版\SKILL.md",,,,"broken"
"broken_ref","CommonSkills\通用-输出纵横小说版\SKILL.md",,,,"broken"
"broken_ref","CommonSkills\通用-输出豆瓣版\SKILL.md",,,,"broken"
"broken_ref","CommonSkills\通用-输出豆瓣版\SKILL.md",,,,"broken"
"broken_ref","CommonSkills\通用-输出豆瓣版\SKILL.md",,,,"broken"
"broken_ref","CommonSkills\通用-输出豆瓣版\SKILL.md",,,,"broken"
"broken_ref","CommonSkills\通用-输出豆瓣版\SKILL.md",,,,"broken"
"broken_ref","CommonSkills\通用-输出豆瓣版\SKILL.md",,,,"broken"
"broken_ref","CommonSkills\通用-输出起点中文网版\SKILL.md",,,,"broken"
"broken_ref","CommonSkills\通用-输出起点中文网版\SKILL.md",,,,"broken"
"broken_ref","CommonSkills\通用-输出起点中文网版\SKILL.md",,,,"broken"
"broken_ref","CommonSkills\通用-输出起点中文网版\SKILL.md",,,,"broken"
"broken_ref","CommonSkills\通用-输出起点中文网版\SKILL.md",,,,"broken"
"broken_ref","CommonSkills\通用-输出起点中文网版\SKILL.md",,,,"broken"
"broken_ref","CommonSkills\通用-输出起点中文网版\SKILL.md",,,,"broken"
"broken_ref","old异能志怪\.github\skills\authenticity-and-de-ai-urban-weird\SKILL.md",,,,"broken"
"broken_ref","old异能志怪\.github\skills\authenticity-and-de-ai-urban-weird\SKILL.md",,,,"broken"
"broken_ref","old异能志怪\.github\skills\authenticity-and-de-ai-urban-weird\SKILL.md",,,,"broken"
"broken_ref","old异能志怪\.github\skills\authenticity-and-de-ai-urban-weird\SKILL.md",,,,"broken"
"broken_ref","old异能志怪\.github\skills\authenticity-and-de-ai-urban-weird\SKILL.md",,,,"broken"
"broken_ref","old异能志怪\.github\skills\design-part-volume-outline\SKILL.md",,,,"broken"
"broken_ref","old异能志怪\.github\skills\design-total-outline\SKILL.md",,,,"broken"
"broken_ref","old异能志怪\.github\skills\design-unit-case-engine\SKILL.md",,,,"broken"
"broken_ref","old异能志怪\.github\skills\design-unit-case-engine\SKILL.md",,,,"broken"
"broken_ref","old异能志怪\.github\skills\design-unit-case-engine\SKILL.md",,,,"broken"
"broken_ref","old异能志怪\.github\skills\design-unit-case-engine\SKILL.md",,,,"broken"
"broken_ref","old异能志怪\.github\skills\design-unit-case-engine\SKILL.md",,,,"broken"
"broken_ref","old异能志怪\.github\skills\design-urban-anomaly-positioning\SKILL.md",,,,"broken"
"broken_ref","old异能志怪\.github\skills\design-urban-anomaly-positioning\SKILL.md",,,,"broken"
"broken_ref","old异能志怪\.github\skills\design-urban-anomaly-positioning\SKILL.md",,,,"broken"
"broken_ref","old异能志怪\.github\skills\design-urban-anomaly-positioning\SKILL.md",,,,"broken"
"broken_ref","old异能志怪\.github\skills\evaluate-qidian-urban-weird-signing\SKILL.md",,,,"broken"
"broken_ref","old异能志怪\.github\skills\evaluate-qidian-urban-weird-signing\SKILL.md",,,,"broken"
"broken_ref","old异能志怪\.github\skills\evaluate-qidian-urban-weird-signing\SKILL.md",,,,"broken"
"broken_ref","old异能志怪\.github\skills\evaluate-qidian-urban-weird-signing\SKILL.md",,,,"broken"
"broken_ref","old异能志怪\.github\skills\execute-microspace-horror-scene\SKILL.md",,,,"broken"
"broken_ref","old异能志怪\.github\skills\execute-microspace-horror-scene\SKILL.md",,,,"broken"
"broken_ref","old异能志怪\.github\skills\execute-microspace-horror-scene\SKILL.md",,,,"broken"
"broken_ref","old异能志怪\.github\skills\execute-microspace-horror-scene\SKILL.md",,,,"broken"
"broken_ref","old异能志怪\.github\skills\execute-microspace-horror-scene\SKILL.md",,,,"broken"
"broken_ref","old异能志怪\.github\skills\execute-microspace-horror-scene\SKILL.md",,,,"broken"
"broken_ref","old异能志怪\.github\skills\execute-microspace-horror-scene\SKILL.md",,,,"broken"
"broken_ref","old异能志怪\.github\skills\execute-microspace-horror-scene\SKILL.md",,,,"broken"
"broken_ref","old异能志怪\.github\skills\execute-microspace-horror-scene\SKILL.md",,,,"broken"
"broken_ref","old异能志怪\.github\skills\execute-microspace-horror-scene\SKILL.md",,,,"broken"
"broken_ref","old异能志怪\.github\skills\execute-microspace-horror-scene\SKILL.md",,,,"broken"
"broken_ref","old异能志怪\.github\skills\execute-microspace-horror-scene\SKILL.md",,,,"broken"
"broken_ref","old异能志怪\.github\skills\execute-microspace-horror-scene\SKILL.md",,,,"broken"
"broken_ref","old异能志怪\.github\skills\execute-microspace-horror-scene\SKILL.md",,,,"broken"
"broken_ref","old异能志怪\.github\skills\execute-microspace-horror-scene\SKILL.md",,,,"broken"
"broken_ref","old异能志怪\.github\skills\manage-continuity-line-heat\SKILL.md",,,,"broken"
"broken_ref","old异能志怪\.github\skills\manage-continuity-line-heat\SKILL.md",,,,"broken"
"broken_ref","old异能志怪\.github\skills\manage-continuity-line-heat\SKILL.md",,,,"broken"
"broken_ref","old异能志怪\.github\skills\manage-continuity-line-heat\SKILL.md",,,,"broken"
"broken_ref","old异能志怪\.github\skills\polish-author-note-reader-theater\SKILL.md",,,,"broken"
"broken_ref","old异能志怪\.github\skills\polish-author-note-reader-theater\SKILL.md",,,,"broken"
"broken_ref","old异能志怪\.github\skills\polish-chapter-prose-urban-weird\SKILL.md",,,,"broken"
"broken_ref","old异能志怪\.github\skills\polish-chapter-prose-urban-weird\SKILL.md",,,,"broken"
"broken_ref","old异能志怪\.github\skills\polish-chapter-prose-urban-weird\SKILL.md",,,,"broken"
"broken_ref","old异能志怪\.github\skills\polish-chapter-prose-urban-weird\SKILL.md",,,,"broken"
"broken_ref","old异能志怪\.github\skills\polish-chapter-prose-urban-weird\SKILL.md",,,,"broken"
"broken_ref","old异能志怪\.github\skills\polish-chapter-prose-urban-weird\SKILL.md",,,,"broken"
"broken_ref","old异能志怪\.github\skills\polish-chapter-prose-urban-weird\SKILL.md",,,,"broken"
"broken_ref","old异能志怪\.github\skills\prepare-chapter-control-card\SKILL.md",,,,"broken"
"broken_ref","old异能志怪\.github\skills\prepare-chapter-control-card\SKILL.md",,,,"broken"
"broken_ref","old异能志怪\.github\skills\prepare-chapter-control-card\SKILL.md",,,,"broken"
"broken_ref","old异能志怪\.github\skills\prepare-chapter-control-card\SKILL.md",,,,"broken"
"broken_ref","old异能志怪\.github\skills\purify-multi-platform-source-draft\SKILL.md",,,,"broken"
"broken_ref","old异能志怪\.github\skills\purify-multi-platform-source-draft\SKILL.md",,,,"broken"
"broken_ref","old异能志怪\.github\skills\review-chapter-execution-urban-weird\SKILL.md",,,,"broken"
"broken_ref","old异能志怪\.github\skills\review-chapter-execution-urban-weird\SKILL.md",,,,"broken"
"broken_ref","old异能志怪\.github\skills\review-chapter-execution-urban-weird\SKILL.md",,,,"broken"
"broken_ref","old异能志怪\.github\skills\review-chapter-execution-urban-weird\SKILL.md",,,,"broken"
"broken_ref","old异能志怪\.github\skills\review-chapter-execution-urban-weird\SKILL.md",,,,"broken"
"broken_ref","old异能志怪\.github\skills\strengthen-chapter-opening-hook\SKILL.md",,,,"broken"
"broken_ref","old异能志怪\.github\skills\strengthen-chapter-opening-hook\SKILL.md",,,,"broken"
"broken_ref","old异能志怪\.github\skills\strengthen-ending-hook-next-chapter\SKILL.md",,,,"broken"
"broken_ref","old异能志怪\.github\skills\strengthen-ending-hook-next-chapter\SKILL.md",,,,"broken"
"broken_ref","old都市悬疑\.github\skills\adapt-platform-fiction\SKILL.md",,,,"broken"
"broken_ref","old都市悬疑\.github\skills\adapt-platform-fiction\SKILL.md",,,,"broken"
"broken_ref","old都市悬疑\.github\skills\adapt-platform-fiction\SKILL.md",,,,"broken"
"broken_ref","old都市悬疑\.github\skills\chapter-continuity-control\SKILL.md",,,,"broken"
"broken_ref","old都市悬疑\.github\skills\chapter-continuity-control\SKILL.md",,,,"broken"
"broken_ref","old都市悬疑\.github\skills\chapter-continuity-control\SKILL.md",,,,"broken"
"broken_ref","old都市悬疑\.github\skills\chapter-continuity-control\SKILL.md",,,,"broken"
"broken_ref","old都市悬疑\.github\skills\design-character-bible\SKILL.md",,,,"broken"
"broken_ref","old都市悬疑\.github\skills\design-character-bible\SKILL.md",,,,"broken"
"broken_ref","old都市悬疑\.github\skills\design-character-bible\SKILL.md",,,,"broken"
"broken_ref","old都市悬疑\.github\skills\design-character-bible\SKILL.md",,,,"broken"
"broken_ref","old都市悬疑\.github\skills\design-master-outline\SKILL.md",,,,"broken"
"broken_ref","old都市悬疑\.github\skills\design-master-outline\SKILL.md",,,,"broken"
"broken_ref","old都市悬疑\.github\skills\design-part-volume-outline\SKILL.md",,,,"broken"
"broken_ref","old都市悬疑\.github\skills\design-part-volume-outline\SKILL.md",,,,"broken"
"broken_ref","old都市悬疑\.github\skills\design-part-volume-outline\SKILL.md",,,,"broken"
"broken_ref","old都市悬疑\.github\skills\design-story-facet\SKILL.md",,,,"broken"
"broken_ref","old都市悬疑\.github\skills\design-story-facet\SKILL.md",,,,"broken"
"broken_ref","old都市悬疑\.github\skills\design-tech-setting\SKILL.md",,,,"broken"
"broken_ref","old都市悬疑\.github\skills\design-tech-setting\SKILL.md",,,,"broken"
"broken_ref","old都市悬疑\.github\skills\design-tech-setting\SKILL.md",,,,"broken"
"broken_ref","old都市悬疑\.github\skills\design-tech-setting\SKILL.md",,,,"broken"
"broken_ref","old都市悬疑\.github\skills\evaluate-qidian-signing-probability\SKILL.md",,,,"broken"
"broken_ref","old都市悬疑\.github\skills\evaluate-qidian-signing-probability\SKILL.md",,,,"broken"
"broken_ref","old都市悬疑\.github\skills\polish-author-note\SKILL.md",,,,"broken"
"broken_ref","old都市悬疑\.github\skills\polish-author-note\SKILL.md",,,,"broken"
"broken_ref","old都市悬疑\.github\skills\polish-chapter-body\SKILL.md",,,,"broken"
"broken_ref","old都市悬疑\.github\skills\polish-chapter-body\SKILL.md",,,,"broken"
"broken_ref","old都市悬疑\.github\skills\polish-chapter-body\SKILL.md",,,,"broken"
"broken_ref","old都市悬疑\.github\skills\polish-chapter-body\SKILL.md",,,,"broken"
"broken_ref","old都市悬疑\.github\skills\polish-chapter-body\SKILL.md",,,,"broken"
"broken_ref","old都市悬疑\.github\skills\polish-chapter-body\SKILL.md",,,,"broken"
"broken_ref","old都市悬疑\.github\skills\polish-chapter-body\SKILL.md",,,,"broken"
"broken_ref","old都市悬疑\.github\skills\polish-chapter-body\SKILL.md",,,,"broken"
"broken_ref","old都市悬疑\.github\skills\polish-chapter-body\SKILL.md",,,,"broken"
"broken_ref","old都市悬疑\.github\skills\polish-chapter-body\SKILL.md",,,,"broken"
"broken_ref","old都市悬疑\.github\skills\polish-chapter-body\SKILL.md",,,,"broken"
"broken_ref","old都市悬疑\.github\skills\polish-chapter-body\SKILL.md",,,,"broken"
"broken_ref","old都市悬疑\.github\skills\polish-chapter-body\SKILL.md",,,,"broken"
"broken_ref","old都市悬疑\.github\skills\polish-chapter-body\SKILL.md",,,,"broken"
"broken_ref","old都市悬疑\.github\skills\polish-chapter-body\SKILL.md",,,,"broken"
"broken_ref","old都市悬疑\.github\skills\polish-chapter-body\SKILL.md",,,,"broken"
"broken_ref","old都市悬疑\.github\skills\polish-chapter-body\SKILL.md",,,,"broken"
"broken_ref","old都市悬疑\.github\skills\refine-multi-platform-master-draft\SKILL.md",,,,"broken"
"broken_ref","old都市悬疑\.github\skills\refine-multi-platform-master-draft\SKILL.md",,,,"broken"
"broken_ref","old都市悬疑\.github\skills\review-chapter-body\SKILL.md",,,,"broken"
"broken_ref","old都市悬疑\.github\skills\review-chapter-body\SKILL.md",,,,"broken"
"broken_ref","old都市悬疑\.github\skills\review-character-bible\SKILL.md",,,,"broken"
"broken_ref","old都市悬疑\.github\skills\review-character-bible\SKILL.md",,,,"broken"
"broken_ref","old都市悬疑\.github\skills\review-master-outline\SKILL.md",,,,"broken"
"broken_ref","old都市悬疑\.github\skills\review-master-outline\SKILL.md",,,,"broken"
"broken_ref","old都市悬疑\.github\skills\review-part-volume-outline\SKILL.md",,,,"broken"
"broken_ref","old都市悬疑\.github\skills\review-part-volume-outline\SKILL.md",,,,"broken"
"broken_ref","old都市悬疑\.github\skills\review-tech-setting\SKILL.md",,,,"broken"
"broken_ref","old都市悬疑\.github\skills\review-tech-setting\SKILL.md",,,,"broken"
"broken_ref","old都市悬疑\.github\skills\rewrite-chapter-de-ai\SKILL.md",,,,"broken"
"broken_ref","old都市悬疑\.github\skills\rewrite-chapter-de-ai\SKILL.md",,,,"broken"
"broken_ref","old都市悬疑\.github\skills\rewrite-chapter-de-ai\SKILL.md",,,,"broken"
"broken_ref","old都市悬疑\.github\skills\rewrite-chapter-de-ai\SKILL.md",,,,"broken"
"broken_ref","old都市悬疑\.github\skills\rewrite-chapter-de-ai\SKILL.md",,,,"broken"
"broken_ref","old都市悬疑\.github\skills\rewrite-chapter-de-ai\SKILL.md",,,,"broken"
"broken_ref","old都市悬疑\.github\skills\strengthen-chapter-opening\SKILL.md",,,,"broken"
"broken_ref","old都市悬疑\.github\skills\strengthen-chapter-opening\SKILL.md",,,,"broken"
"broken_ref","old都市悬疑\.github\skills\strengthen-ending-hook\SKILL.md",,,,"broken"
"broken_ref","old都市悬疑\.github\skills\strengthen-ending-hook\SKILL.md",,,,"broken"
"broken_ref","仅用于参考\chinese-novelist-skill\SKILL.md",,,,"broken"
"broken_ref","仅用于参考\chinese-novelist-skill\SKILL.md",,,,"broken"
"broken_ref","仅用于参考\chinese-novelist-skill\SKILL.md",,,,"broken"
"broken_ref","仅用于参考\chinese-novelist-skill\SKILL.md",,,,"broken"
"broken_ref","仅用于参考\chinese-novelist-skill\SKILL.md",,,,"broken"
"broken_ref","仅用于参考\chinese-novelist-skill\SKILL.md",,,,"broken"
"broken_ref","仅用于参考\chinese-novelist-skill\SKILL.md",,,,"broken"
"broken_ref","仅用于参考\chinese-novelist-skill\SKILL.md",,,,"broken"
"broken_ref","仅用于参考\chinese-novelist-skill\SKILL.md",,,,"broken"
"broken_ref","仅用于参考\Novel-Control-Station-Skill\SKILL.md",,,,"broken"
"broken_ref","仅用于参考\Novel-Control-Station-Skill\SKILL.md",,,,"broken"
"broken_ref","仅用于参考\Novel-Control-Station-Skill\SKILL.md",,,,"broken"
"broken_ref","仅用于参考\Novel-Control-Station-Skill\SKILL.md",,,,"broken"
"broken_ref","仅用于参考\Novel-Control-Station-Skill\SKILL.md",,,,"broken"
"broken_ref","仅用于参考\Novel-Control-Station-Skill\SKILL.md",,,,"broken"
"broken_ref","仅用于参考\Novel-Control-Station-Skill\SKILL.md",,,,"broken"
"broken_ref","仅用于参考\Novel-Control-Station-Skill\SKILL.md",,,,"broken"
"broken_ref","仅用于参考\Novel-Control-Station-Skill\SKILL.md",,,,"broken"
"broken_ref","仅用于参考\Novel-Control-Station-Skill\SKILL.md",,,,"broken"
"broken_ref","仅用于参考\Novel-Control-Station-Skill\SKILL.md",,,,"broken"
"broken_ref","仅用于参考\Novel-Control-Station-Skill\SKILL.md",,,,"broken"
"broken_ref","仅用于参考\Novel-Control-Station-Skill\SKILL.md",,,,"broken"
"broken_ref","仅用于参考\Novel-Control-Station-Skill\SKILL.md",,,,"broken"
"broken_ref","仅用于参考\Novel-Control-Station-Skill\SKILL.md",,,,"broken"
"broken_ref","仅用于参考\Novel-Control-Station-Skill\SKILL.md",,,,"broken"
"broken_ref","仅用于参考\Novel-Control-Station-Skill\SKILL.md",,,,"broken"
"broken_ref","仅用于参考\Novel-Control-Station-Skill\SKILL.md",,,,"broken"
"broken_ref","仅用于参考\Novel-Control-Station-Skill\SKILL.md",,,,"broken"
"broken_ref","仅用于参考\Novel-Control-Station-Skill\SKILL.md",,,,"broken"
"broken_ref","仅用于参考\Novel-Control-Station-Skill\SKILL.md",,,,"broken"
"broken_ref","仅用于参考\Novel-Control-Station-Skill\SKILL.md",,,,"broken"
"broken_ref","仅用于参考\Novel-Control-Station-Skill\SKILL.md",,,,"broken"
"broken_ref","仅用于参考\Novel-Control-Station-Skill\SKILL.md",,,,"broken"
"broken_ref","仅用于参考\Novel-Control-Station-Skill\SKILL.md",,,,"broken"
"broken_ref","仅用于参考\Novel-Control-Station-Skill\SKILL.md",,,,"broken"
"broken_ref","仅用于参考\Novel-Control-Station-Skill\SKILL.md",,,,"broken"
"broken_ref","仅用于参考\Novel-Control-Station-Skill\SKILL.md",,,,"broken"
"broken_ref","仅用于参考\Novel-Control-Station-Skill\SKILL.md",,,,"broken"
"broken_ref","仅用于参考\Novel-Control-Station-Skill\SKILL.md",,,,"broken"
"broken_ref","仅用于参考\Novel-Control-Station-Skill\SKILL.md",,,,"broken"
"broken_ref","仅用于参考\Novel-Control-Station-Skill\SKILL.md",,,,"broken"
"broken_ref","仅用于参考\Novel-Control-Station-Skill\SKILL.md",,,,"broken"
"broken_ref","仅用于参考\Novel-Control-Station-Skill\SKILL.md",,,,"broken"
"broken_ref","仅用于参考\Novel-Control-Station-Skill\SKILL.md",,,,"broken"
"broken_ref","仅用于参考\Novel-Control-Station-Skill\SKILL.md",,,,"broken"
"broken_ref","仅用于参考\Novel-Control-Station-Skill\SKILL.md",,,,"broken"
"broken_ref","仅用于参考\Novel-Control-Station-Skill\SKILL.md",,,,"broken"
"broken_ref","仅用于参考\Novel-Control-Station-Skill\SKILL.md",,,,"broken"
"broken_ref","仅用于参考\Novel-Control-Station-Skill\SKILL.md",,,,"broken"
"broken_ref","仅用于参考\Novel-Control-Station-Skill\SKILL.md",,,,"broken"
"broken_ref","仅用于参考\Novel-Control-Station-Skill\SKILL.md",,,,"broken"
"broken_ref","仅用于参考\Novel-Control-Station-Skill\SKILL.md",,,,"broken"
"broken_ref","仅用于参考\novel-creator-skill\SKILL.md",,,,"broken"
"broken_ref","仅用于参考\novel-creator-skill\SKILL.md",,,,"broken"
"broken_ref","仅用于参考\novel-creator-skill\SKILL.md",,,,"broken"
"broken_ref","仅用于参考\novel-creator-skill\SKILL.md",,,,"broken"
"broken_ref","仅用于参考\novel-creator-skill\SKILL.md",,,,"broken"
"broken_ref","仅用于参考\novel-creator-skill\SKILL.md",,,,"broken"
"broken_ref","仅用于参考\novel-creator-skill\SKILL.md",,,,"broken"
"broken_ref","仅用于参考\novel-creator-skill\SKILL.md",,,,"broken"
"broken_ref","仅用于参考\novel-creator-skill\SKILL.md",,,,"broken"
"broken_ref","仅用于参考\novel-creator-skill\SKILL.md",,,,"broken"
"broken_ref","仅用于参考\novel-creator-skill\SKILL.md",,,,"broken"
"broken_ref","仅用于参考\novel-creator-skill\SKILL.md",,,,"broken"
"broken_ref","仅用于参考\novel-creator-skill\SKILL.md",,,,"broken"
"broken_ref","仅用于参考\novel-creator-skill\SKILL.md",,,,"broken"
"broken_ref","仅用于参考\novel-creator-skill\SKILL.md",,,,"broken"
"broken_ref","仅用于参考\novel-creator-skill\SKILL.md",,,,"broken"
"broken_ref","仅用于参考\novel-creator-skill\SKILL.md",,,,"broken"
"broken_ref","仅用于参考\novel-creator-skill\SKILL.md",,,,"broken"
"broken_ref","仅用于参考\novel-creator-skill\SKILL.md",,,,"broken"
"broken_ref","仅用于参考\novel-creator-skill\SKILL.md",,,,"broken"
"broken_ref","仅用于参考\novel-creator-skill\SKILL.md",,,,"broken"
"broken_ref","仅用于参考\novel-creator-skill\SKILL.md",,,,"broken"
"broken_ref","仅用于参考\novel-creator-skill\SKILL.md",,,,"broken"
"broken_ref","仅用于参考\novel-creator-skill\SKILL.md",,,,"broken"
"broken_ref","仅用于参考\novel-creator-skill\SKILL.md",,,,"broken"
"broken_ref","仅用于参考\vibe-writing\SKILL.md",,,,"broken"
"broken_ref","仅用于参考\vibe-writing\SKILL.md",,,,"broken"
"broken_ref","仅用于参考\vibe-writing\SKILL.md",,,,"broken"
"broken_ref","仅用于参考\vibe-writing\SKILL.md",,,,"broken"
"broken_ref","太空科幻\skills\太空科幻-输出起点中文网版\SKILL.md",,,,"broken"
"broken_ref","太空科幻\skills\太空科幻-输出起点中文网版\SKILL.md",,,,"broken"
"broken_ref","太空科幻\skills\太空科幻-输出起点中文网版\SKILL.md",,,,"broken"
"broken_ref","女频爱情\skills\女频爱情-分析竞对作品\SKILL.md",,,,"broken"
"broken_ref","女频爱情\skills\女频爱情-创建小说正文\SKILL.md",,,,"broken"
"broken_ref","女频爱情\skills\女频爱情-创建小说正文\SKILL.md",,,,"broken"
"broken_ref","女频爱情\skills\女频爱情-去AI味重写\SKILL.md",,,,"broken"
"broken_ref","女频爱情\skills\女频爱情-去AI味重写\SKILL.md",,,,"broken"
"broken_ref","女频爱情\skills\女频爱情-去AI味重写\SKILL.md",,,,"broken"
"broken_ref","女频爱情\skills\女频爱情-去AI味重写\SKILL.md",,,,"broken"
"broken_ref","女频爱情\skills\女频爱情-去AI味重写\SKILL.md",,,,"broken"
"broken_ref","女频爱情\skills\女频爱情-去AI味重写\SKILL.md",,,,"broken"
"broken_ref","女频爱情\skills\女频爱情-多平台小说适配\SKILL.md",,,,"broken"
"broken_ref","女频爱情\skills\女频爱情-多平台输出编排\SKILL.md",,,,"broken"
"broken_ref","女频爱情\skills\女频爱情-大纲审阅优化闭环\SKILL.md",,,,"broken"
"broken_ref","女频爱情\skills\女频爱情-大纲审阅优化闭环\SKILL.md",,,,"broken"
"broken_ref","女频爱情\skills\女频爱情-审阅人物传记\SKILL.md",,,,"broken"
"broken_ref","女频爱情\skills\女频爱情-审阅分卷大纲\SKILL.md",,,,"broken"
"broken_ref","女频爱情\skills\女频爱情-审阅分卷大纲\SKILL.md",,,,"broken"
"broken_ref","女频爱情\skills\女频爱情-审阅总大纲\SKILL.md",,,,"broken"
"broken_ref","女频爱情\skills\女频爱情-审阅总大纲\SKILL.md",,,,"broken"
"broken_ref","女频爱情\skills\女频爱情-审阅故事设定\SKILL.md",,,,"broken"
"broken_ref","女频爱情\skills\女频爱情-审阅章节正文\SKILL.md",,,,"broken"
"broken_ref","女频爱情\skills\女频爱情-审阅章节正文\SKILL.md",,,,"broken"
"broken_ref","女频爱情\skills\女频爱情-审阅章节正文\SKILL.md",,,,"broken"
"broken_ref","女频爱情\skills\女频爱情-审阅章节正文\SKILL.md",,,,"broken"
"broken_ref","女频爱情\skills\女频爱情-审阅章节正文\SKILL.md",,,,"broken"
"broken_ref","女频爱情\skills\女频爱情-审阅章节正文\SKILL.md",,,,"broken"
"broken_ref","女频爱情\skills\女频爱情-小说项目初始化\SKILL.md",,,,"broken"
"broken_ref","女频爱情\skills\女频爱情-平台签约评估框架\SKILL.md",,,,"broken"
"broken_ref","女频爱情\skills\女频爱情-平台签约评估框架\SKILL.md",,,,"broken"
"broken_ref","女频爱情\skills\女频爱情-平台签约评估框架\SKILL.md",,,,"broken"
"broken_ref","女频爱情\skills\女频爱情-平台签约评估框架\SKILL.md",,,,"broken"
"broken_ref","女频爱情\skills\女频爱情-执行场景单元\SKILL.md",,,,"broken"
"broken_ref","女频爱情\skills\女频爱情-执行场景单元\SKILL.md",,,,"broken"
"broken_ref","女频爱情\skills\女频爱情-执行对话冲突\SKILL.md",,,,"broken"
"broken_ref","女频爱情\skills\女频爱情-执行对话冲突\SKILL.md",,,,"broken"
"broken_ref","女频爱情\skills\女频爱情-执行微空间受限场景\SKILL.md",,,,"broken"
"broken_ref","女频爱情\skills\女频爱情-执行微空间受限场景\SKILL.md",,,,"broken"
"broken_ref","女频爱情\skills\女频爱情-撰写书评\SKILL.md",,,,"broken"
"broken_ref","女频爱情\skills\女频爱情-撰写书评\SKILL.md",,,,"broken"
"broken_ref","女频爱情\skills\女频爱情-撰写书评\SKILL.md",,,,"broken"
"broken_ref","女频爱情\skills\女频爱情-撰写内容简介\SKILL.md",,,,"broken"
"broken_ref","女频爱情\skills\女频爱情-正文润色\SKILL.md",,,,"broken"
"broken_ref","女频爱情\skills\女频爱情-正文润色\SKILL.md",,,,"broken"
"broken_ref","女频爱情\skills\女频爱情-正文润色\SKILL.md",,,,"broken"
"broken_ref","女频爱情\skills\女频爱情-润色作者有话说\SKILL.md",,,,"broken"
"broken_ref","女频爱情\skills\女频爱情-润色作者有话说\SKILL.md",,,,"broken"
"broken_ref","女频爱情\skills\女频爱情-生成章节控制卡\SKILL.md",,,,"broken"
"broken_ref","女频爱情\skills\女频爱情-生成章节控制卡\SKILL.md",,,,"broken"
"broken_ref","女频爱情\skills\女频爱情-生成章节控制卡\SKILL.md",,,,"broken"
"broken_ref","女频爱情\skills\女频爱情-生成章节控制卡\SKILL.md",,,,"broken"
"broken_ref","女频爱情\skills\女频爱情-章节创作闭环\SKILL.md",,,,"broken"
"broken_ref","女频爱情\skills\女频爱情-章节创作闭环\SKILL.md",,,,"broken"
"broken_ref","女频爱情\skills\女频爱情-章节创作闭环\SKILL.md",,,,"broken"
"broken_ref","女频爱情\skills\女频爱情-章节创作闭环\SKILL.md",,,,"broken"
"broken_ref","女频爱情\skills\女频爱情-管理连续性冷热线\SKILL.md",,,,"broken"
"broken_ref","女频爱情\skills\女频爱情-组包投稿材料\SKILL.md",,,,"broken"
"broken_ref","女频爱情\skills\女频爱情-组包投稿材料\SKILL.md",,,,"broken"
"broken_ref","女频爱情\skills\女频爱情-设计事件案件引擎\SKILL.md",,,,"broken"
"broken_ref","女频爱情\skills\女频爱情-设计人物传记\SKILL.md",,,,"broken"
"broken_ref","女频爱情\skills\女频爱情-设计人物传记\SKILL.md",,,,"broken"
"broken_ref","女频爱情\skills\女频爱情-设计人物传记\SKILL.md",,,,"broken"
"broken_ref","女频爱情\skills\女频爱情-设计人物传记\SKILL.md",,,,"broken"
"broken_ref","女频爱情\skills\女频爱情-设计人物传记\SKILL.md",,,,"broken"
"broken_ref","女频爱情\skills\女频爱情-设计人物传记\SKILL.md",,,,"broken"
"broken_ref","女频爱情\skills\女频爱情-设计分卷大纲\SKILL.md",,,,"broken"
"broken_ref","女频爱情\skills\女频爱情-设计分卷大纲\SKILL.md",,,,"broken"
"broken_ref","女频爱情\skills\女频爱情-设计总大纲\SKILL.md",,,,"broken"
"broken_ref","女频爱情\skills\女频爱情-设计总大纲\SKILL.md",,,,"broken"
"broken_ref","女频爱情\skills\女频爱情-设计总大纲\SKILL.md",,,,"broken"
"broken_ref","女频爱情\skills\女频爱情-设计故事设定\SKILL.md",,,,"broken"
"broken_ref","女频爱情\skills\女频爱情-设计故事设定\SKILL.md",,,,"broken"
"broken_ref","女频爱情\skills\女频爱情-设计故事面\SKILL.md",,,,"broken"
"broken_ref","女频爱情\skills\女频爱情-设计标题\SKILL.md",,,,"broken"
"broken_ref","女频爱情\skills\女频爱情-设计标题\SKILL.md",,,,"broken"
"broken_ref","女频爱情\skills\女频爱情-设计题材定位框架\SKILL.md",,,,"broken"
"broken_ref","女频爱情\skills\女频爱情-设计题材定位框架\SKILL.md",,,,"broken"
"broken_ref","女频爱情\skills\女频爱情-输出GoodNovel版\SKILL.md",,,,"broken"
"broken_ref","女频爱情\skills\女频爱情-输出GoodNovel版\SKILL.md",,,,"broken"
"broken_ref","女频爱情\skills\女频爱情-输出GoodNovel版\SKILL.md",,,,"broken"
"broken_ref","女频爱情\skills\女频爱情-输出My Fiction版\SKILL.md",,,,"broken"
"broken_ref","女频爱情\skills\女频爱情-输出My Fiction版\SKILL.md",,,,"broken"
"broken_ref","女频爱情\skills\女频爱情-输出My Fiction版\SKILL.md",,,,"broken"
"broken_ref","女频爱情\skills\女频爱情-输出WebNovel版\SKILL.md",,,,"broken"
"broken_ref","女频爱情\skills\女频爱情-输出WebNovel版\SKILL.md",,,,"broken"
"broken_ref","女频爱情\skills\女频爱情-输出WebNovel版\SKILL.md",,,,"broken"
"broken_ref","女频爱情\skills\女频爱情-输出出版社版\SKILL.md",,,,"broken"
"broken_ref","女频爱情\skills\女频爱情-输出出版社版\SKILL.md",,,,"broken"
"broken_ref","女频爱情\skills\女频爱情-输出出版社版\SKILL.md",,,,"broken"
"broken_ref","女频爱情\skills\女频爱情-输出微信订阅号版\SKILL.md",,,,"broken"
"broken_ref","女频爱情\skills\女频爱情-输出微信订阅号版\SKILL.md",,,,"broken"
"broken_ref","女频爱情\skills\女频爱情-输出微信订阅号版\SKILL.md",,,,"broken"
"broken_ref","女频爱情\skills\女频爱情-输出番茄版\SKILL.md",,,,"broken"
"broken_ref","女频爱情\skills\女频爱情-输出番茄版\SKILL.md",,,,"broken"
"broken_ref","女频爱情\skills\女频爱情-输出番茄版\SKILL.md",,,,"broken"
"broken_ref","女频爱情\skills\女频爱情-输出知乎版\SKILL.md",,,,"broken"
"broken_ref","女频爱情\skills\女频爱情-输出知乎版\SKILL.md",,,,"broken"
"broken_ref","女频爱情\skills\女频爱情-输出知乎版\SKILL.md",,,,"broken"
"broken_ref","女频爱情\skills\女频爱情-输出豆瓣版\SKILL.md",,,,"broken"
"broken_ref","女频爱情\skills\女频爱情-输出豆瓣版\SKILL.md",,,,"broken"
"broken_ref","女频爱情\skills\女频爱情-输出豆瓣版\SKILL.md",,,,"broken"
"broken_ref","女频爱情\skills\女频爱情-输出起点中文网版\SKILL.md",,,,"broken"
"broken_ref","女频爱情\skills\女频爱情-输出起点中文网版\SKILL.md",,,,"broken"
"broken_ref","女频爱情\skills\女频爱情-输出起点中文网版\SKILL.md",,,,"broken"
"broken_ref","异能志怪\skills\异能志怪-分析竞对作品\SKILL.md",,,,"broken"
"broken_ref","异能志怪\skills\异能志怪-分析竞对作品\SKILL.md",,,,"broken"
"broken_ref","异能志怪\skills\异能志怪-创建小说正文\SKILL.md",,,,"broken"
"broken_ref","异能志怪\skills\异能志怪-创建小说正文\SKILL.md",,,,"broken"
"broken_ref","异能志怪\skills\异能志怪-创建小说正文\SKILL.md",,,,"broken"
"broken_ref","异能志怪\skills\异能志怪-去AI味重写\SKILL.md",,,,"broken"
"broken_ref","异能志怪\skills\异能志怪-去AI味重写\SKILL.md",,,,"broken"
"broken_ref","异能志怪\skills\异能志怪-去AI味重写\SKILL.md",,,,"broken"
"broken_ref","异能志怪\skills\异能志怪-去AI味重写\SKILL.md",,,,"broken"
"broken_ref","异能志怪\skills\异能志怪-去AI味重写\SKILL.md",,,,"broken"
"broken_ref","异能志怪\skills\异能志怪-去AI味重写\SKILL.md",,,,"broken"
"broken_ref","异能志怪\skills\异能志怪-去AI味重写\SKILL.md",,,,"broken"
"broken_ref","异能志怪\skills\异能志怪-去AI味重写\SKILL.md",,,,"broken"
"broken_ref","异能志怪\skills\异能志怪-去AI味重写\SKILL.md",,,,"broken"
"broken_ref","异能志怪\skills\异能志怪-多平台小说适配\SKILL.md",,,,"broken"
"broken_ref","异能志怪\skills\异能志怪-多平台输出编排\SKILL.md",,,,"broken"
"broken_ref","异能志怪\skills\异能志怪-大纲审阅优化闭环\SKILL.md",,,,"broken"
"broken_ref","异能志怪\skills\异能志怪-大纲审阅优化闭环\SKILL.md",,,,"broken"
"broken_ref","异能志怪\skills\异能志怪-审阅人物传记\SKILL.md",,,,"broken"
"broken_ref","异能志怪\skills\异能志怪-审阅人物传记\SKILL.md",,,,"broken"
"broken_ref","异能志怪\skills\异能志怪-审阅分卷大纲\SKILL.md",,,,"broken"
"broken_ref","异能志怪\skills\异能志怪-审阅分卷大纲\SKILL.md",,,,"broken"
"broken_ref","异能志怪\skills\异能志怪-审阅分卷大纲\SKILL.md",,,,"broken"
"broken_ref","异能志怪\skills\异能志怪-审阅分卷大纲\SKILL.md",,,,"broken"
"broken_ref","异能志怪\skills\异能志怪-审阅总大纲\SKILL.md",,,,"broken"
"broken_ref","异能志怪\skills\异能志怪-审阅总大纲\SKILL.md",,,,"broken"
"broken_ref","异能志怪\skills\异能志怪-审阅总大纲\SKILL.md",,,,"broken"
"broken_ref","异能志怪\skills\异能志怪-审阅总大纲\SKILL.md",,,,"broken"
"broken_ref","异能志怪\skills\异能志怪-审阅故事设定\SKILL.md",,,,"broken"
"broken_ref","异能志怪\skills\异能志怪-审阅故事设定\SKILL.md",,,,"broken"
"broken_ref","异能志怪\skills\异能志怪-审阅章节正文\SKILL.md",,,,"broken"
"broken_ref","异能志怪\skills\异能志怪-审阅章节正文\SKILL.md",,,,"broken"
"broken_ref","异能志怪\skills\异能志怪-审阅章节正文\SKILL.md",,,,"broken"
"broken_ref","异能志怪\skills\异能志怪-审阅章节正文\SKILL.md",,,,"broken"
"broken_ref","异能志怪\skills\异能志怪-审阅章节正文\SKILL.md",,,,"broken"
"broken_ref","异能志怪\skills\异能志怪-审阅章节正文\SKILL.md",,,,"broken"
"broken_ref","异能志怪\skills\异能志怪-审阅章节正文\SKILL.md",,,,"broken"
"broken_ref","异能志怪\skills\异能志怪-审阅章节正文\SKILL.md",,,,"broken"
"broken_ref","异能志怪\skills\异能志怪-审阅章节正文\SKILL.md",,,,"broken"
"broken_ref","异能志怪\skills\异能志怪-审阅章节正文\SKILL.md",,,,"broken"
"broken_ref","异能志怪\skills\异能志怪-审阅章节正文\SKILL.md",,,,"broken"
"broken_ref","异能志怪\skills\异能志怪-审阅章节正文\SKILL.md",,,,"broken"
"broken_ref","异能志怪\skills\异能志怪-审阅章节正文\SKILL.md",,,,"broken"
"broken_ref","异能志怪\skills\异能志怪-审阅章节正文\SKILL.md",,,,"broken"
"broken_ref","异能志怪\skills\异能志怪-审阅章节正文\SKILL.md",,,,"broken"
"broken_ref","异能志怪\skills\异能志怪-小说项目初始化\SKILL.md",,,,"broken"
"broken_ref","异能志怪\skills\异能志怪-平台签约评估框架\SKILL.md",,,,"broken"
"broken_ref","异能志怪\skills\异能志怪-平台签约评估框架\SKILL.md",,,,"broken"
"broken_ref","异能志怪\skills\异能志怪-平台签约评估框架\SKILL.md",,,,"broken"
"broken_ref","异能志怪\skills\异能志怪-平台签约评估框架\SKILL.md",,,,"broken"
"broken_ref","异能志怪\skills\异能志怪-平台签约评估框架\SKILL.md",,,,"broken"
"broken_ref","异能志怪\skills\异能志怪-平台签约评估框架\SKILL.md",,,,"broken"
"broken_ref","异能志怪\skills\异能志怪-平台签约评估框架\SKILL.md",,,,"broken"
"broken_ref","异能志怪\skills\异能志怪-平台签约评估框架\SKILL.md",,,,"broken"
"broken_ref","异能志怪\skills\异能志怪-强化章末钩子\SKILL.md",,,,"broken"
"broken_ref","异能志怪\skills\异能志怪-强化章末钩子\SKILL.md",,,,"broken"
"broken_ref","异能志怪\skills\异能志怪-强化章末钩子\SKILL.md",,,,"broken"
"broken_ref","异能志怪\skills\异能志怪-强化章末钩子\SKILL.md",,,,"broken"
"broken_ref","异能志怪\skills\异能志怪-强化章节开头\SKILL.md",,,,"broken"
"broken_ref","异能志怪\skills\异能志怪-强化章节开头\SKILL.md",,,,"broken"
"broken_ref","异能志怪\skills\异能志怪-强化章节开头\SKILL.md",,,,"broken"
"broken_ref","异能志怪\skills\异能志怪-执行场景单元\SKILL.md",,,,"broken"
"broken_ref","异能志怪\skills\异能志怪-执行场景单元\SKILL.md",,,,"broken"
"broken_ref","异能志怪\skills\异能志怪-执行场景单元\SKILL.md",,,,"broken"
"broken_ref","异能志怪\skills\异能志怪-执行场景单元\SKILL.md",,,,"broken"
"broken_ref","异能志怪\skills\异能志怪-执行场景单元\SKILL.md",,,,"broken"
"broken_ref","异能志怪\skills\异能志怪-执行场景单元\SKILL.md",,,,"broken"
"broken_ref","异能志怪\skills\异能志怪-执行场景单元\SKILL.md",,,,"broken"
"broken_ref","异能志怪\skills\异能志怪-执行场景单元\SKILL.md",,,,"broken"
"broken_ref","异能志怪\skills\异能志怪-执行场景单元\SKILL.md",,,,"broken"
"broken_ref","异能志怪\skills\异能志怪-执行对话冲突\SKILL.md",,,,"broken"
"broken_ref","异能志怪\skills\异能志怪-执行对话冲突\SKILL.md",,,,"broken"
"broken_ref","异能志怪\skills\异能志怪-执行对话冲突\SKILL.md",,,,"broken"
"broken_ref","异能志怪\skills\异能志怪-执行对话冲突\SKILL.md",,,,"broken"
"broken_ref","异能志怪\skills\异能志怪-执行微空间受限场景\SKILL.md",,,,"broken"
"broken_ref","异能志怪\skills\异能志怪-执行微空间受限场景\SKILL.md",,,,"broken"
"broken_ref","异能志怪\skills\异能志怪-执行微空间受限场景\SKILL.md",,,,"broken"
"broken_ref","异能志怪\skills\异能志怪-执行微空间受限场景\SKILL.md",,,,"broken"
"broken_ref","异能志怪\skills\异能志怪-执行微空间受限场景\SKILL.md",,,,"broken"
"broken_ref","异能志怪\skills\异能志怪-执行微空间受限场景\SKILL.md",,,,"broken"
"broken_ref","异能志怪\skills\异能志怪-执行微空间受限场景\SKILL.md",,,,"broken"
"broken_ref","异能志怪\skills\异能志怪-撰写书评\SKILL.md",,,,"broken"
"broken_ref","异能志怪\skills\异能志怪-撰写书评\SKILL.md",,,,"broken"
"broken_ref","异能志怪\skills\异能志怪-撰写书评\SKILL.md",,,,"broken"
"broken_ref","异能志怪\skills\异能志怪-撰写内容简介\SKILL.md",,,,"broken"
"broken_ref","异能志怪\skills\异能志怪-正文润色\SKILL.md",,,,"broken"
"broken_ref","异能志怪\skills\异能志怪-正文润色\SKILL.md",,,,"broken"
"broken_ref","异能志怪\skills\异能志怪-正文润色\SKILL.md",,,,"broken"
"broken_ref","异能志怪\skills\异能志怪-正文润色\SKILL.md",,,,"broken"
"broken_ref","异能志怪\skills\异能志怪-正文润色\SKILL.md",,,,"broken"
"broken_ref","异能志怪\skills\异能志怪-正文润色\SKILL.md",,,,"broken"
"broken_ref","异能志怪\skills\异能志怪-正文润色\SKILL.md",,,,"broken"
"broken_ref","异能志怪\skills\异能志怪-正文润色\SKILL.md",,,,"broken"
"broken_ref","异能志怪\skills\异能志怪-润色作者有话说\SKILL.md",,,,"broken"
"broken_ref","异能志怪\skills\异能志怪-润色作者有话说\SKILL.md",,,,"broken"
"broken_ref","异能志怪\skills\异能志怪-润色作者有话说\SKILL.md",,,,"broken"
"broken_ref","异能志怪\skills\异能志怪-润色作者有话说\SKILL.md",,,,"broken"
"broken_ref","异能志怪\skills\异能志怪-生成章节控制卡\SKILL.md",,,,"broken"
"broken_ref","异能志怪\skills\异能志怪-生成章节控制卡\SKILL.md",,,,"broken"
"broken_ref","异能志怪\skills\异能志怪-生成章节控制卡\SKILL.md",,,,"broken"
"broken_ref","异能志怪\skills\异能志怪-生成章节控制卡\SKILL.md",,,,"broken"
"broken_ref","异能志怪\skills\异能志怪-生成章节控制卡\SKILL.md",,,,"broken"
"broken_ref","异能志怪\skills\异能志怪-生成章节控制卡\SKILL.md",,,,"broken"
"broken_ref","异能志怪\skills\异能志怪-生成章节控制卡\SKILL.md",,,,"broken"
"broken_ref","异能志怪\skills\异能志怪-生成章节控制卡\SKILL.md",,,,"broken"
"broken_ref","异能志怪\skills\异能志怪-章节创作闭环\SKILL.md",,,,"broken"
"broken_ref","异能志怪\skills\异能志怪-章节创作闭环\SKILL.md",,,,"broken"
"broken_ref","异能志怪\skills\异能志怪-章节创作闭环\SKILL.md",,,,"broken"
"broken_ref","异能志怪\skills\异能志怪-管理连续性冷热线\SKILL.md",,,,"broken"
"broken_ref","异能志怪\skills\异能志怪-组包投稿材料\SKILL.md",,,,"broken"
"broken_ref","异能志怪\skills\异能志怪-组包投稿材料\SKILL.md",,,,"broken"
"broken_ref","异能志怪\skills\异能志怪-组包投稿材料\SKILL.md",,,,"broken"
"broken_ref","异能志怪\skills\异能志怪-设计事件案件引擎\SKILL.md",,,,"broken"
"broken_ref","异能志怪\skills\异能志怪-设计事件案件引擎\SKILL.md",,,,"broken"
"broken_ref","异能志怪\skills\异能志怪-设计事件案件引擎\SKILL.md",,,,"broken"
"broken_ref","异能志怪\skills\异能志怪-设计人物传记\SKILL.md",,,,"broken"
"broken_ref","异能志怪\skills\异能志怪-设计分卷大纲\SKILL.md",,,,"broken"
"broken_ref","异能志怪\skills\异能志怪-设计分卷大纲\SKILL.md",,,,"broken"
"broken_ref","异能志怪\skills\异能志怪-设计分卷大纲\SKILL.md",,,,"broken"
"broken_ref","异能志怪\skills\异能志怪-设计分卷大纲\SKILL.md",,,,"broken"
"broken_ref","异能志怪\skills\异能志怪-设计分卷大纲\SKILL.md",,,,"broken"
"broken_ref","异能志怪\skills\异能志怪-设计分卷大纲\SKILL.md",,,,"broken"
"broken_ref","异能志怪\skills\异能志怪-设计分卷大纲\SKILL.md",,,,"broken"
"broken_ref","异能志怪\skills\异能志怪-设计封面生图提示词\SKILL.md",,,,"broken"
"broken_ref","异能志怪\skills\异能志怪-设计封面生图提示词\SKILL.md",,,,"broken"
"broken_ref","异能志怪\skills\异能志怪-设计总大纲\SKILL.md",,,,"broken"
"broken_ref","异能志怪\skills\异能志怪-设计总大纲\SKILL.md",,,,"broken"
"broken_ref","异能志怪\skills\异能志怪-设计总大纲\SKILL.md",,,,"broken"
"broken_ref","异能志怪\skills\异能志怪-设计故事设定\SKILL.md",,,,"broken"
"broken_ref","异能志怪\skills\异能志怪-设计故事面\SKILL.md",,,,"broken"
"broken_ref","异能志怪\skills\异能志怪-设计故事面\SKILL.md",,,,"broken"
"broken_ref","异能志怪\skills\异能志怪-设计故事面\SKILL.md",,,,"broken"
"broken_ref","异能志怪\skills\异能志怪-设计标题\SKILL.md",,,,"broken"
"broken_ref","异能志怪\skills\异能志怪-设计标题\SKILL.md",,,,"broken"
"broken_ref","异能志怪\skills\异能志怪-设计线索伏笔与回收台账\SKILL.md",,,,"broken"
"broken_ref","异能志怪\skills\异能志怪-设计题材定位框架\SKILL.md",,,,"broken"
"broken_ref","异能志怪\skills\异能志怪-设计题材定位框架\SKILL.md",,,,"broken"
"broken_ref","异能志怪\skills\异能志怪-输出B站版\SKILL.md",,,,"broken"
"broken_ref","异能志怪\skills\异能志怪-输出B站版\SKILL.md",,,,"broken"
"broken_ref","异能志怪\skills\异能志怪-输出B站版\SKILL.md",,,,"broken"
"broken_ref","异能志怪\skills\异能志怪-输出GoodNovel版\SKILL.md",,,,"broken"
"broken_ref","异能志怪\skills\异能志怪-输出GoodNovel版\SKILL.md",,,,"broken"
"broken_ref","异能志怪\skills\异能志怪-输出GoodNovel版\SKILL.md",,,,"broken"
"broken_ref","异能志怪\skills\异能志怪-输出My Fiction版\SKILL.md",,,,"broken"
"broken_ref","异能志怪\skills\异能志怪-输出My Fiction版\SKILL.md",,,,"broken"
"broken_ref","异能志怪\skills\异能志怪-输出My Fiction版\SKILL.md",,,,"broken"
"broken_ref","异能志怪\skills\异能志怪-输出WebNovel版\SKILL.md",,,,"broken"
"broken_ref","异能志怪\skills\异能志怪-输出WebNovel版\SKILL.md",,,,"broken"
"broken_ref","异能志怪\skills\异能志怪-输出WebNovel版\SKILL.md",,,,"broken"
"broken_ref","异能志怪\skills\异能志怪-输出七猫版\SKILL.md",,,,"broken"
"broken_ref","异能志怪\skills\异能志怪-输出七猫版\SKILL.md",,,,"broken"
"broken_ref","异能志怪\skills\异能志怪-输出七猫版\SKILL.md",,,,"broken"
"broken_ref","异能志怪\skills\异能志怪-输出出版社版\SKILL.md",,,,"broken"
"broken_ref","异能志怪\skills\异能志怪-输出出版社版\SKILL.md",,,,"broken"
"broken_ref","异能志怪\skills\异能志怪-输出出版社版\SKILL.md",,,,"broken"
"broken_ref","异能志怪\skills\异能志怪-输出小红书版\SKILL.md",,,,"broken"
"broken_ref","异能志怪\skills\异能志怪-输出小红书版\SKILL.md",,,,"broken"
"broken_ref","异能志怪\skills\异能志怪-输出小红书版\SKILL.md",,,,"broken"
"broken_ref","异能志怪\skills\异能志怪-输出微信订阅号版\SKILL.md",,,,"broken"
"broken_ref","异能志怪\skills\异能志怪-输出微信订阅号版\SKILL.md",,,,"broken"
"broken_ref","异能志怪\skills\异能志怪-输出微信订阅号版\SKILL.md",,,,"broken"
"broken_ref","异能志怪\skills\异能志怪-输出新浪微博版\SKILL.md",,,,"broken"
"broken_ref","异能志怪\skills\异能志怪-输出新浪微博版\SKILL.md",,,,"broken"
"broken_ref","异能志怪\skills\异能志怪-输出新浪微博版\SKILL.md",,,,"broken"
"broken_ref","异能志怪\skills\异能志怪-输出番茄版\SKILL.md",,,,"broken"
"broken_ref","异能志怪\skills\异能志怪-输出番茄版\SKILL.md",,,,"broken"
"broken_ref","异能志怪\skills\异能志怪-输出番茄版\SKILL.md",,,,"broken"
"broken_ref","异能志怪\skills\异能志怪-输出百度百家号版\SKILL.md",,,,"broken"
"broken_ref","异能志怪\skills\异能志怪-输出百度百家号版\SKILL.md",,,,"broken"
"broken_ref","异能志怪\skills\异能志怪-输出百度百家号版\SKILL.md",,,,"broken"
"broken_ref","异能志怪\skills\异能志怪-输出知乎版\SKILL.md",,,,"broken"
"broken_ref","异能志怪\skills\异能志怪-输出知乎版\SKILL.md",,,,"broken"
"broken_ref","异能志怪\skills\异能志怪-输出知乎版\SKILL.md",,,,"broken"
"broken_ref","异能志怪\skills\异能志怪-输出豆瓣版\SKILL.md",,,,"broken"
"broken_ref","异能志怪\skills\异能志怪-输出豆瓣版\SKILL.md",,,,"broken"
"broken_ref","异能志怪\skills\异能志怪-输出豆瓣版\SKILL.md",,,,"broken"
"broken_ref","异能志怪\skills\异能志怪-输出起点中文网版\SKILL.md",,,,"broken"
"broken_ref","异能志怪\skills\异能志怪-输出起点中文网版\SKILL.md",,,,"broken"
"broken_ref","异能志怪\skills\异能志怪-输出起点中文网版\SKILL.md",,,,"broken"
"broken_ref","悬疑推理\skills\悬疑推理-输出起点中文网版\SKILL.md",,,,"broken"
"broken_ref","悬疑推理\skills\悬疑推理-输出起点中文网版\SKILL.md",,,,"broken"
"broken_ref","悬疑推理\skills\悬疑推理-输出起点中文网版\SKILL.md",,,,"broken"
"broken_ref","赛博庞克\skills\赛博庞克-输出起点中文网版\SKILL.md",,,,"broken"
"broken_ref","赛博庞克\skills\赛博庞克-输出起点中文网版\SKILL.md",,,,"broken"
"broken_ref","赛博庞克\skills\赛博庞克-输出起点中文网版\SKILL.md",,,,"broken"
"broken_ref","都市悬疑\skills\都市悬疑-分析竞对作品\SKILL.md",,,,"broken"
"broken_ref","都市悬疑\skills\都市悬疑-分析竞对作品\SKILL.md",,,,"broken"
"broken_ref","都市悬疑\skills\都市悬疑-创建小说正文\SKILL.md",,,,"broken"
"broken_ref","都市悬疑\skills\都市悬疑-创建小说正文\SKILL.md",,,,"broken"
"broken_ref","都市悬疑\skills\都市悬疑-去AI味重写\SKILL.md",,,,"broken"
"broken_ref","都市悬疑\skills\都市悬疑-去AI味重写\SKILL.md",,,,"broken"
"broken_ref","都市悬疑\skills\都市悬疑-去AI味重写\SKILL.md",,,,"broken"
"broken_ref","都市悬疑\skills\都市悬疑-去AI味重写\SKILL.md",,,,"broken"
"broken_ref","都市悬疑\skills\都市悬疑-去AI味重写\SKILL.md",,,,"broken"
"broken_ref","都市悬疑\skills\都市悬疑-去AI味重写\SKILL.md",,,,"broken"
"broken_ref","都市悬疑\skills\都市悬疑-去AI味重写\SKILL.md",,,,"broken"
"broken_ref","都市悬疑\skills\都市悬疑-去AI味重写\SKILL.md",,,,"broken"
"broken_ref","都市悬疑\skills\都市悬疑-去AI味重写\SKILL.md",,,,"broken"
"broken_ref","都市悬疑\skills\都市悬疑-多平台小说适配\SKILL.md",,,,"broken"
"broken_ref","都市悬疑\skills\都市悬疑-多平台输出编排\SKILL.md",,,,"broken"
"broken_ref","都市悬疑\skills\都市悬疑-大纲审阅优化闭环\SKILL.md",,,,"broken"
"broken_ref","都市悬疑\skills\都市悬疑-大纲审阅优化闭环\SKILL.md",,,,"broken"
"broken_ref","都市悬疑\skills\都市悬疑-审阅人物传记\SKILL.md",,,,"broken"
"broken_ref","都市悬疑\skills\都市悬疑-审阅人物传记\SKILL.md",,,,"broken"
"broken_ref","都市悬疑\skills\都市悬疑-审阅人物传记\SKILL.md",,,,"broken"
"broken_ref","都市悬疑\skills\都市悬疑-审阅人物传记\SKILL.md",,,,"broken"
"broken_ref","都市悬疑\skills\都市悬疑-审阅人物传记\SKILL.md",,,,"broken"
"broken_ref","都市悬疑\skills\都市悬疑-审阅人物传记\SKILL.md",,,,"broken"
"broken_ref","都市悬疑\skills\都市悬疑-审阅人物传记\SKILL.md",,,,"broken"
"broken_ref","都市悬疑\skills\都市悬疑-审阅人物传记\SKILL.md",,,,"broken"
"broken_ref","都市悬疑\skills\都市悬疑-审阅分卷大纲\SKILL.md",,,,"broken"
"broken_ref","都市悬疑\skills\都市悬疑-审阅分卷大纲\SKILL.md",,,,"broken"
"broken_ref","都市悬疑\skills\都市悬疑-审阅分卷大纲\SKILL.md",,,,"broken"
"broken_ref","都市悬疑\skills\都市悬疑-审阅分卷大纲\SKILL.md",,,,"broken"
"broken_ref","都市悬疑\skills\都市悬疑-审阅分卷大纲\SKILL.md",,,,"broken"
"broken_ref","都市悬疑\skills\都市悬疑-审阅分卷大纲\SKILL.md",,,,"broken"
"broken_ref","都市悬疑\skills\都市悬疑-审阅总大纲\SKILL.md",,,,"broken"
"broken_ref","都市悬疑\skills\都市悬疑-审阅总大纲\SKILL.md",,,,"broken"
"broken_ref","都市悬疑\skills\都市悬疑-审阅总大纲\SKILL.md",,,,"broken"
"broken_ref","都市悬疑\skills\都市悬疑-审阅总大纲\SKILL.md",,,,"broken"
"broken_ref","都市悬疑\skills\都市悬疑-审阅总大纲\SKILL.md",,,,"broken"
"broken_ref","都市悬疑\skills\都市悬疑-审阅总大纲\SKILL.md",,,,"broken"
"broken_ref","都市悬疑\skills\都市悬疑-审阅故事设定\SKILL.md",,,,"broken"
"broken_ref","都市悬疑\skills\都市悬疑-审阅故事设定\SKILL.md",,,,"broken"
"broken_ref","都市悬疑\skills\都市悬疑-审阅故事设定\SKILL.md",,,,"broken"
"broken_ref","都市悬疑\skills\都市悬疑-审阅章节正文\SKILL.md",,,,"broken"
"broken_ref","都市悬疑\skills\都市悬疑-审阅章节正文\SKILL.md",,,,"broken"
"broken_ref","都市悬疑\skills\都市悬疑-审阅章节正文\SKILL.md",,,,"broken"
"broken_ref","都市悬疑\skills\都市悬疑-审阅章节正文\SKILL.md",,,,"broken"
"broken_ref","都市悬疑\skills\都市悬疑-审阅章节正文\SKILL.md",,,,"broken"
"broken_ref","都市悬疑\skills\都市悬疑-审阅章节正文\SKILL.md",,,,"broken"
"broken_ref","都市悬疑\skills\都市悬疑-审阅章节正文\SKILL.md",,,,"broken"
"broken_ref","都市悬疑\skills\都市悬疑-审阅章节正文\SKILL.md",,,,"broken"
"broken_ref","都市悬疑\skills\都市悬疑-审阅章节正文\SKILL.md",,,,"broken"
"broken_ref","都市悬疑\skills\都市悬疑-审阅章节正文\SKILL.md",,,,"broken"
"broken_ref","都市悬疑\skills\都市悬疑-审阅章节正文\SKILL.md",,,,"broken"
"broken_ref","都市悬疑\skills\都市悬疑-审阅章节正文\SKILL.md",,,,"broken"
"broken_ref","都市悬疑\skills\都市悬疑-审阅章节正文\SKILL.md",,,,"broken"
"broken_ref","都市悬疑\skills\都市悬疑-审阅章节正文\SKILL.md",,,,"broken"
"broken_ref","都市悬疑\skills\都市悬疑-审阅章节正文\SKILL.md",,,,"broken"
"broken_ref","都市悬疑\skills\都市悬疑-小说项目初始化\SKILL.md",,,,"broken"
"broken_ref","都市悬疑\skills\都市悬疑-小说项目初始化\SKILL.md",,,,"broken"
"broken_ref","都市悬疑\skills\都市悬疑-平台签约评估框架\SKILL.md",,,,"broken"
"broken_ref","都市悬疑\skills\都市悬疑-平台签约评估框架\SKILL.md",,,,"broken"
"broken_ref","都市悬疑\skills\都市悬疑-平台签约评估框架\SKILL.md",,,,"broken"
"broken_ref","都市悬疑\skills\都市悬疑-平台签约评估框架\SKILL.md",,,,"broken"
"broken_ref","都市悬疑\skills\都市悬疑-平台签约评估框架\SKILL.md",,,,"broken"
"broken_ref","都市悬疑\skills\都市悬疑-执行场景单元\SKILL.md",,,,"broken"
"broken_ref","都市悬疑\skills\都市悬疑-执行场景单元\SKILL.md",,,,"broken"
"broken_ref","都市悬疑\skills\都市悬疑-执行场景单元\SKILL.md",,,,"broken"
"broken_ref","都市悬疑\skills\都市悬疑-执行对话冲突\SKILL.md",,,,"broken"
"broken_ref","都市悬疑\skills\都市悬疑-执行对话冲突\SKILL.md",,,,"broken"
"broken_ref","都市悬疑\skills\都市悬疑-执行对话冲突\SKILL.md",,,,"broken"
"broken_ref","都市悬疑\skills\都市悬疑-执行微空间受限场景\SKILL.md",,,,"broken"
"broken_ref","都市悬疑\skills\都市悬疑-执行微空间受限场景\SKILL.md",,,,"broken"
"broken_ref","都市悬疑\skills\都市悬疑-执行微空间受限场景\SKILL.md",,,,"broken"
"broken_ref","都市悬疑\skills\都市悬疑-撰写书评\SKILL.md",,,,"broken"
"broken_ref","都市悬疑\skills\都市悬疑-撰写书评\SKILL.md",,,,"broken"
"broken_ref","都市悬疑\skills\都市悬疑-撰写书评\SKILL.md",,,,"broken"
"broken_ref","都市悬疑\skills\都市悬疑-撰写内容简介\SKILL.md",,,,"broken"
"broken_ref","都市悬疑\skills\都市悬疑-正文润色\SKILL.md",,,,"broken"
"broken_ref","都市悬疑\skills\都市悬疑-正文润色\SKILL.md",,,,"broken"
"broken_ref","都市悬疑\skills\都市悬疑-正文润色\SKILL.md",,,,"broken"
"broken_ref","都市悬疑\skills\都市悬疑-正文润色\SKILL.md",,,,"broken"
"broken_ref","都市悬疑\skills\都市悬疑-正文润色\SKILL.md",,,,"broken"
"broken_ref","都市悬疑\skills\都市悬疑-正文润色\SKILL.md",,,,"broken"
"broken_ref","都市悬疑\skills\都市悬疑-润色作者有话说\SKILL.md",,,,"broken"
"broken_ref","都市悬疑\skills\都市悬疑-润色作者有话说\SKILL.md",,,,"broken"
"broken_ref","都市悬疑\skills\都市悬疑-生成章节控制卡\SKILL.md",,,,"broken"
"broken_ref","都市悬疑\skills\都市悬疑-生成章节控制卡\SKILL.md",,,,"broken"
"broken_ref","都市悬疑\skills\都市悬疑-生成章节控制卡\SKILL.md",,,,"broken"
"broken_ref","都市悬疑\skills\都市悬疑-生成章节控制卡\SKILL.md",,,,"broken"
"broken_ref","都市悬疑\skills\都市悬疑-章节创作闭环\SKILL.md",,,,"broken"
"broken_ref","都市悬疑\skills\都市悬疑-章节创作闭环\SKILL.md",,,,"broken"
"broken_ref","都市悬疑\skills\都市悬疑-章节创作闭环\SKILL.md",,,,"broken"
"broken_ref","都市悬疑\skills\都市悬疑-章节创作闭环\SKILL.md",,,,"broken"
"broken_ref","都市悬疑\skills\都市悬疑-管理连续性冷热线\SKILL.md",,,,"broken"
"broken_ref","都市悬疑\skills\都市悬疑-组包投稿材料\SKILL.md",,,,"broken"
"broken_ref","都市悬疑\skills\都市悬疑-组包投稿材料\SKILL.md",,,,"broken"
"broken_ref","都市悬疑\skills\都市悬疑-组包投稿材料\SKILL.md",,,,"broken"
"broken_ref","都市悬疑\skills\都市悬疑-设计事件案件引擎\SKILL.md",,,,"broken"
"broken_ref","都市悬疑\skills\都市悬疑-设计事件案件引擎\SKILL.md",,,,"broken"
"broken_ref","都市悬疑\skills\都市悬疑-设计人物传记\SKILL.md",,,,"broken"
"broken_ref","都市悬疑\skills\都市悬疑-设计人物传记\SKILL.md",,,,"broken"
"broken_ref","都市悬疑\skills\都市悬疑-设计人物传记\SKILL.md",,,,"broken"
"broken_ref","都市悬疑\skills\都市悬疑-设计人物传记\SKILL.md",,,,"broken"
"broken_ref","都市悬疑\skills\都市悬疑-设计人物传记\SKILL.md",,,,"broken"
"broken_ref","都市悬疑\skills\都市悬疑-设计人物传记\SKILL.md",,,,"broken"
"broken_ref","都市悬疑\skills\都市悬疑-设计人物传记\SKILL.md",,,,"broken"
"broken_ref","都市悬疑\skills\都市悬疑-设计人物传记\SKILL.md",,,,"broken"
"broken_ref","都市悬疑\skills\都市悬疑-设计人物传记\SKILL.md",,,,"broken"
"broken_ref","都市悬疑\skills\都市悬疑-设计人物传记\SKILL.md",,,,"broken"
"broken_ref","都市悬疑\skills\都市悬疑-设计人物传记\SKILL.md",,,,"broken"
"broken_ref","都市悬疑\skills\都市悬疑-设计人物传记\SKILL.md",,,,"broken"
"broken_ref","都市悬疑\skills\都市悬疑-设计分卷大纲\SKILL.md",,,,"broken"
"broken_ref","都市悬疑\skills\都市悬疑-设计分卷大纲\SKILL.md",,,,"broken"
"broken_ref","都市悬疑\skills\都市悬疑-设计分卷大纲\SKILL.md",,,,"broken"
"broken_ref","都市悬疑\skills\都市悬疑-设计分卷大纲\SKILL.md",,,,"broken"
"broken_ref","都市悬疑\skills\都市悬疑-设计分卷大纲\SKILL.md",,,,"broken"
"broken_ref","都市悬疑\skills\都市悬疑-设计分卷大纲\SKILL.md",,,,"broken"
"broken_ref","都市悬疑\skills\都市悬疑-设计分卷大纲\SKILL.md",,,,"broken"
"broken_ref","都市悬疑\skills\都市悬疑-设计分卷大纲\SKILL.md",,,,"broken"
"broken_ref","都市悬疑\skills\都市悬疑-设计分卷大纲\SKILL.md",,,,"broken"
"broken_ref","都市悬疑\skills\都市悬疑-设计分卷大纲\SKILL.md",,,,"broken"
"broken_ref","都市悬疑\skills\都市悬疑-设计封面生图提示词\SKILL.md",,,,"broken"
"broken_ref","都市悬疑\skills\都市悬疑-设计总大纲\SKILL.md",,,,"broken"
"broken_ref","都市悬疑\skills\都市悬疑-设计总大纲\SKILL.md",,,,"broken"
"broken_ref","都市悬疑\skills\都市悬疑-设计总大纲\SKILL.md",,,,"broken"
"broken_ref","都市悬疑\skills\都市悬疑-设计总大纲\SKILL.md",,,,"broken"
"broken_ref","都市悬疑\skills\都市悬疑-设计总大纲\SKILL.md",,,,"broken"
"broken_ref","都市悬疑\skills\都市悬疑-设计故事设定\SKILL.md",,,,"broken"
"broken_ref","都市悬疑\skills\都市悬疑-设计故事设定\SKILL.md",,,,"broken"
"broken_ref","都市悬疑\skills\都市悬疑-设计故事设定\SKILL.md",,,,"broken"
"broken_ref","都市悬疑\skills\都市悬疑-设计故事面\SKILL.md",,,,"broken"
"broken_ref","都市悬疑\skills\都市悬疑-设计标题\SKILL.md",,,,"broken"
"broken_ref","都市悬疑\skills\都市悬疑-设计标题\SKILL.md",,,,"broken"
"broken_ref","都市悬疑\skills\都市悬疑-设计线索伏笔与回收台账\SKILL.md",,,,"broken"
"broken_ref","都市悬疑\skills\都市悬疑-设计题材定位框架\SKILL.md",,,,"broken"
"broken_ref","都市悬疑\skills\都市悬疑-设计题材定位框架\SKILL.md",,,,"broken"
"broken_ref","都市悬疑\skills\都市悬疑-输出B站版\SKILL.md",,,,"broken"
"broken_ref","都市悬疑\skills\都市悬疑-输出B站版\SKILL.md",,,,"broken"
"broken_ref","都市悬疑\skills\都市悬疑-输出B站版\SKILL.md",,,,"broken"
"broken_ref","都市悬疑\skills\都市悬疑-输出B站版\SKILL.md",,,,"broken"
"broken_ref","都市悬疑\skills\都市悬疑-输出GoodNovel版\SKILL.md",,,,"broken"
"broken_ref","都市悬疑\skills\都市悬疑-输出GoodNovel版\SKILL.md",,,,"broken"
"broken_ref","都市悬疑\skills\都市悬疑-输出GoodNovel版\SKILL.md",,,,"broken"
"broken_ref","都市悬疑\skills\都市悬疑-输出GoodNovel版\SKILL.md",,,,"broken"
"broken_ref","都市悬疑\skills\都市悬疑-输出My Fiction版\SKILL.md",,,,"broken"
"broken_ref","都市悬疑\skills\都市悬疑-输出My Fiction版\SKILL.md",,,,"broken"
"broken_ref","都市悬疑\skills\都市悬疑-输出My Fiction版\SKILL.md",,,,"broken"
"broken_ref","都市悬疑\skills\都市悬疑-输出My Fiction版\SKILL.md",,,,"broken"
"broken_ref","都市悬疑\skills\都市悬疑-输出WebNovel版\SKILL.md",,,,"broken"
"broken_ref","都市悬疑\skills\都市悬疑-输出WebNovel版\SKILL.md",,,,"broken"
"broken_ref","都市悬疑\skills\都市悬疑-输出WebNovel版\SKILL.md",,,,"broken"
"broken_ref","都市悬疑\skills\都市悬疑-输出WebNovel版\SKILL.md",,,,"broken"
"broken_ref","都市悬疑\skills\都市悬疑-输出七猫版\SKILL.md",,,,"broken"
"broken_ref","都市悬疑\skills\都市悬疑-输出七猫版\SKILL.md",,,,"broken"
"broken_ref","都市悬疑\skills\都市悬疑-输出七猫版\SKILL.md",,,,"broken"
"broken_ref","都市悬疑\skills\都市悬疑-输出七猫版\SKILL.md",,,,"broken"
"broken_ref","都市悬疑\skills\都市悬疑-输出今日头条版\SKILL.md",,,,"broken"
"broken_ref","都市悬疑\skills\都市悬疑-输出今日头条版\SKILL.md",,,,"broken"
"broken_ref","都市悬疑\skills\都市悬疑-输出出版社版\SKILL.md",,,,"broken"
"broken_ref","都市悬疑\skills\都市悬疑-输出出版社版\SKILL.md",,,,"broken"
"broken_ref","都市悬疑\skills\都市悬疑-输出出版社版\SKILL.md",,,,"broken"
"broken_ref","都市悬疑\skills\都市悬疑-输出出版社版\SKILL.md",,,,"broken"
"broken_ref","都市悬疑\skills\都市悬疑-输出小红书版\SKILL.md",,,,"broken"
"broken_ref","都市悬疑\skills\都市悬疑-输出小红书版\SKILL.md",,,,"broken"
"broken_ref","都市悬疑\skills\都市悬疑-输出小红书版\SKILL.md",,,,"broken"
"broken_ref","都市悬疑\skills\都市悬疑-输出小红书版\SKILL.md",,,,"broken"
"broken_ref","都市悬疑\skills\都市悬疑-输出微信订阅号版\SKILL.md",,,,"broken"
"broken_ref","都市悬疑\skills\都市悬疑-输出微信订阅号版\SKILL.md",,,,"broken"
"broken_ref","都市悬疑\skills\都市悬疑-输出微信订阅号版\SKILL.md",,,,"broken"
"broken_ref","都市悬疑\skills\都市悬疑-输出微信订阅号版\SKILL.md",,,,"broken"
"broken_ref","都市悬疑\skills\都市悬疑-输出新浪微博版\SKILL.md",,,,"broken"
"broken_ref","都市悬疑\skills\都市悬疑-输出新浪微博版\SKILL.md",,,,"broken"
"broken_ref","都市悬疑\skills\都市悬疑-输出新浪微博版\SKILL.md",,,,"broken"
"broken_ref","都市悬疑\skills\都市悬疑-输出新浪微博版\SKILL.md",,,,"broken"
"broken_ref","都市悬疑\skills\都市悬疑-输出番茄版\SKILL.md",,,,"broken"
"broken_ref","都市悬疑\skills\都市悬疑-输出番茄版\SKILL.md",,,,"broken"
"broken_ref","都市悬疑\skills\都市悬疑-输出番茄版\SKILL.md",,,,"broken"
"broken_ref","都市悬疑\skills\都市悬疑-输出番茄版\SKILL.md",,,,"broken"
"broken_ref","都市悬疑\skills\都市悬疑-输出百度百家号版\SKILL.md",,,,"broken"
"broken_ref","都市悬疑\skills\都市悬疑-输出百度百家号版\SKILL.md",,,,"broken"
"broken_ref","都市悬疑\skills\都市悬疑-输出百度百家号版\SKILL.md",,,,"broken"
"broken_ref","都市悬疑\skills\都市悬疑-输出百度百家号版\SKILL.md",,,,"broken"
"broken_ref","都市悬疑\skills\都市悬疑-输出知乎版\SKILL.md",,,,"broken"
"broken_ref","都市悬疑\skills\都市悬疑-输出知乎版\SKILL.md",,,,"broken"
"broken_ref","都市悬疑\skills\都市悬疑-输出知乎版\SKILL.md",,,,"broken"
"broken_ref","都市悬疑\skills\都市悬疑-输出知乎版\SKILL.md",,,,"broken"
"broken_ref","都市悬疑\skills\都市悬疑-输出纵横小说版\SKILL.md",,,,"broken"
"broken_ref","都市悬疑\skills\都市悬疑-输出纵横小说版\SKILL.md",,,,"broken"
"broken_ref","都市悬疑\skills\都市悬疑-输出豆瓣版\SKILL.md",,,,"broken"
"broken_ref","都市悬疑\skills\都市悬疑-输出豆瓣版\SKILL.md",,,,"broken"
"broken_ref","都市悬疑\skills\都市悬疑-输出豆瓣版\SKILL.md",,,,"broken"
"broken_ref","都市悬疑\skills\都市悬疑-输出豆瓣版\SKILL.md",,,,"broken"
"broken_ref","都市悬疑\skills\都市悬疑-输出起点中文网版\SKILL.md",,,,"broken"
"broken_ref","都市悬疑\skills\都市悬疑-输出起点中文网版\SKILL.md",,,,"broken"
"broken_ref","都市悬疑\skills\都市悬疑-输出起点中文网版\SKILL.md",,,,"broken"
"broken_ref","都市职场\skills\都市职场-分析竞对作品\SKILL.md",,,,"broken"
"broken_ref","都市职场\skills\都市职场-分析竞对作品\SKILL.md",,,,"broken"
"broken_ref","都市职场\skills\都市职场-创建小说正文\SKILL.md",,,,"broken"
"broken_ref","都市职场\skills\都市职场-创建小说正文\SKILL.md",,,,"broken"
"broken_ref","都市职场\skills\都市职场-创建小说正文\SKILL.md",,,,"broken"
"broken_ref","都市职场\skills\都市职场-去AI味重写\SKILL.md",,,,"broken"
"broken_ref","都市职场\skills\都市职场-去AI味重写\SKILL.md",,,,"broken"
"broken_ref","都市职场\skills\都市职场-去AI味重写\SKILL.md",,,,"broken"
"broken_ref","都市职场\skills\都市职场-去AI味重写\SKILL.md",,,,"broken"
"broken_ref","都市职场\skills\都市职场-去AI味重写\SKILL.md",,,,"broken"
"broken_ref","都市职场\skills\都市职场-去AI味重写\SKILL.md",,,,"broken"
"broken_ref","都市职场\skills\都市职场-去AI味重写\SKILL.md",,,,"broken"
"broken_ref","都市职场\skills\都市职场-去AI味重写\SKILL.md",,,,"broken"
"broken_ref","都市职场\skills\都市职场-去AI味重写\SKILL.md",,,,"broken"
"broken_ref","都市职场\skills\都市职场-多平台小说适配\SKILL.md",,,,"broken"
"broken_ref","都市职场\skills\都市职场-多平台输出编排\SKILL.md",,,,"broken"
"broken_ref","都市职场\skills\都市职场-大纲审阅优化闭环\SKILL.md",,,,"broken"
"broken_ref","都市职场\skills\都市职场-大纲审阅优化闭环\SKILL.md",,,,"broken"
"broken_ref","都市职场\skills\都市职场-审阅人物传记\SKILL.md",,,,"broken"
"broken_ref","都市职场\skills\都市职场-审阅人物传记\SKILL.md",,,,"broken"
"broken_ref","都市职场\skills\都市职场-审阅人物传记\SKILL.md",,,,"broken"
"broken_ref","都市职场\skills\都市职场-审阅人物传记\SKILL.md",,,,"broken"
"broken_ref","都市职场\skills\都市职场-审阅人物传记\SKILL.md",,,,"broken"
"broken_ref","都市职场\skills\都市职场-审阅人物传记\SKILL.md",,,,"broken"
"broken_ref","都市职场\skills\都市职场-审阅人物传记\SKILL.md",,,,"broken"
"broken_ref","都市职场\skills\都市职场-审阅人物传记\SKILL.md",,,,"broken"
"broken_ref","都市职场\skills\都市职场-审阅分卷大纲\SKILL.md",,,,"broken"
"broken_ref","都市职场\skills\都市职场-审阅分卷大纲\SKILL.md",,,,"broken"
"broken_ref","都市职场\skills\都市职场-审阅分卷大纲\SKILL.md",,,,"broken"
"broken_ref","都市职场\skills\都市职场-审阅分卷大纲\SKILL.md",,,,"broken"
"broken_ref","都市职场\skills\都市职场-审阅分卷大纲\SKILL.md",,,,"broken"
"broken_ref","都市职场\skills\都市职场-审阅分卷大纲\SKILL.md",,,,"broken"
"broken_ref","都市职场\skills\都市职场-审阅总大纲\SKILL.md",,,,"broken"
"broken_ref","都市职场\skills\都市职场-审阅总大纲\SKILL.md",,,,"broken"
"broken_ref","都市职场\skills\都市职场-审阅总大纲\SKILL.md",,,,"broken"
"broken_ref","都市职场\skills\都市职场-审阅总大纲\SKILL.md",,,,"broken"
"broken_ref","都市职场\skills\都市职场-审阅总大纲\SKILL.md",,,,"broken"
"broken_ref","都市职场\skills\都市职场-审阅总大纲\SKILL.md",,,,"broken"
"broken_ref","都市职场\skills\都市职场-审阅故事设定\SKILL.md",,,,"broken"
"broken_ref","都市职场\skills\都市职场-审阅故事设定\SKILL.md",,,,"broken"
"broken_ref","都市职场\skills\都市职场-审阅故事设定\SKILL.md",,,,"broken"
"broken_ref","都市职场\skills\都市职场-审阅章节正文\SKILL.md",,,,"broken"
"broken_ref","都市职场\skills\都市职场-审阅章节正文\SKILL.md",,,,"broken"
"broken_ref","都市职场\skills\都市职场-审阅章节正文\SKILL.md",,,,"broken"
"broken_ref","都市职场\skills\都市职场-审阅章节正文\SKILL.md",,,,"broken"
"broken_ref","都市职场\skills\都市职场-审阅章节正文\SKILL.md",,,,"broken"
"broken_ref","都市职场\skills\都市职场-审阅章节正文\SKILL.md",,,,"broken"
"broken_ref","都市职场\skills\都市职场-审阅章节正文\SKILL.md",,,,"broken"
"broken_ref","都市职场\skills\都市职场-审阅章节正文\SKILL.md",,,,"broken"
"broken_ref","都市职场\skills\都市职场-审阅章节正文\SKILL.md",,,,"broken"
"broken_ref","都市职场\skills\都市职场-小说项目初始化\SKILL.md",,,,"broken"
"broken_ref","都市职场\skills\都市职场-平台签约评估框架\SKILL.md",,,,"broken"
"broken_ref","都市职场\skills\都市职场-平台签约评估框架\SKILL.md",,,,"broken"
"broken_ref","都市职场\skills\都市职场-平台签约评估框架\SKILL.md",,,,"broken"
"broken_ref","都市职场\skills\都市职场-平台签约评估框架\SKILL.md",,,,"broken"
"broken_ref","都市职场\skills\都市职场-平台签约评估框架\SKILL.md",,,,"broken"
"broken_ref","都市职场\skills\都市职场-执行场景单元\SKILL.md",,,,"broken"
"broken_ref","都市职场\skills\都市职场-执行场景单元\SKILL.md",,,,"broken"
"broken_ref","都市职场\skills\都市职场-执行场景单元\SKILL.md",,,,"broken"
"broken_ref","都市职场\skills\都市职场-执行对话冲突\SKILL.md",,,,"broken"
"broken_ref","都市职场\skills\都市职场-执行对话冲突\SKILL.md",,,,"broken"
"broken_ref","都市职场\skills\都市职场-执行对话冲突\SKILL.md",,,,"broken"
"broken_ref","都市职场\skills\都市职场-执行微空间受限场景\SKILL.md",,,,"broken"
"broken_ref","都市职场\skills\都市职场-执行微空间受限场景\SKILL.md",,,,"broken"
"broken_ref","都市职场\skills\都市职场-执行微空间受限场景\SKILL.md",,,,"broken"
"broken_ref","都市职场\skills\都市职场-撰写书评\SKILL.md",,,,"broken"
"broken_ref","都市职场\skills\都市职场-撰写书评\SKILL.md",,,,"broken"
"broken_ref","都市职场\skills\都市职场-撰写书评\SKILL.md",,,,"broken"
"broken_ref","都市职场\skills\都市职场-撰写内容简介\SKILL.md",,,,"broken"
"broken_ref","都市职场\skills\都市职场-正文润色\SKILL.md",,,,"broken"
"broken_ref","都市职场\skills\都市职场-正文润色\SKILL.md",,,,"broken"
"broken_ref","都市职场\skills\都市职场-正文润色\SKILL.md",,,,"broken"
"broken_ref","都市职场\skills\都市职场-正文润色\SKILL.md",,,,"broken"
"broken_ref","都市职场\skills\都市职场-正文润色\SKILL.md",,,,"broken"
"broken_ref","都市职场\skills\都市职场-正文润色\SKILL.md",,,,"broken"
"broken_ref","都市职场\skills\都市职场-润色作者有话说\SKILL.md",,,,"broken"
"broken_ref","都市职场\skills\都市职场-润色作者有话说\SKILL.md",,,,"broken"
"broken_ref","都市职场\skills\都市职场-生成章节控制卡\SKILL.md",,,,"broken"
"broken_ref","都市职场\skills\都市职场-生成章节控制卡\SKILL.md",,,,"broken"
"broken_ref","都市职场\skills\都市职场-生成章节控制卡\SKILL.md",,,,"broken"
"broken_ref","都市职场\skills\都市职场-生成章节控制卡\SKILL.md",,,,"broken"
"broken_ref","都市职场\skills\都市职场-章节创作闭环\SKILL.md",,,,"broken"
"broken_ref","都市职场\skills\都市职场-章节创作闭环\SKILL.md",,,,"broken"
"broken_ref","都市职场\skills\都市职场-章节创作闭环\SKILL.md",,,,"broken"
"broken_ref","都市职场\skills\都市职场-章节创作闭环\SKILL.md",,,,"broken"
"broken_ref","都市职场\skills\都市职场-管理连续性冷热线\SKILL.md",,,,"broken"
"broken_ref","都市职场\skills\都市职场-组包投稿材料\SKILL.md",,,,"broken"
"broken_ref","都市职场\skills\都市职场-组包投稿材料\SKILL.md",,,,"broken"
"broken_ref","都市职场\skills\都市职场-组包投稿材料\SKILL.md",,,,"broken"
"broken_ref","都市职场\skills\都市职场-组包投稿材料\SKILL.md",,,,"broken"
"broken_ref","都市职场\skills\都市职场-设计事件案件引擎\SKILL.md",,,,"broken"
"broken_ref","都市职场\skills\都市职场-设计事件案件引擎\SKILL.md",,,,"broken"
"broken_ref","都市职场\skills\都市职场-设计人物传记\SKILL.md",,,,"broken"
"broken_ref","都市职场\skills\都市职场-设计人物传记\SKILL.md",,,,"broken"
"broken_ref","都市职场\skills\都市职场-设计人物传记\SKILL.md",,,,"broken"
"broken_ref","都市职场\skills\都市职场-设计人物传记\SKILL.md",,,,"broken"
"broken_ref","都市职场\skills\都市职场-设计人物传记\SKILL.md",,,,"broken"
"broken_ref","都市职场\skills\都市职场-设计人物传记\SKILL.md",,,,"broken"
"broken_ref","都市职场\skills\都市职场-设计人物传记\SKILL.md",,,,"broken"
"broken_ref","都市职场\skills\都市职场-设计人物传记\SKILL.md",,,,"broken"
"broken_ref","都市职场\skills\都市职场-设计人物传记\SKILL.md",,,,"broken"
"broken_ref","都市职场\skills\都市职场-设计人物传记\SKILL.md",,,,"broken"
"broken_ref","都市职场\skills\都市职场-设计人物传记\SKILL.md",,,,"broken"
"broken_ref","都市职场\skills\都市职场-设计人物传记\SKILL.md",,,,"broken"
"broken_ref","都市职场\skills\都市职场-设计分卷大纲\SKILL.md",,,,"broken"
"broken_ref","都市职场\skills\都市职场-设计分卷大纲\SKILL.md",,,,"broken"
"broken_ref","都市职场\skills\都市职场-设计分卷大纲\SKILL.md",,,,"broken"
"broken_ref","都市职场\skills\都市职场-设计分卷大纲\SKILL.md",,,,"broken"
"broken_ref","都市职场\skills\都市职场-设计分卷大纲\SKILL.md",,,,"broken"
"broken_ref","都市职场\skills\都市职场-设计分卷大纲\SKILL.md",,,,"broken"
"broken_ref","都市职场\skills\都市职场-设计分卷大纲\SKILL.md",,,,"broken"
"broken_ref","都市职场\skills\都市职场-设计分卷大纲\SKILL.md",,,,"broken"
"broken_ref","都市职场\skills\都市职场-设计分卷大纲\SKILL.md",,,,"broken"
"broken_ref","都市职场\skills\都市职场-设计分卷大纲\SKILL.md",,,,"broken"
"broken_ref","都市职场\skills\都市职场-设计封面生图提示词\SKILL.md",,,,"broken"
"broken_ref","都市职场\skills\都市职场-设计总大纲\SKILL.md",,,,"broken"
"broken_ref","都市职场\skills\都市职场-设计总大纲\SKILL.md",,,,"broken"
"broken_ref","都市职场\skills\都市职场-设计总大纲\SKILL.md",,,,"broken"
"broken_ref","都市职场\skills\都市职场-设计总大纲\SKILL.md",,,,"broken"
"broken_ref","都市职场\skills\都市职场-设计总大纲\SKILL.md",,,,"broken"
"broken_ref","都市职场\skills\都市职场-设计故事设定\SKILL.md",,,,"broken"
"broken_ref","都市职场\skills\都市职场-设计故事设定\SKILL.md",,,,"broken"
"broken_ref","都市职场\skills\都市职场-设计故事设定\SKILL.md",,,,"broken"
"broken_ref","都市职场\skills\都市职场-设计故事面\SKILL.md",,,,"broken"
"broken_ref","都市职场\skills\都市职场-设计标题\SKILL.md",,,,"broken"
"broken_ref","都市职场\skills\都市职场-设计标题\SKILL.md",,,,"broken"
"broken_ref","都市职场\skills\都市职场-设计线索伏笔与回收台账\SKILL.md",,,,"broken"
"broken_ref","都市职场\skills\都市职场-设计题材定位框架\SKILL.md",,,,"broken"
"broken_ref","都市职场\skills\都市职场-设计题材定位框架\SKILL.md",,,,"broken"
"broken_ref","都市职场\skills\都市职场-输出GoodNovel版\SKILL.md",,,,"broken"
"broken_ref","都市职场\skills\都市职场-输出GoodNovel版\SKILL.md",,,,"broken"
"broken_ref","都市职场\skills\都市职场-输出GoodNovel版\SKILL.md",,,,"broken"
"broken_ref","都市职场\skills\都市职场-输出GoodNovel版\SKILL.md",,,,"broken"
"broken_ref","都市职场\skills\都市职场-输出My Fiction版\SKILL.md",,,,"broken"
"broken_ref","都市职场\skills\都市职场-输出My Fiction版\SKILL.md",,,,"broken"
"broken_ref","都市职场\skills\都市职场-输出My Fiction版\SKILL.md",,,,"broken"
"broken_ref","都市职场\skills\都市职场-输出My Fiction版\SKILL.md",,,,"broken"
"broken_ref","都市职场\skills\都市职场-输出WebNovel版\SKILL.md",,,,"broken"
"broken_ref","都市职场\skills\都市职场-输出WebNovel版\SKILL.md",,,,"broken"
"broken_ref","都市职场\skills\都市职场-输出WebNovel版\SKILL.md",,,,"broken"
"broken_ref","都市职场\skills\都市职场-输出WebNovel版\SKILL.md",,,,"broken"
"broken_ref","都市职场\skills\都市职场-输出出版社版\SKILL.md",,,,"broken"
"broken_ref","都市职场\skills\都市职场-输出出版社版\SKILL.md",,,,"broken"
"broken_ref","都市职场\skills\都市职场-输出出版社版\SKILL.md",,,,"broken"
"broken_ref","都市职场\skills\都市职场-输出出版社版\SKILL.md",,,,"broken"
"broken_ref","都市职场\skills\都市职场-输出微信订阅号版\SKILL.md",,,,"broken"
"broken_ref","都市职场\skills\都市职场-输出微信订阅号版\SKILL.md",,,,"broken"
"broken_ref","都市职场\skills\都市职场-输出微信订阅号版\SKILL.md",,,,"broken"
"broken_ref","都市职场\skills\都市职场-输出微信订阅号版\SKILL.md",,,,"broken"
"broken_ref","都市职场\skills\都市职场-输出番茄版\SKILL.md",,,,"broken"
"broken_ref","都市职场\skills\都市职场-输出番茄版\SKILL.md",,,,"broken"
"broken_ref","都市职场\skills\都市职场-输出番茄版\SKILL.md",,,,"broken"
"broken_ref","都市职场\skills\都市职场-输出番茄版\SKILL.md",,,,"broken"
"broken_ref","都市职场\skills\都市职场-输出知乎版\SKILL.md",,,,"broken"
"broken_ref","都市职场\skills\都市职场-输出知乎版\SKILL.md",,,,"broken"
"broken_ref","都市职场\skills\都市职场-输出知乎版\SKILL.md",,,,"broken"
"broken_ref","都市职场\skills\都市职场-输出知乎版\SKILL.md",,,,"broken"
"broken_ref","都市职场\skills\都市职场-输出豆瓣版\SKILL.md",,,,"broken"
"broken_ref","都市职场\skills\都市职场-输出豆瓣版\SKILL.md",,,,"broken"
"broken_ref","都市职场\skills\都市职场-输出豆瓣版\SKILL.md",,,,"broken"
"broken_ref","都市职场\skills\都市职场-输出豆瓣版\SKILL.md",,,,"broken"
"broken_ref","都市职场\skills\都市职场-输出起点中文网版\SKILL.md",,,,"broken"
"broken_ref","都市职场\skills\都市职场-输出起点中文网版\SKILL.md",,,,"broken"
"broken_ref","都市职场\skills\都市职场-输出起点中文网版\SKILL.md",,,,"broken"
"non_md_ref","CommonSkills\通用-章节创作闭环\references\.markdownlint.json","56",,,"non_md"
"readme_placeholder","AI科幻\.github\skills\AI科幻-多平台输出编排\references\README.md","226",,,"placeholder"
"readme_placeholder","AI科幻\.github\skills\AI科幻-执行场景单元\references\README.md","188",,,"placeholder"
"readme_placeholder","AI科幻\.github\skills\AI科幻-执行对话冲突\references\README.md","191",,,"placeholder"
"readme_placeholder","AI科幻\.github\skills\AI科幻-执行微空间受限场景\references\README.md","206",,,"placeholder"
"readme_placeholder","AI科幻\.github\skills\AI科幻-设计事件案件引擎\references\README.md","218",,,"placeholder"
"readme_placeholder","AI科幻\.github\skills\AI科幻-设计线索伏笔与回收台账\references\README.md","2074",,,"placeholder"
"readme_placeholder","女频爱情\skills\女频爱情-多平台输出编排\references\README.md","1201",,,"placeholder"
"readme_placeholder","女频爱情\skills\女频爱情-执行场景单元\references\README.md","185",,,"placeholder"
"readme_placeholder","女频爱情\skills\女频爱情-执行对话冲突\references\README.md","191",,,"placeholder"
"readme_placeholder","女频爱情\skills\女频爱情-执行微空间受限场景\references\README.md","203",,,"placeholder"
"readme_placeholder","女频爱情\skills\女频爱情-设计事件案件引擎\references\README.md","224",,,"placeholder"
"readme_placeholder","女频爱情\skills\女频爱情-设计线索伏笔与回收台账\references\README.md","403",,,"placeholder"
"readme_placeholder","都市悬疑\skills\都市悬疑-多平台输出编排\references\README.md","225",,,"placeholder"
"readme_placeholder","都市悬疑\skills\都市悬疑-执行场景单元\references\README.md","185",,,"placeholder"
"readme_placeholder","都市悬疑\skills\都市悬疑-执行对话冲突\references\README.md","191",,,"placeholder"
"readme_placeholder","都市悬疑\skills\都市悬疑-执行微空间受限场景\references\README.md","203",,,"placeholder"
"readme_placeholder","都市悬疑\skills\都市悬疑-设计事件案件引擎\references\README.md","212",,,"placeholder"
"readme_placeholder","都市悬疑\skills\都市悬疑-设计线索伏笔与回收台账\references\README.md","2074",,,"placeholder"
"readme_placeholder","都市职场\skills\都市职场-多平台输出编排\references\README.md","225",,,"placeholder"
"readme_placeholder","都市职场\skills\都市职场-执行场景单元\references\README.md","185",,,"placeholder"
"readme_placeholder","都市职场\skills\都市职场-执行对话冲突\references\README.md","191",,,"placeholder"
"readme_placeholder","都市职场\skills\都市职场-执行微空间受限场景\references\README.md","203",,,"placeholder"
"readme_placeholder","都市职场\skills\都市职场-设计事件案件引擎\references\README.md","224",,,"placeholder"
"readme_placeholder","都市职场\skills\都市职场-设计线索伏笔与回收台账\references\README.md","2166",,,"placeholder"
