"FilePath","Category","DirName","Lines","Sections","Name","Description","ArgumentHint","UserInvocable","HasAllowedTools","LargeTables_10plus","LargeLists_30plus","LargeText_30plus","HasLargeInline","CodeLangs","Images","RefCount","RefFileNames","HasEmptyRef","CacheLayerAnnotations","RefReadInFirst20pct","TitleMatchesName","IsGenreWrapper","HasGenreRoute"
"SKILL.md","Other","提示词工程","434","14","通用-深度研究","""专用于小说写作的结构化深度研究 Skill。支持对题材趋势、平台生态、专业知识、场景环境、人物原型、写作技法、读者市场等研究域，执行大纲生成→并行深搜→报告输出的全流程深度调研。关键词：深度研究、写作研究、题材调研。""","""研究什么课题？例如：起点中文网都市悬疑题材2025-2026趋势。可选指定研究域：题材趋势/平台生态/专业知识/场景环境/人物原型/写作技法/读者市场。""","true","False","1","0","0","True","","0","0","","False","0","False","True","False","False"
".github\skills\create-genre-skill-skeletons\SKILL.md","GenreWrapper","create-genre-skill-skeletons","117","8","create-genre-skill-skeletons","'Use when creating a full or partial set of genre wrapper skills under a genre directory. Builds `.github/skills/` subfolders and `SKILL.md` skeletons for a specified genre, keeps the `题材名-能力名` naming rule, and writes hard requirements that each genre skill must load and use its corresponding common skill when that common skill already exists.'","'题材目录名，以及要创建全量标准清单还是其中一部分。'","true","False","0","0","0","False","","0","8","all-13-platform-section-recovery-mapping.md;dual-genre-output-platform-migration-ledger.md;genre-skill-skeleton-template.md;output-platform-lossless-mapping-ledger-template.md;output-platform-migration-audit-checklist.md;pilot-shared-platform-lossless-mapping-ledger.md;pilot-shared-platform-section-mapping.md;standard-genre-skill-list.md","True","0","True","False","True","False"
"AI科幻\.github\skills\AI科幻-分析竞对作品\SKILL.md","GenreWrapper","AI科幻-分析竞对作品","100","11","AI科幻-分析竞对作品","""用于【AI科幻】题材下搜索起点中文网等目标平台的同题材 TopN 候选池，先锁定榜单与样本池，再从中收束 3–5 本主样本做四层深拆式竞对分析。作为题材包装层与路由层，负责保留AI科幻标准入口名，补充技术视角、技术针脚、数据链/系统逻辑链、长线系统谜团等题材维度，并明确要求优先强制加载并使用 `通用-分析竞对作品`。关键词：AI科幻竞对分析、AI科幻竞品分析、起点AI科幻榜单、标杆作品拆解、技术悬疑标杆报告。""","""请输入要服务的AI科幻项目、目标平台、TopN 的 N 值（默认 10）以及报告落盘目录；若未指定，默认以起点中文网为主，并先锁定 Top10 候选池，再收束 3–5 本主样本写入当前工作目录或 `AI科幻/竞对分析/`。""","false","False","0","0","0","False","","0","1","AI科幻竞对分析补充维度.md","False","0","False","True","True","False"
"AI科幻\.github\skills\AI科幻-创建小说正文\SKILL.md","GenreWrapper","AI科幻-创建小说正文","86","13","AI科幻-创建小说正文","'用于【AI科幻】题材下的章节正文创作。作为题材包装层、兼容入口与路由层，负责保留AI科幻入口名，补充起点追读、数据追溯程序、真实编号、数字压迫感与文件写回要求，并要求生成的 `","'要写哪一章AI科幻正文？默认按“章纲 / 控制卡 / 场景施工 / 回报与钩子兑现”处理。'","false","False","0","0","0","False","","0","2","控制卡落正文与镜头化桥接.md;题材正文创作补充规则.md","False","0","False","True","True","False"
"AI科幻\.github\skills\AI科幻-去AI味重写\SKILL.md","GenreWrapper","AI科幻-去AI味重写","63","6","AI科幻-去AI味重写","'用于【AI科幻】题材下的去 AI 味重写。作为题材包装层、兼容入口与路由层，负责保留AI科幻标准入口名、补充程序 / 数据痕迹径、数值双轨与冷压迫来源保护边界，并明确要求优先强制加载并使用 `通用-去AI味重写`。关键词：AI科幻去AI味、模板腔、数据痕迹径、冷压迫。'","'要处理哪一章或哪一段AI科幻正文的 AI 味？默认按“保信息、保结构、保护数据痕迹冷压迫来源”处理。'","false","False","0","0","0","False","","0","9","去AI味执行清单.md;三级改造与工具包.md;实战自检与陷阱.md;数值双轨与视角保护.md;通用风格与排版补充.md;与控制卡_正文润色_审阅章节正文的桥接规则.md;AI科幻冷压迫来源保护清单.md;AI味识别雷达.md;AI味识别与改写工具包.md","False","0","False","True","True","False"
"AI科幻\.github\skills\AI科幻-多平台小说适配\SKILL.md","GenreWrapper","AI科幻-多平台小说适配","58","7","AI科幻-多平台小说适配","'用于【AI科幻】题材下的多平台适配策略。作为题材包装层与兼容入口，负责保留AI科幻入口名、补充异常数据、系统摩擦、数字压迫感与长期谜团在各平台的保真边界，并明确要求优先强制加载并使用 `通用-多平台小说适配`。关键词：AI科幻多平台适配、平台差异、改写前推演、平台保真。'","'要把哪一章AI科幻适配到哪些平台？默认按“先做平台差异推演，再按题材保真边界拉开版本”处理。'","false","False","0","0","0","False","","0","1","AI科幻平台适配优先级矩阵.md","False","0","False","True","True","False"
"AI科幻\.github\skills\AI科幻-多平台输出编排\SKILL.md","GenreWrapper","AI科幻-多平台输出编排","65","7","AI科幻-多平台输出编排","'用于【AI科幻】题材下的多平台输出 SOP 编排。作为题材包装层、兼容入口与路由层，负责保留AI科幻入口名，并明确要求优先强制加载并使用 `通用-多平台输出编排`，同时在多平台分发前先锁定母稿底盘与题材差异。支持今日头条分发。'","'要把哪一章或哪几章分发到多个平台？默认按“母稿提纯 → 平台适配 → 分平台落盘 → 质检摘要”处理。'","false","False","0","0","0","False","","0","2","题材多平台输出保真规则.md;README.md","False","0","False","True","True","False"
"AI科幻\.github\skills\AI科幻-大纲审阅优化闭环\SKILL.md","GenreWrapper","AI科幻-大纲审阅优化闭环","65","8","AI科幻-大纲审阅优化闭环","'用于【AI科幻】题材下的提纲审阅优化 SOP 编排。作为题材包装层、兼容入口与路由层，负责保留AI科幻入口名，并明确要求优先强制加载并使用 `通用-大纲审阅优化闭环`，同时按总纲 / 分卷对象分流到对应题材审阅与设计 Skill。'","'要把哪份AI科幻大纲反复审改到过线？默认按“审阅 → 回写 → 复审”持续覆盖同一份主报告。'","false","False","0","0","0","False","","0","2","题材大纲闭环补充规则.md;总纲分卷审改轮次与回写策略.md","False","0","False","True","True","False"
"AI科幻\.github\skills\AI科幻-审阅人物传记\SKILL.md","GenreWrapper","AI科幻-审阅人物传记","85","9","AI科幻-审阅人物传记","'用于审阅AI科幻人物传记。作为题材包装层与兼容入口，负责补充可证据化秘密、事件性关系网与镜头抓手等题材裁判口径，并明确要求优先强制加载并使用 `通用-审阅人物传记`。关键词：AI科幻人物审阅、可证据化秘密、关系网、心理弧线。'","'要审哪份AI科幻人物传记？默认按“身份、动机、边界、关系、抓手、弧线、索引”从严体检。'","false","False","0","0","0","False","","0","4","人物传记审阅报告增补.md;人物传记审阅检查清单.md;审阅维度说明.md;题材人物审阅模板补充.md","False","0","False","True","True","False"
"AI科幻\.github\skills\AI科幻-审阅分卷大纲\SKILL.md","GenreWrapper","AI科幻-审阅分卷大纲","104","13","AI科幻-审阅分卷大纲","'审阅AI科幻小说分部大纲、分卷大纲、章清单与单元案执行版。核心要求是：分部/分卷大纲必须把上一级分配给本层的内容切实、全量、保质落地。分部审阅要核查总纲层文件组分配给本部的全部内容是否已落地；分卷审阅要按是否存在分部，分别核查其是否完整落地总纲层或分部层分配内容。关键词：分部审阅、分卷审阅、单元案审阅、节奏布点、钩子策略、章清单审阅。'","'要审哪份AI科幻分部 / 分卷文件？默认按“上游全量落地、卷级节奏、章中回报与单元闭环”处理。'","false","False","0","0","0","False","","0","4","分部与分卷审阅报告增补.md;分部与分卷审阅专属检查清单.md;首卷留存章中回报与平台节奏诊断.md;题材分卷审阅模板补充.md","False","0","False","True","True","False"
"AI科幻\.github\skills\AI科幻-审阅总大纲\SKILL.md","GenreWrapper","AI科幻-审阅总大纲","106","13","AI科幻-审阅总大纲","'审阅AI科幻小说总大纲、全书总纲、故事多面体、主线谜团与单元案矩阵。这里的“总大纲”默认指总纲层文件组，而非单一文件；至少包括 `小说总大纲.md`、`故事面/`、`伏笔与回收总纲.md`、`故事多面体大纲.md`，以及其它相关总表级大纲文件。用于审阅总纲层 Canon 文件及其联动关系。关键词：总纲审阅、总大纲、全书审阅、机制递进、单元案矩阵、总纲报告。'","'要审哪组AI科幻总纲层文件？默认按“总纲层文件组联动、主线供血、机制递进与可回写性”处理。'","false","False","0","0","0","False","","0","4","题材总纲审阅模板补充.md;总纲断供诊断与回写补丁.md;总纲审阅报告增补.md;总纲审阅专属检查清单.md","False","0","False","True","True","False"
"AI科幻\.github\skills\AI科幻-审阅故事设定\SKILL.md","GenreWrapper","AI科幻-审阅故事设定","120","11","AI科幻-审阅故事设定","'用于审阅AI科幻故事设定、手法、系统逻辑链与数据痕载体文档。作为题材包装层与兼容入口，负责补充异常数据、系统摩擦与技术代价等题材裁判口径，并明确要求优先强制加载并使用 `通用-审阅故事设定`。关键词：AI科幻设定审阅、系统逻辑链、数据痕载体、规则代价。'","'要审哪份AI科幻故事设定文件？默认按“可执行、可证据化、可叙事化、可承受代价”处理。'","false","False","0","0","0","False","","0","1","题材技术审阅模板补充.md","False","0","False","True","True","False"
"AI科幻\.github\skills\AI科幻-审阅章节正文\SKILL.md","GenreWrapper","AI科幻-审阅章节正文","103","12","AI科幻-审阅章节正文","'审阅AI科幻章节正文。用于检查章内追读驱动、中段回报、章末钩子、人物传记一致性、公平推理、数据链、时间表达与作者管理编号出戏风险，并输出可落库、可回写的章节审阅报告。'","'要审哪一章AI科幻正文？默认按“追读驱动、中段回报、章末钩子、公平推理与数据链”处理。'","false","False","0","0","0","False","","0","6","控制卡_正文_审阅_回炉桥.md;题材章节正文审阅模板补充.md;章节审阅核心点.md;章节正文审阅报告增补.md;章节正文审阅检查清单.md;AI科幻现实针脚与回炉优先级.md","False","0","False","True","True","False"
"AI科幻\.github\skills\AI科幻-小说项目初始化\SKILL.md","GenreWrapper","AI科幻-小说项目初始化","117","9","AI科幻-小说项目初始化","'用于【AI科幻】题材下的项目级战略初始化——在选定平台后、设计大纲之前，补充AI科幻特有的技术切口、异常数据体系、数字空间压迫感、技术代价锚点与平台适配偏好。作为题材包装层与路由层，强制加载并使用 `通用-小说项目初始化`。'","'--platform 七猫 --genre AI科幻。初始化哪本AI科幻新书？'","false","False","1","0","0","True","","0","1","起点AI科幻读者分群与需求洞察.md","False","0","False","True","True","False"
"AI科幻\.github\skills\AI科幻-平台签约评估框架\SKILL.md","GenreWrapper","AI科幻-平台签约评估框架","123","13","AI科幻-平台签约评估框架","'用于【AI科幻】题材下以默认极严、保守、负面证据优先的口径评估作品在{目标平台}的签约、过稿与连载潜力。作为题材包装层与路由层，负责保留AI科幻标准入口名，并明确要求优先强制加载并使用 `通用-平台签约评估框架`。关键词：AI科幻签约评估、极严评估、签约概率评估、过稿潜力、总纲闸门预评估、分卷闸门预评估、正文准入评估、竞品威胁评估。'","'要评估哪部AI科幻作品在哪个目标平台（起点/七猫/番茄/晋江等）的签约或过稿潜力，当前材料位于总纲、分卷还是正文阶段？本 Skill 默认即采用极严保守口径（继承自通用-平台签约评估框架），并强制回答""当前层是否适合推进下一层""；重点按""赛道归类、黄金三章、主角抓手、长线供血与投稿准备""处理。'","false","False","0","0","0","False","","0","3","起点签约概率评估报告模板.md;起点签约概率评估检查清单.md;起点AI科幻审核锚点与红线.md","False","0","False","True","True","False"
"AI科幻\.github\skills\AI科幻-强化章末钩子\SKILL.md","GenreWrapper","AI科幻-强化章末钩子","56","6","AI科幻-强化章末钩子","'用于【AI科幻】题材下的章末钩子强化。作为题材包装层与兼容入口，负责保留AI科幻入口名、补充未完成动作、新变量入场、更糟后果与订阅级驱动口感，并明确要求优先强制加载并使用 `通用-强化章末钩子`。关键词：AI科幻章末钩子、转折、揭露、危机、下一章驱动。'","'要强化哪一章AI科幻结尾？默认按“转折、揭露、危机、未完成动作与更糟后果”处理。'","false","False","0","0","0","False","","0","0","","False","0","False","True","True","False"
"AI科幻\.github\skills\AI科幻-强化章节开头\SKILL.md","GenreWrapper","AI科幻-强化章节开头","57","6","AI科幻-强化章节开头","'用于【AI科幻】题材下的章节开头强化。作为题材包装层与兼容入口，负责保留AI科幻入口名、补充冷开场、异常触发、技术针脚与即时动作压力口感，并明确要求优先强制加载并使用 `通用-强化章节开头`。关键词：AI科幻开头强化、冷开场、异常触发、首屏留存。'","'要强化哪一章AI科幻开头？默认按“异常、冲突、困境、悬念缺口与即时动作压力”处理。'","false","False","0","0","0","False","","0","1","黄金三章开篇策略.md","False","0","False","True","True","False"
"AI科幻\.github\skills\AI科幻-执行场景单元\SKILL.md","GenreWrapper","AI科幻-执行场景单元","69","8","AI科幻-执行场景单元","'用于【AI科幻】题材下的场景单元施工、章节微型剧本与抓眼开场。作为题材包装层、兼容入口与路由层，负责保留AI科幻标准入口名、补充数字空间压迫、系统阻力与数据痕迹入场口感，并明确要求优先强制加载并使用 `通用-执行场景单元`。关键词：AI科幻场景单元、系统界面、数据面板、服务器机房、数字日常异化。'","'要处理哪一章、哪一场景或哪类AI科幻场景？默认同时考虑抓眼入口、技术针脚、系统阻力、数据痕迹入场与章尾推动。'","false","False","0","0","0","False","","0","4","控制卡到场景单元桥接模板.md;数字战争可视化爽点设计.md;AI科幻日常异化与场景压迫补丁.md;README.md","False","0","False","True","True","False"
"AI科幻\.github\skills\AI科幻-执行对话冲突\SKILL.md","GenreWrapper","AI科幻-执行对话冲突","69","8","AI科幻-执行对话冲突","'用于【AI科幻】题材下的审讯、试探、争执、谈判与规则对峙场景。作为题材包装层、兼容入口与路由层，负责保留AI科幻入口名、补充职业语体与程序压迫，并明确要求优先强制加载并使用 `通用-执行对话冲突`。'","'要处理哪段AI科幻关键对话？默认按“职业压迫感、潜台词、误导与风险升级”处理。'","false","False","0","0","0","False","","0","3","控制卡回报点与对话施压桥.md;AI科幻职业话术与审讯压迫补充.md;README.md","False","0","False","True","True","False"
"AI科幻\.github\skills\AI科幻-执行微空间受限场景\SKILL.md","GenreWrapper","AI科幻-执行微空间受限场景","70","8","AI科幻-执行微空间受限场景","'用于【AI科幻】题材下的微空间或受限空间场景施工。作为题材包装层、兼容入口与路由层，负责保留AI科幻标准入口名、补充受限数字空间、技术针脚、规则代价与数据痕迹回收口径，并明确要求优先强制加载并使用 `通用-执行微空间受限场景`。关键词：AI科幻微空间、系统机房、电梯井、系统监控室、数据存储区、贴脸技术惊悚。'","'要处理哪一章、哪一场微空间，或哪种受限环境？默认同时考虑现实功能、微反常升级、规则代价、数据痕迹场与章尾余震。'","false","False","0","0","0","False","","0","3","控制卡压进微空间镜头的施工桥.md;AI科幻微空间异化手法与禁行项.md;README.md","False","0","False","True","True","False"
"AI科幻\.github\skills\AI科幻-提纯多平台母稿\SKILL.md","GenreWrapper","AI科幻-提纯多平台母稿","54","6","AI科幻-提纯多平台母稿","'用于【AI科幻】题材下的多平台母稿提纯。作为题材包装层与兼容入口，负责保留AI科幻入口名、补充异常数据、系统摩擦、数字压迫感与长期谜团的底盘保真，并明确要求优先强制加载并使用 `通用-提纯多平台母稿`。关键词：AI科幻母稿提纯、多平台底稿、数据链、平台可分化。'","'要把哪一章AI科幻母稿提纯到可供多平台改写？默认按“保底盘、保事件链、保异常数据与追读链”处理。'","false","False","0","0","0","False","","0","0","","False","0","False","True","True","False"
"AI科幻\.github\skills\AI科幻-撰写书评\SKILL.md","GenreWrapper","AI科幻-撰写书评","56","6","AI科幻-撰写书评","'用于【AI科幻】题材下的全书 / 分部 / 分卷 / 分章书评撰写、重写与审计。作为题材包装层、兼容入口与路由层，负责保留AI科幻入口名、补充技术现实压迫、异常数据与人性代价的推荐话术，并明确要求优先强制加载并使用 `通用-撰写书评`。支持今日头条平台。'","'要给哪部AI科幻作品写书评？默认按“技术现实压迫、异常数据、人性代价与不剧透安利”处理。'","false","False","0","0","0","False","","0","3","普通读者AI科幻书评切口库.md;题材书评补充规则.md;AI科幻按平台推荐书评模板组.md","False","0","False","True","True","False"
"AI科幻\.github\skills\AI科幻-撰写内容简介\SKILL.md","GenreWrapper","AI科幻-撰写内容简介","52","6","AI科幻-撰写内容简介","'用于【AI科幻】题材下的内容简介撰写、压缩与适配。作为题材包装层、兼容入口与路由层，负责保留AI科幻入口名、补充题材卖点与持续承诺，并明确要求优先强制加载并使用 `通用-撰写内容简介`。支持今日头条平台。'","'要写哪部AI科幻作品的内容简介？默认按“异常数据、技术代价、长期谜团与平台勾连”处理。'","false","False","0","0","0","False","","0","1","题材简介补充规则.md","False","0","False","True","True","False"
"AI科幻\.github\skills\AI科幻-正文润色\SKILL.md","GenreWrapper","AI科幻-正文润色","64","9","AI科幻-正文润色","'用于【AI科幻】题材下的正文润色。作为题材包装层、兼容入口与路由层，负责保留AI科幻标准入口名、补充有限视角、数据链、系统阻力与数字压迫感裁判边界，并明确要求优先强制加载并使用 `通用-正文润色`。关键词：AI科幻正文润色、有限视角、数据链、系统阻力、代入感。'","'要润哪一章AI科幻正文？默认按“保信息、保数据链、保中段回报与章末钩子”处理。'","false","False","0","0","0","False","","0","6","章节正文润色检查清单.md;章节正文润色流程.md;正文润色数值双轨禁忌与沉浸控制.md;正文润色增强技法与读者机制.md;正文润色执行流程与输出规范.md;正文润色总裁判与交付规则.md","False","0","False","True","True","False"
"AI科幻\.github\skills\AI科幻-润色作者有话说\SKILL.md","GenreWrapper","AI科幻-润色作者有话说","72","10","AI科幻-润色作者有话说","'用于【AI科幻】题材下的作者有话说润色。作为题材包装层与兼容入口，负责保留AI科幻入口名，补充“一粒城市微细节 + 一点后怕或冷笑 + 一个轻追问”的章后口感，并明确要求优先强制加载并使用 `通用-润色作者有话说`。关键词：AI科幻作者有话说、读者向小剧场、余波、轻悬念。'","'要润色哪一章AI科幻的作者有话说？默认按“城市微细节切入、轻余波、轻互动、不剧透、不讲技术事件解析”处理。'","false","False","0","0","0","False","","0","2","题材作者有话说补充规则.md;作者有话说与读者侧产物协同.md","False","0","False","True","True","False"
"AI科幻\.github\skills\AI科幻-生成章节控制卡\SKILL.md","GenreWrapper","AI科幻-生成章节控制卡","67","8","AI科幻-生成章节控制卡","'用于【AI科幻】题材下的章节控制卡生成。作为题材包装层、兼容入口与路由层，负责保留AI科幻入口名、补充主线推进、数据痕迹场、系统阻力与危险升级口径，并明确要求优先强制加载并使用 `通用-生成章节控制卡`。关键词：AI科幻控制卡、主线推进、数据痕迹场、中段回报、危险升级。'","'要为哪一章AI科幻生成控制卡？默认按“主线推进、数据痕迹场、中段回报、章末钩子与危险升级”处理。'","false","False","0","0","0","False","","0","4","卷首_中段_卷尾分型模板卡.md;可直接复制填写的AI科幻控制卡模板.md;控制卡标题段落与作者有话说策略.md;题材控制卡补充规则.md","False","0","False","True","True","False"
"AI科幻\.github\skills\AI科幻-章节创作闭环\SKILL.md","GenreWrapper","AI科幻-章节创作闭环","77","8","AI科幻-章节创作闭环","'用于【AI科幻】题材下的章节创作 SOP 编排。作为题材包装层、兼容入口与路由层，负责保留AI科幻入口名，并明确要求优先强制加载并使用 `通用-章节创作闭环`，同时锁定题材写作链、程序数据痕迹续性、数字压迫感与批量回炉护栏。'","'要按AI科幻口径连续跑几章闭环？默认按“正文 → 润色 → 去AI味 → 审阅回炉 → 读者产物”完整续跑。'","false","False","0","0","0","False","","0","4","读者侧产物接线规则.md;控制卡入正文施工与回炉桥.md;题材章节创作闭环补充规则.md;阅读笔记与分章书评路径约定补充.md","False","0","False","True","True","False"
"AI科幻\.github\skills\AI科幻-管理连续性冷热线\SKILL.md","GenreWrapper","AI科幻-管理连续性冷热线","52","6","AI科幻-管理连续性冷热线","'用于【AI科幻】题材下的连续性、旧线回收与冷热线管理。作为题材包装层、兼容入口与路由层，负责保留AI科幻入口名、补充旧案回声、关系余波、数据链不断点与回归压力判断，并明确要求优先强制加载并使用 `通用-管理连续性冷热线`。关键词：AI科幻连续性、旧线回收、冷热线、回归窗口、数据链不断点。'","'要梳理哪几章AI科幻连续性与旧线回收？默认按“回归窗口、人物压力、数据链不断点与下一章承接风险”处理。'","false","False","0","0","0","False","","0","1","题材连续性补充规则.md","False","0","False","True","True","False"
"AI科幻\.github\skills\AI科幻-组包投稿材料\SKILL.md","GenreWrapper","AI科幻-组包投稿材料","94","10","AI科幻-组包投稿材料","'用于【AI科幻】题材下的投稿材料组包、起点内投整包与补件审计。作为题材包装层、兼容入口与路由层，负责保留AI科幻入口名，补充技术抓手、数据痕迹常、系统摩擦、长期谜团与起点男频裁判口径，并明确要求优先强制加载并使用 `通用-组包投稿材料`。'","'要把哪部AI科幻作品组装成投稿包？默认按“起点评估结果、书名简介、30000字连续正文、总大纲/第1卷卷纲与最弱一环”处理。'","false","False","0","0","0","False","","0","2","起点内投材料落盘模板.md;题材投稿包补充规则.md","False","0","False","True","True","False"
"AI科幻\.github\skills\AI科幻-设计事件案件引擎\SKILL.md","GenreWrapper","AI科幻-设计事件案件引擎","66","7","AI科幻-设计事件案件引擎","'用于【AI科幻】题材下的单元案、事件母板与技术事件供血设计。作为题材包装层与路由层，负责保留AI科幻标准入口名，并明确要求优先强制加载并使用 `通用-设计事件案件引擎`。'","'要设计哪个AI科幻单元案或事件母板？默认按“异常信号、数据链、误导反证、代价与主线供血”处理。'","false","False","0","0","0","False","","0","2","AI科幻现实摩擦与单元案供血规则.md;README.md","False","0","False","True","True","False"
"AI科幻\.github\skills\AI科幻-设计人物传记\SKILL.md","GenreWrapper","AI科幻-设计人物传记","98","9","AI科幻-设计人物传记","'用于【AI科幻】题材下的人物传记设计与重写。作为题材包装层、兼容入口与路由层，负责保留AI科幻入口名、补充可证据化秘密、镜头抓手、风险边界与程序口径，并明确要求优先强制加载并使用 `通用-设计人物传记`。关键词：AI科幻人物传记、可证据化秘密、镜头抓手、人物裁判源。'","'要设计或重写哪份AI科幻人物传记？默认按“身份、动机、边界、关系、抓手、心理弧线、索引”完整落地。'","false","False","0","0","0","False","","0","9","创新人物设计与心理弧线规范.md;创新性人物设计要点.md;内容一致性与风险校验.md;人机互动爽点模式.md;人物传记模板与写作抓手.md;三级大纲索引模板.md;三级大纲索引示例.md;心理弧线与索引规则.md;质量控制与验证流程.md","False","0","False","True","True","False"
"AI科幻\.github\skills\AI科幻-设计分卷大纲\SKILL.md","GenreWrapper","AI科幻-设计分卷大纲","104","13","AI科幻-设计分卷大纲","'设计AI科幻小说分部大纲、分卷大纲、卷纲、章清单与章节微型剧本。核心要求是：分部/分卷大纲必须把上一级大纲分配给本层的内容切实、全量、保质落地。分部大纲要承接总纲层文件组分配给本部的全部内容；分卷大纲在无分部小说中按分部口径承接总纲层分配内容，在有分部小说中承接本部分配给本卷的全部内容。覆盖：分部、分卷、卷纲、章纲、章清单、故事线、情节块、故事点、卷级启动表、爽点布点表、章节钩子链、反AI味、技术锚点、移动端可读性。'","'要处理哪份AI科幻分部 / 分卷文件？默认按“上级全量落地、卷级任务拆解、章清单与微型剧本”处理。'","false","False","0","0","0","False","","0","4","分部模板.md;分部与分卷专属设计规则.md;分卷模板与章节工件.md;故事面供血分卷落地与首卷抓手.md","False","0","False","True","True","False"
"AI科幻\.github\skills\AI科幻-设计封面生图提示词\SKILL.md","GenreWrapper","AI科幻-设计封面生图提示词","78","11","AI科幻-设计封面生图提示词","'用于【AI科幻】题材下的封面生图提示词设计。作为题材包装层、兼容入口与路由层，负责保留AI科幻入口名、补充数字压迫感、异常数据、人物危险感与平台展示边界，并明确要求优先强制加载并使用 `通用-设计封面生图提示词`。关键词：AI科幻封面提示词、城市压迫、异常数据、平台展示。'","'要为哪部AI科幻作品设计封面生图提示词？默认按“数字压迫感、异常数据、人物危险感与平台展示需求”处理。'","false","False","0","0","0","False","","0","0","","False","0","False","True","True","False"
"AI科幻\.github\skills\AI科幻-设计总大纲\SKILL.md","GenreWrapper","AI科幻-设计总大纲","102","12","AI科幻-设计总大纲","'设计AI科幻小说总大纲、全书总纲、故事多面体、主线谜团面与单元案矩阵。这里的“总大纲”默认指总纲层文件组，而非单一文件；至少包括 `小说总大纲.md`、`故事面/`、`伏笔与回收总纲.md`、`故事多面体大纲.md`，以及其它相关总表级大纲文件。用于创建、重写、修改总纲层 Canon 文件及其联动关系。覆盖：总大纲、总纲、全书、故事面、M0、X01、单元案矩阵、钩子链、反AI味、技术锚点、缺陷型主角、总纲模板、总纲审计。'","'要处理哪组AI科幻总纲层文件？默认按“总纲层文件组联动、M0 / X / C、数据链与平台口径”处理。'","false","False","0","0","0","False","","0","4","故事面联动首卷承诺与平台闭环.md;矩阵式三卷架构参考.md;总纲模板与验收.md;总纲专属设计规则.md","False","0","False","True","True","False"
"AI科幻\.github\skills\AI科幻-设计故事设定\SKILL.md","GenreWrapper","AI科幻-设计故事设定","123","9","AI科幻-设计故事设定","'用于【AI科幻】题材下的故事设定、手法、系统逻辑链与数据痕载体设计。作为题材包装层、兼容入口与路由层，负责保留AI科幻入口名、补充都市系统摩擦、异常数据与技术代价边界，并明确要求优先强制加载并使用 `通用-设计故事设定`。关键词：AI科幻故事设定、系统逻辑链、数据痕载体、规则代价。'","'要设计或重写哪份AI科幻故事设定文件？默认按“规则条款、数据痕迹射、系统摩擦、镜头包、验证流程”处理。'","false","False","0","0","0","False","","0","4","创新性要素库.md;科学对冲玄学与AI科幻程序证据补丁.md;示例格式与验证流程.md;AI觉醒动机分类法.md","False","0","False","True","True","False"
"AI科幻\.github\skills\AI科幻-设计故事面\SKILL.md","GenreWrapper","AI科幻-设计故事面","69","8","AI科幻-设计故事面","'用于【AI科幻】题材下的故事面设计、重写与审计。作为题材包装层与兼容入口，负责保留AI科幻入口名、补充社会议题、异常数据与人物后果耦合口径，并明确要求优先强制加载并使用 `通用-设计故事面`。关键词：AI科幻故事面、M0、X线、供血锚点、卷级推进。'","'要设计或重写哪个AI科幻故事面？默认按“谜面、供血锚点、跨卷交接与正文可调用性”处理。'","false","False","0","0","0","False","","0","1","AI科幻议题与悬疑母题耦合清单.md","False","0","False","True","True","False"
"AI科幻\.github\skills\AI科幻-设计标题\SKILL.md","GenreWrapper","AI科幻-设计标题","77","9","AI科幻-设计标题","'用于【AI科幻】题材下的书名设计、筛选、重排与多平台适配。作为题材包装层、兼容入口与路由层，负责保留AI科幻入口名，补充都市现实压迫、数据痕迹常、技术切口与系统性危险感，并明确要求优先强制加载并使用 `通用-设计标题`。支持今日头条平台。'","'要为哪部AI科幻作品设计标题？默认按“技术现实感、异常感、数据痕迹与平台辨识度”生成候选并筛选。'","false","False","0","0","0","False","","0","2","各平台题材化书名补丁.md;题材书名补充规则.md","False","0","False","True","True","False"
"AI科幻\.github\skills\AI科幻-设计线索伏笔与回收台账\SKILL.md","GenreWrapper","AI科幻-设计线索伏笔与回收台账","71","9","AI科幻-设计线索伏笔与回收台账","'用于【AI科幻】题材下的线索、伏笔、误导与回收台账设计。作为题材包装层、兼容入口与路由层，负责保留AI科幻入口名、补充旧案回声、城市留痕、数据公平性与数据痕迹径，并明确要求优先强制加载并使用 `通用-设计线索伏笔与回收台账`。'","'要建立或重写哪份AI科幻线索 / 伏笔台账？默认按“线索、数据痕迹误导、回收窗口与余波”一并处理。'","false","False","0","0","0","False","","0","1","README.md","False","0","False","True","True","False"
"AI科幻\.github\skills\AI科幻-设计题材定位框架\SKILL.md","GenreWrapper","AI科幻-设计题材定位框架","70","8","AI科幻-设计题材定位框架","'用于【AI科幻】题材下的题材定位、卖点校准与入口判断。作为题材包装层与路由层，负责保留AI科幻入口名、补充技术抓手、异常数据、系统摩擦、技术代价与平台主口径，并明确要求优先强制加载并使用 `通用-设计题材定位框架`。'","'要校准哪部AI科幻作品的题材定位？默认按“主卖点、技术抓手、异常数据、平台主口径与创新组合”处理。'","false","False","0","0","0","False","","0","3","题材边界与入口说明.md;哲学思辨爽点转化.md;AI科幻定位与项目裁判源.md","False","0","False","True","True","False"
"AI科幻\.github\skills\AI科幻-输出B站版\SKILL.md","GenreWrapper","AI科幻-输出B站版","64","8","AI科幻-输出B站版","'用于【AI科幻】题材下的 B站 平台输出任务。作为题材包装层、兼容入口与路由层，负责保留AI科幻入口、补充视听化异常、互动讨论感、现实空间压迫与数据链边界，并明确要求优先强制加载并使用 `通用-输出B站版`。关键词：AI科幻B站版、B站、视听化、讨论感。'","'要把哪一章AI科幻改成 B站 版？默认按“保数据链、视听化异常与年轻读者可读性，不写成解说稿”处理。'","false","False","0","0","0","False","","0","4","分节级补救映射与详细规则回填.md;平台研究补充.md;题材边界与来源.md;执行细则与题材补丁.md","False","0","False","True","True","False"
"AI科幻\.github\skills\AI科幻-输出GoodNovel版\SKILL.md","GenreWrapper","AI科幻-输出GoodNovel版","65","8","AI科幻-输出GoodNovel版","'用于【AI科幻】题材下的 GoodNovel 平台输出任务。作为题材包装层、兼容入口与路由层，负责保留AI科幻入口、补充关系张力与现实调查边界，并明确要求优先强制加载并使用 `通用-输出GoodNovel版`。关键词：AI科幻GoodNovel版、英文平台、关系张力、调查悬疑。'","'要把哪一章AI科幻改成 GoodNovel 版？默认按“保调查压力、人物拉扯与英文情绪张力”处理。'","false","False","0","0","0","False","","0","4","分节级补救映射与详细规则回填.md;平台研究补充.md;题材边界与来源.md;执行细则与题材补丁.md","False","0","False","True","True","False"
"AI科幻\.github\skills\AI科幻-输出My Fiction版\SKILL.md","GenreWrapper","AI科幻-输出My Fiction版","65","8","AI科幻-输出My Fiction版","'用于【AI科幻】题材下的 My Fiction 平台输出任务。作为题材包装层、兼容入口与路由层，负责保留AI科幻入口、补充关系黏性与调查驱动边界，并明确要求优先强制加载并使用 `通用-输出My Fiction版`。关键词：AI科幻My Fiction版、英文追更、关系张力。'","'要把哪一章AI科幻改成 My Fiction 版？默认按“保系统危机推进、关系拉力与英文追更感”处理。'","false","False","0","0","0","False","","0","4","分节级补救映射与详细规则回填.md;平台研究补充.md;题材边界与来源.md;执行细则与题材补丁.md","False","0","False","True","True","False"
"AI科幻\.github\skills\AI科幻-输出WebNovel版\SKILL.md","GenreWrapper","AI科幻-输出WebNovel版","66","8","AI科幻-输出WebNovel版","'用于【AI科幻】题材下的 WebNovel 平台输出任务。作为题材包装层、兼容入口与路由层，负责保留AI科幻入口、补充追踪逻辑与跨文化可读边界，并明确要求优先强制加载并使用 `通用-输出WebNovel版`。关键词：AI科幻WebNovel版、跨文化悬疑、英文连载。'","'要把哪一章AI科幻改成 WebNovel 版？默认按“保推理链、压迫感与跨文化可读性”处理。'","false","False","0","0","0","False","","0","4","分节级补救映射与详细规则回填.md;平台研究补充.md;题材边界与来源.md;执行细则与题材补丁.md","False","0","False","True","True","False"
"AI科幻\.github\skills\AI科幻-输出七猫版\SKILL.md","GenreWrapper","AI科幻-输出七猫版","67","8","AI科幻-输出七猫版","'用于【AI科幻】题材下的七猫平台输出任务。作为题材包装层、兼容入口与路由层，负责保留AI科幻入口、补充直白短叙、普通人共情、生活化悬念与章末翻页边界，并明确要求优先强制加载并使用 `通用-输出七猫版`。关键词：AI科幻七猫版、七猫、直给反馈、追读。'","'要把哪一章AI科幻改成七猫版？默认按“保技术事件链、普通人软肋与强反馈，不写成空爽文”处理。'","false","False","0","0","0","False","","0","4","分节级补救映射与详细规则回填.md;平台研究补充.md;题材边界与来源.md;执行细则与题材补丁.md","False","0","False","True","True","False"
"AI科幻\.github\skills\AI科幻-输出今日头条版\SKILL.md","GenreWrapper","AI科幻-输出今日头条版","131","14","AI科幻-输出今日头条版","'用于【AI科幻】题材下的今日头条平台输出任务。作为题材包装层、兼容入口与路由层，负责保留AI科幻入口、补充技术事件反转与互动驱动边界，并明确要求优先强制加载并使用 `通用-输出今日头条版`。关键词：AI科幻今日头条版、今日头条平台、开篇钩子、互动驱动、规则怪谈、中式悬疑。'","'要把哪一章AI科幻改成今日头条版？默认按""开篇钩子密集 + 强情节推进 + 互动驱动 + 技术事件反转""处理。'","false","False","0","0","0","False","","0","2","题材边界与来源.md;执行细则与题材补丁.md","False","0","False","True","True","False"
"AI科幻\.github\skills\AI科幻-输出出版社版\SKILL.md","GenreWrapper","AI科幻-输出出版社版","65","8","AI科幻-输出出版社版","'用于【AI科幻】题材下的出版社平台输出任务。作为题材包装层、兼容入口与路由层，负责保留AI科幻入口、补充出版审读友好度与现实调查质感边界，并明确要求优先强制加载并使用 `通用-输出出版社版`。关键词：AI科幻出版社版、传统出版、审稿友好、现实调查。'","'要把哪一章AI科幻改成出版社版？默认按“保现实调查厚度、数据链与审读友好度”处理。'","false","False","0","0","0","False","","0","4","分节级补救映射与详细规则回填.md;平台研究补充.md;题材边界与来源.md;执行细则与题材补丁.md","False","0","False","True","True","False"
"AI科幻\.github\skills\AI科幻-输出小红书版\SKILL.md","GenreWrapper","AI科幻-输出小红书版","67","8","AI科幻-输出小红书版","'用于【AI科幻】题材下的小红书平台输出任务。作为题材包装层、兼容入口与路由层，负责保留AI科幻入口、补充体感异常、凡人共情、移动端吸附与可分享感官瞬间边界，并明确要求优先强制加载并使用 `通用-输出小红书版`。关键词：AI科幻小红书版、小红书、体感、共情。'","'要把哪一章AI科幻改成小红书版？默认按“保技术事件链、体感异常与凡人共情，不写成笔记腔”处理。'","false","False","0","0","0","False","","0","4","分节级补救映射与详细规则回填.md;平台研究补充.md;题材边界与来源.md;执行细则与题材补丁.md","False","0","False","True","True","False"
"AI科幻\.github\skills\AI科幻-输出微信订阅号版\SKILL.md","GenreWrapper","AI科幻-输出微信订阅号版","65","8","AI科幻-输出微信订阅号版","'用于【AI科幻】题材下的微信订阅号平台输出任务。作为题材包装层、兼容入口与路由层，负责保留AI科幻入口、补充连续追更与社交传播边界，并明确要求优先强制加载并使用 `通用-输出微信订阅号版`。关键词：AI科幻微信订阅号版、公众号连载、微钩子、持续关注。'","'要把哪一章AI科幻改成微信订阅号版？默认按“保连续追更动力、数据痕迹进与社交传播顺滑度”处理。'","false","False","0","0","0","False","","0","4","分节级补救映射与详细规则回填.md;平台研究补充.md;题材边界与来源.md;执行细则与题材补丁.md","False","0","False","True","True","False"
"AI科幻\.github\skills\AI科幻-输出新浪微博版\SKILL.md","GenreWrapper","AI科幻-输出新浪微博版","67","8","AI科幻-输出新浪微博版","'用于【AI科幻】题材下的新浪微博平台输出任务。作为题材包装层、兼容入口与路由层，负责保留AI科幻入口、补充短促抓点、话题切口、评论驱动、技术议题锚定与数据链边界，并明确要求优先强制加载并使用 `通用-输出新浪微博版`。关键词：AI科幻新浪微博版、微博、话题切口、评论驱动。'","'要把哪一章AI科幻改成新浪微博版？默认按“保技术事件链、技术议题与传播切口，不写成评论帖”处理。'","false","False","0","0","0","False","","0","4","分节级补救映射与详细规则回填.md;平台研究补充.md;题材边界与来源.md;执行细则与题材补丁.md","False","0","False","True","True","False"
"AI科幻\.github\skills\AI科幻-输出番茄版\SKILL.md","GenreWrapper","AI科幻-输出番茄版","66","8","AI科幻-输出番茄版","'用于【AI科幻】题材下的番茄平台输出任务。作为题材包装层、兼容入口与路由层，负责保留AI科幻入口、补充数据链与压迫感边界，并明确要求优先强制加载并使用 `通用-输出番茄版`。关键词：AI科幻番茄版、番茄平台、强钩子、免费阅读。'","'要把哪一章AI科幻改成番茄版？默认按“保技术事件链、压迫感与章末硬钩子，强化追读节奏”处理。'","false","False","0","0","0","False","","0","4","分节级补救映射与详细规则回填.md;平台研究补充.md;题材边界与来源.md;执行细则与题材补丁.md","False","0","False","True","True","False"
"AI科幻\.github\skills\AI科幻-输出百度百家号版\SKILL.md","GenreWrapper","AI科幻-输出百度百家号版","67","8","AI科幻-输出百度百家号版","'用于【AI科幻】题材下的百度百家号平台输出任务。作为题材包装层、兼容入口与路由层，负责保留AI科幻入口、补充冷峻写实、信息抓力、搜索友好、日常物件线索化与顺滑扫读边界，并明确要求优先强制加载并使用 `通用-输出百度百家号版`。关键词：AI科幻百度百家号版、百家号、信息抓力、现实共鸣。'","'要把哪一章AI科幻改成百度百家号版？默认按“保技术事件链、现实技术线索与信息抓力，不写成资讯稿”处理。'","false","False","0","0","0","False","","0","4","分节级补救映射与详细规则回填.md;平台研究补充.md;题材边界与来源.md;执行细则与题材补丁.md","False","0","False","True","True","False"
"AI科幻\.github\skills\AI科幻-输出知乎版\SKILL.md","GenreWrapper","AI科幻-输出知乎版","66","8","AI科幻-输出知乎版","'用于【AI科幻】题材下的知乎平台输出任务。作为题材包装层、兼容入口与路由层，负责保留AI科幻入口、补充追踪逻辑与技术压迫感边界，并明确要求优先强制加载并使用 `通用-输出知乎版`。关键词：AI科幻知乎版、知乎盐选、逻辑链、讨论感。'","'要把哪一章AI科幻改成知乎版？默认按“保追踪逻辑、保数据链、强化讨论感与技术质感”处理。'","false","False","0","0","0","False","","0","4","分节级补救映射与详细规则回填.md;平台研究补充.md;题材边界与来源.md;执行细则与题材补丁.md","False","0","False","True","True","False"
"AI科幻\.github\skills\AI科幻-输出纵横小说版\SKILL.md","GenreWrapper","AI科幻-输出纵横小说版","67","8","AI科幻-输出纵横小说版","'用于【AI科幻】题材下的纵横小说网平台输出任务。作为题材包装层、兼容入口与路由层，负责保留AI科幻入口、补充数据链条与人性落点边界，并明确要求优先强制加载并使用 `通用-输出纵横小说版`。关键词：AI科幻纵横版、纵横中文网、中等节奏、技术锚点、技术探索流。'","'要把哪一章AI科幻改成纵横小说版？默认按""保技术事件链 + 中等节奏克制悬念 + 人性落点显化 + 限制性视角""处理。'","false","False","0","0","0","False","","0","2","题材边界与来源.md;执行细则与题材补丁.md","False","0","False","True","True","False"
"AI科幻\.github\skills\AI科幻-输出豆瓣版\SKILL.md","GenreWrapper","AI科幻-输出豆瓣版","65","8","AI科幻-输出豆瓣版","'用于【AI科幻】题材下的豆瓣平台输出任务。作为题材包装层、兼容入口与路由层，负责保留AI科幻入口、补充现实纹理与调查氛围边界，并明确要求优先强制加载并使用 `通用-输出豆瓣版`。关键词：AI科幻豆瓣版、豆瓣阅读、技术质感、文学性。'","'要把哪一章AI科幻改成豆瓣版？默认按“保现实纹理、调查余味与压抑感，不洗空技术事件骨架”处理。'","false","False","0","0","0","False","","0","4","分节级补救映射与详细规则回填.md;平台研究补充.md;题材边界与来源.md;执行细则与题材补丁.md","False","0","False","True","True","False"
"AI科幻\.github\skills\AI科幻-输出起点中文网版\SKILL.md","GenreWrapper","AI科幻-输出起点中文网版","48","6","AI科幻-输出起点中文网版","AI科幻题材的起点中文网版输出包装层。路由到 通用-输出起点中文网版，并叠加AI科幻题材专项补丁与禁行项。","要把哪一章输出为起点中文网版（AI科幻）？默认执行：加载通用-输出起点中文网版 + 题材补丁。","false","False","0","0","0","False","","0","0","","False","0","False","True","True","False"
"AI科幻\写作研究\vibe-writing\SKILL.md","External","vibe-writing","324","6","vibe-writing","Vibe Writing 写作系统，用于创建高质量、低AI检测率的中文文章。适用于公众号文章、博客、Newsletter等内容写作，也可用于修改已有文章降低AI味，或审校内容质量。包含三遍审校机制、降AI味技巧和口语化写作指南。","","false","False","1","0","0","True","","0","2","降AI味审校清单.md;写作风格指南.md","False","0","False","False","False","False"
"CommonSkills\通用-分析竞对作品\SKILL.md","CommonSkill","通用-分析竞对作品","385","19","通用-分析竞对作品","""用于围绕起点中文网或其他目标平台的同题材 TopN 候选池，按“市场数据层→内容创作层→运营策略层→受众反馈层”的四层框架锁定 3–5 本核心强样本并逐本深搜式竞对分析；若用户明确要求，也可对 TopN 全量逐本落盘。适合搜索榜单、筛选强样本、阅读目录/公开正文/设定/书评/读者评论/读后感/拆解材料，并在 `竞对分析/` 中为每部作品分别写出可举证、可横比、可回用于当前项目的详细竞对分析报告。关键词：竞对分析、竞品分析、标杆作品拆解、TopN 榜单、同题材对标、榜单深搜、四层拆解、读者评论分析、单书竞对报告。""","""请输入题材、目标平台、TopN 的 N 值（默认 10）、是否只做候选池还是继续深拆 3–5 本主样本、当前要服务的作品或项目、以及报告落盘目录；若未指定，默认平台为起点中文网，默认把报告写入当前工作目录下的 `竞对分析/`。""","false","False","0","0","0","False","","0","6","榜单检索与样本池确定规则.md;范文对标的定量与定性分析方法.md;竞对分析报告模板.md;竞对分析执行清单.md;竞对分析总览模板.md;GEO竞对分析增补.md","False","0","True","True","False","False"
"CommonSkills\通用-创建小说正文\SKILL.md","CommonSkill","通用-创建小说正文","887","34","通用-创建小说正文","'用于创建连载小说章节正文、作者有话说与章节后记。适合新写单章、重写章节、扩写草稿、直接写回章节文件与完整跑通正文落稿工作流；其中 `## 作者有话说` 默认按读者向小剧场处理，不写成章节点评或创作总结。关键词：写章节正文、重写这章、扩写正文、作者有话说、章节后记、直接写回文件。'","'要写哪一章？已有章纲、人物档案、设定文档和目标章节文件吗？默认按“先校验→再控制卡→再落正文”执行；首轮必须一次把正文字数写到门槛附近，除非已经明确记录可以后续补充的结构性缺口。'","false","False","1","0","0","True","","0","13","场景串章与章级回报分配卡.md;第一人称转第三人称映射与首现关系卡.md;多视角章的切换句与切换段接口卡.md;多视角章的章首辨识锚点.md;黄金三章与首轮回报设计.md;拼章检查卡_开头中段章末与钩子链复核.md;三阶段骨架扩写拼合_体裁与扩字补编.md;视角切换章与多视角连续章规则.md;视角与叙述距离控制.md;写作启动工具与创意阻力处理.md;章节附属构件与后记规范.md;章节四拍执行与钩子轮换写作卡.md;章节正文创作总流程与交付规范.md","False","0","True","True","False","False"
"CommonSkills\通用-去AI味重写\SKILL.md","CommonSkill","通用-去AI味重写","1044","26","通用-去AI味重写","'用于对章节正文做去 AI 味重写。适合主编式多轮去味、先诊断再定强度、整章去模板腔、局部拆解释腔、打散均匀句群、保信息重写与人物声音去同腔化。关键词：去AI味、主编式去味、多轮改稿、模板腔、解释腔、均匀句群、太像AI、重写这段。'","'要处理哪一章或哪一段？默认先做一句病灶诊断，再在三档手术强度里定档，始终保信息、保结构、保钩子。'","false","False","1","0","0","True","","0","21","风格注入锚点卡.md;科幻类AI味典型问题.md;七猫专栏OS叙事拐杖检测增补.md;去雕琢腔与透明人声校准卡.md;去AI味多轮诊断与回写模板.md;去AI味风格与排版补充.md;去AI味共享裁判规则补编.md;去AI味红线保护.md;去AI味后供血与职责复检卡.md;去AI味句级改写工具.md;去AI味三档手术强度与风险卡.md;去AI味三级改造与工具包.md;去AI味识别雷达.md;去AI味四维病灶与45条规则.md;去AI味执行清单.md;实战对比案例——从AI稿与人工稿的差异提取可复用诊断与拆洗规则.md;视角塌陷与五感替代诊断修复卡.md;腾讯专栏直白与氛围保持增补.md;AI句式替换与动作化替代清单.md;AI味高发信号与拆洗策略补充.md;OS叙事拐杖检测增补.md","False","0","True","True","False","False"
"CommonSkills\通用-多平台小说适配\SKILL.md","CommonSkill","通用-多平台小说适配","217","12","通用-多平台小说适配","'用于做章节或片段的多平台适配策略。适合平台分发前的策略设计、改写前推演与平台撞车修复。关键词：多平台适配、平台差异矩阵、改写前推演、平台撞车修复、平台风格拉开。'","'要把哪一章适配到哪些平台？默认先确认平台差异矩阵，再做改写前推演与撞车修复。'","false","False","1","0","0","True","","0","7","多平台改写前推演清单.md;平台差异矩阵.md;平台风格总则与撞车修复.md;平台节奏与付费机制补充.md;平台情绪直给度对照表.md;平台POV基线表_模板.md;人称视角双向转换适配卡.md","False","0","True","True","False","False"
"CommonSkills\通用-多平台输出编排\SKILL.md","CommonSkill","通用-多平台输出编排","408","20","通用-多平台输出编排","'用于对单章或多章执行多平台输出全流程编排。适合多平台输出 SOP、批量平台分发、断点恢复、门禁回炉与最终摘要收口。关键词：多平台输出编排、平台分发、断点恢复、门禁回炉、平台日志、最终摘要、今日头条。'","'请给我一个 chapterPath 或 chapterPaths；platforms 可以省略。若用户命令中已指定 platforms，按指定子集执行；若未指定，必须读取项目根目录 `Agents.md` 中的 `平台POV基线表` 章节获取默认输出平台列表，并识别主输出平台（主平台版本已由 `通用-创建小说正文` 写入 `小说正文/`，本编排器对主平台仅执行门禁终检，不重复改写）；若 `Agents.md` 或其中的 `平台POV基线表` 章节不存在，提示用户创建后停止。'","false","False","1","0","0","True","","0","3","多平台输出门禁与相似度规则.md;多平台输出摘要与日志规范.md;多平台输出执行总流程与断点恢复.md","False","0","False","True","False","False"
"CommonSkills\通用-大纲审阅优化闭环\SKILL.md","CommonSkill","通用-大纲审阅优化闭环","403","12","通用-大纲审阅优化闭环","'用于对指定提纲执行""审阅→修改→复审""的闭环，直到双轴评分（技法分 ≥ 6.0 / 留存分 ≥ 5.0）加权的综合评分连续两轮独立审阅在保留两位小数后均严格大于 9.20。适合大纲审阅优化 SOP、报告复用、回炉循环、评分门槛控制与最终回执收口。关键词：大纲审阅闭环、回炉到 9.20 以上、双轴评分、复审循环、主报告覆盖、提纲优化 SOP。'","'给我目标提纲路径和对象类型（总纲 / 分部 / 分卷 / 单元案）。结束条件：双轴各达标（技法≥6.0/留存≥5.0）且综合评分连续两轮严格大于 9.20。'","false","False","1","0","0","True","text","0","2","大纲审阅优化闭环总流程.md;审阅报告复用与9点2门槛.md","False","0","True","True","False","False"
"CommonSkills\通用-审阅人物传记\SKILL.md","CommonSkill","通用-审阅人物传记","461","24","通用-审阅人物传记","'用于审阅人物传记。适合检查身份归属、动机代价、能力边界、关系网、写作抓手、心理弧线与索引映射是否成立，并输出可落库、可回写的传记审阅报告。内置 Nuwa 深度审阅（心智模型、表达DNA、矛盾张力、诚实边界、决策启发式）。关键词：审人物传记、人物审阅、能力边界、关系网、心理弧线、传记报告、心智模型、表达DNA。'","'要审哪份人物传记？默认按“身份、动机、边界、关系、抓手、弧线、索引”七维体检并给最小回写建议。'","false","False","1","0","0","True","","0","6","人物传记审阅报告骨架.md;人物传记审阅报告增补.md;人物传记审阅检查清单.md;人物传记问题分级与回写建议.md;审阅维度说明.md;腾讯专栏人物审阅可演出性与辨识度增补.md","False","0","True","True","False","False"
"CommonSkills\通用-审阅分卷大纲\SKILL.md","CommonSkill","通用-审阅分卷大纲","413","24","通用-审阅分卷大纲","'用于审阅分部大纲、分卷大纲、章清单与单元案执行版。适合检查上级分配内容是否全量落地、5/15 节奏与钩子是否成立、章中回报是否存在、单元案是否能阶段闭环并供血主线，并输出可回写的分层审阅报告。关键词：审分卷、分卷审阅、章清单审阅、章中回报、卷内节奏、分层报告。'","'要审哪份分部 / 分卷 / 单元案文件？默认同时检查其上一级分配内容是否已全量落地。'","false","False","1","0","0","True","","0","4","分部与分卷审阅报告增补.md;分部与分卷审阅完整模板.md;分部与分卷审阅专属检查清单.md;腾讯专栏分卷审阅阶段目标与中段回报增补.md","False","0","True","True","False","False"
"CommonSkills\通用-审阅总大纲\SKILL.md","CommonSkill","通用-审阅总大纲","472","27","通用-审阅总大纲","'用于审阅总大纲、全书总纲与战略层文件组。适合检查总纲包对象是否完整、M0 / X / C 体系是否稳固、四阶段机制递进是否成立、单元案矩阵是否持续供血主线，并输出可回写的总纲审阅报告。关键词：审总纲、全书总纲审阅、M0、X线、C线、总纲报告。'","'要审哪组总纲层文件？默认按总纲包理解，并检查其联动关系与卖点供血。'","false","False","1","0","0","True","","0","4","腾讯专栏总纲审阅阶段规划与长线供血增补.md;总纲审阅报告增补.md;总纲审阅完整模板.md;总纲审阅专属检查清单.md","False","0","True","True","False","False"
"CommonSkills\通用-审阅故事设定\SKILL.md","CommonSkill","通用-审阅故事设定","560","28","通用-审阅故事设定","'用于审阅故事设定、手法、程序链、证据载体或规则文档。适合检查规则是否可执行、边界与代价是否明确、是否可证据化、是否具备程序摩擦与镜头化表达，并输出可落库、可回写的设定审阅报告。关键词：审故事设定、设定审阅、规则边界、证据化、程序摩擦、设定报告。'","'要审哪份故事设定文件？默认同时检查规则条款、边界代价、证据化、程序摩擦与叙事落地。'","false","False","1","0","0","True","","0","5","故事设定审阅报告增补.md;故事设定审阅检查清单.md;设定审阅报告模板.md;审阅维度说明.md;腾讯专栏故事设定可证据化与边界风险增补.md","False","0","True","True","False","False"
"CommonSkills\通用-审阅章节正文\SKILL.md","CommonSkill","通用-审阅章节正文","866","34","通用-审阅章节正文","'用于审阅章节正文的执行质量。适合检查章首抓力、中段回报、章末钩子、现实落地、规则边界、链路失配与可回写的审阅结论。内置人物执行审计（声口一致性、心智模型落地、压力反应匹配、误判/盲区触发、关系拉扯兑现）。关键词：审这章、章节审阅、章首抓力、中段回报、章末钩子、审阅报告、人物执行审计、声口检测。'","'要审哪一章或哪组章节？默认按“章首 / 中段 / 章末三处功能 + 问题分级 + 最小补丁”处理。'","false","False","1","0","0","True","","0","15","读者留存红线增补.md;七猫专栏追读留存红线增补.md;前3章冲突架构诊断卡.md;十维评分_处理方分流_钩子链与骨架忠实度补编.md;腾讯专栏章节审阅动作反应闭环增补.md;腾讯专栏章节审阅快审红线子模板.md;腾讯专栏章节审阅情绪压迫与伤害密度增补.md;腾讯专栏章节审阅手机端可读性子模板.md;腾讯专栏章节审阅追读与节奏红线增补.md;问题分级与补丁动作.md;章节链路失配审阅表.md;章节数据看板与阶段达标线.md;章节正文审阅报告骨架.md;章节正文审阅检查清单.md;章节正文审阅完整模板.md","False","0","True","True","False","False"
"CommonSkills\通用-小说项目初始化\SKILL.md","CommonSkill","通用-小说项目初始化","607","56","通用-小说项目初始化",">-","--platform 七猫 --genre 都市悬疑","false","False","1","0","0","True","","0","4","产出物规格与检查点.md;核心产出要素清单规格.md;平台上商业变现与读者情绪定位.md;叙事基础与商业执行层.md","False","0","True","True","False","False"
"CommonSkills\通用-平台签约评估框架\SKILL.md","CommonSkill","通用-平台签约评估框架","460","30","通用-平台签约评估框架","'用于以默认极严、保守、负面证据优先的口径评估作品在目标平台的签约或过稿潜力。适合统一承接评估流程骨架、分阶段准入评估、材料完整度判断、评分维度、概率区间、封顶与一票否决规则，并兼容竞争位 / 竞品威胁评估语境。评估{目标平台}项目时，强制要求使用多种可用网络搜索工具检索{目标平台}同题材 TopN 候选池（起点默认按起点中文网榜单检索，其他平台按可用性调整），并按 ""TopN 候选池 + 3–5 主压制样本 + 四层竞对拆解""做从严对照。目标平台路由优先级：用户显式指定 > Agents.md 主输出平台 > 默认回退起点中文网。关键词：平台签约评估、极严评估、分阶段准入评估、总纲预评估、分卷预评估、正文准入、过稿潜力、签约概率评估、概率区间、一票否决、竞品威胁评估、评估报告、榜单对照。"" '","'要评估哪部作品？可选指定目标平台（起点/七猫/番茄/晋江等）。若未指定平台，默认读取项目根目录 Agents.md 中的 `主输出平台` 声明作为目标平台；若 Agents.md 也不存在或未声明，再回退起点中文网。当前材料处于总纲 / 分卷 / 正文哪个阶段？本 Skill 默认即采用极严保守口径，并强制回答""当前层是否适合推进下一层""；若目标平台为起点或默认回退起点，默认会先锁定同题材 TopN 候选池，再圈定 3–5 本主压制样本做四层对照。若用户明确表示与目标作品存在直接竞争关系，或反复追问""威胁大不大 / 会不会抢名额 / 我很焦虑""，则额外切入""客观威胁评估""视角。""'","false","False","1","1","1","True","","0","17","大纲收入公式评估诊断.md;短剧改编适配度快速评估.md;番茄默认审核流程与硬门槛.md;概率分段与一票否决规则.md;晋江默认审核流程与硬门槛.md;平台错位诊断卡.md;平台签约评估报告模板.md;平台签约评估维度与权重.md;评估模式与落盘规则.md;七猫默认审核流程与硬门槛.md;起点默认审核流程与硬门槛.md;起点数据指标与爆款分层标准.md;套路赛道饱和度评估.md;腾讯专栏签约评估快审卡点与投稿成熟度增补.md;投稿成熟度审阅清单.md;研究回灌补强.md;蒸馏产物对标签约评估.md","False","0","False","True","False","False"
"CommonSkills\通用-强化章末钩子\SKILL.md","CommonSkill","通用-强化章末钩子","460","25","通用-强化章末钩子","'用于强化章节结尾的章末钩子。适合章末抢救、结尾补针、翻页感增强、下一章驱动增强与最后 150–300 字局部强化。关键词：强化章末钩子、结尾没翻页感、只修结尾、下一章驱动、最后一句、章末补针。'","'要强化哪一章的结尾？更想偏转折、揭露、危机还是未完成动作？默认先只处理最后 200 字；若钩子明显跨两段，再连同前一小段一起处理，但仍只限章末局部。'","false","False","1","0","0","True","","0","8","断章三式与章末钩子技法.md;七猫专栏章末钩子升级增补.md;腾讯专栏卡章引催更与段评互动增补.md;腾讯专栏章末卡章方法增补.md;章末补丁回写控制卡与场景职责表.md;章末钩子检查清单.md;章末钩子强度升级增补.md;章末钩子强化规则.md","False","0","True","True","False","False"
"CommonSkills\通用-强化章节开头\SKILL.md","CommonSkill","通用-强化章节开头","840","41","通用-强化章节开头","'用于强化章节开头前 150–300 字的入场抓力。适合章首抢救、首屏留存优化、异常前置、冲突前置与只修前两三段的局部强化。关键词：强化开头、章首抓人、前 150–300 字、首屏留存、开头太慢、只修前两段。'","'要强化哪一章的开头？更偏异常、冲突、困境还是悬念？默认只处理前 150–300 字与前 2–3 段。'","false","False","1","0","0","True","","0","18","反常开场十机制速查.md;钩子类型分类与样本库.md;滑梯效应与首段安抚.md;黄金三章与五类开篇钩子.md;开篇四步框架.md;七猫专栏章首前200字强化增补.md;腾讯专栏爆款文切入点与框架增补.md;腾讯专栏畅销书开篇四类型框架增补.md;腾讯专栏多作家开头设计步骤与低阅读难度共识增补.md;腾讯专栏黄金三章多维共识增补.md;腾讯专栏黄金三章三要点多作者共识增补.md;腾讯专栏开篇设定引入禁忌与主角视角增补.md;腾讯专栏开篇以情节为核心增补.md;腾讯专栏章首抓力增补规则.md;章节开头检查清单.md;章节开头强化规则.md;章首补丁回写控制卡与场景职责表.md;章首直接入冲突增补.md","False","0","False","True","False","False"
"CommonSkills\通用-执行场景单元\SKILL.md","CommonSkill","通用-执行场景单元","742","22","通用-执行场景单元","'用于设计或重写场景单元、章节场景与微型剧本。适合场景施工卡落地、动作链推进、证据入场、对话承压与控制卡到场景的职责拆解。关键词：场景单元、场景施工卡、微型剧本、动作链、证据推进、场景职责。'","'要处理哪一章或哪个场景单元？默认先搭场景目标、冲突链、动作链、证据链与钩子；若是微空间/受限空间，再叠加 通用-执行微空间受限场景。'","false","False","1","0","0","True","","0","23","场景存在理由判断.md;场景单元节奏与抓眼规则.md;场景单元施工卡模板.md;场景单元验收清单.md;场景动作后果速配表.md;场景动作失手升级清单.md;场景去模板腔清单.md;场景任务冲突与剪切推进卡.md;场景最小起伏公式.md;单场施工卡_承重beat与状态变化模板.md;对话场景子模板_声音差_潜台词_升级阶梯.md;故事流程速记-功解情与常境变.md;人物场景意外与抽象梯.md;日常裂缝启动与中段回报.md;腾讯专栏场景构筑七法与五感特色化增补.md;腾讯专栏对比技巧增补.md;腾讯专栏环境描写主角关联与有效信息增补.md;腾讯专栏期待感身份落差与不平衡循环机制增补.md;腾讯专栏期待感与不平衡机制增补.md;章节控制卡到场景责任映射表.md;知乎精华_文笔四维与交互框架.md;知乎精华_五感视角与节奏执行规则.md;职业爽点与信息差破局.md","False","0","True","True","False","False"
"CommonSkills\通用-执行对话冲突\SKILL.md","CommonSkill","通用-执行对话冲突","362","15","通用-执行对话冲突","'用于设计、重写或强化对话冲突。适合把角色对话写成立场碰撞、潜台词拉扯、信息释放与情绪升级并存的有效场景。关键词：对话冲突、盘问、谈判、争执、潜台词、关系升级。'","'要强化哪段对话？默认先明确双方诉求、隐藏意图、让步边界与冲突升级点。'","false","False","1","0","0","True","","0","7","对话冲突结构与潜台词规则.md;对话冲突失败信号.md;对话功能_格式_情绪滤镜_场景类型补编.md;对话真实感与声口分化校准卡.md;高压对话中的秘密交换与关系翻面.md;腾讯专栏心理描写不过载与动作化表达增补.md;制度语言窗口摩擦与反咬节拍.md","False","0","True","True","False","False"
"CommonSkills\通用-执行微空间受限场景\SKILL.md","CommonSkill","通用-执行微空间受限场景","152","12","通用-执行微空间受限场景","'执行微空间或受限空间场景。用于在楼道、电梯、值班室、走廊、地下车库、出租屋、候诊区、办公室后区等熟悉空间里，把空间常态、微反常、人物动作、后果升级与证据入场咬成一个可落地的场景引擎；执行时必须先加载 通用-执行场景单元，再叠加本 Skill 的微空间专项工法。适合微空间惊悚、受限场景压迫、日常异化场景设计。'","'要处理哪个微空间或受限场景？默认先走 通用-执行场景单元 搭骨架，再补空间常态、反常细节、动作压力与可复盘后果。'","false","False","0","0","0","False","","0","8","微反常升级梯子.md;微空间场景模式.md;微空间场景施工卡模板.md;微空间动作后果速配表.md;微空间动作失手升级清单.md;微空间去模板腔清单.md;微空间受限场景保真规则.md;微空间执行检查表.md","False","0","False","True","False","False"
"CommonSkills\通用-提纯多平台母稿\SKILL.md","CommonSkill","通用-提纯多平台母稿","182","14","通用-提纯多平台母稿","'提纯多平台输出前的中文母稿。用于在不同平台改写前，把正文母稿修成信息稳、事件链稳、情绪主轴清、证据与规则关键点不丢、追读链完整、平台可分化的高质量源稿，避免后续平台适配建立在松散底稿上。适合多平台前置精修、母稿加固、跨平台源稿提纯。'","'要把哪一章或哪份母稿提纯到可供多平台改写？默认按“保事件链、保情绪主轴、保钩子，去平台口癖与重复壳层”处理。'","false","False","0","0","0","False","","0","2","多平台母稿提纯规则.md;多平台母稿提纯检查清单.md","False","0","True","True","False","False"
"CommonSkills\通用-撰写书评\SKILL.md","CommonSkill","通用-撰写书评","157","11","通用-撰写书评","'用于撰写、重写或审计小说书评。适合把全书 / 分部 / 分卷 / 分章的阅读体验、核心卖点、平台传播口径与非剧透钩子写成可直接发布的书评文件。关键词：撰写书评、推荐文案、分章安利、平台推荐评述、非剧透书评、今日头条。'","'要写哪一层级的书评？默认按“范围 + 目标平台 + 写作角度 + 可公开卖点”处理。'","false","False","0","0","0","False","","0","7","按平台拆分的推荐型书评模板组.md;非剧透种草句与短评写法.md;平台与角度适配矩阵.md;普通读者推荐型书评框架与种草切口.md;书评类型结构与通用硬规则.md;书评落盘与交付约束.md;GEO书评优化规则.md","False","0","True","True","False","False"
"CommonSkills\通用-撰写内容简介\SKILL.md","CommonSkill","通用-撰写内容简介","257","19","通用-撰写内容简介","'用于撰写、重写或审计作品的内容简介。简介即开篇——读者看简介的决策模式与看开头完全一致：在 3–5 秒内决定要不要点开。适合把题材卖点、主角处境、核心冲突、持续承诺与情绪抓手压缩成平台可用文本，支持全层级（全书/分部/分卷/章节）简介。关键词：内容简介、作品简介、平台简介、卖点压缩、简介重写、简介审计、简介同构。'","'要写哪部作品的内容简介？默认按""题材 + 主角 + 核心冲突 + 平台长度要求""处理。若要写分部/分卷/章节简介，需给出对应层级的核心事件描述。'","false","False","1","0","0","True","","0","15","简介交易本质自检.md;简介落盘与版本管理.md;简介切片原则.md;简介三句法.md;内容简介结构模板与压缩规则.md;平台简介差异提醒.md;情境钩子与心理价值写法.md;腾讯专栏简介多编辑规范增补.md;腾讯专栏简介取巧法与平台风格分类增补.md;腾讯专栏简介三要素与职业身份具体化增补.md;腾讯专栏简介首句与标签增补.md;腾讯专栏简介五要五不要增补.md;腾讯专栏简介圆桌多维增补.md;信息差与认知缺口.md;GEO简介优化规则.md","False","0","False","True","False","False"
"CommonSkills\通用-正文润色\SKILL.md","CommonSkill","通用-正文润色","431","15","通用-正文润色","'用于润色已有章节正文。适合整章精修、局部重写、节奏提纯、章首抓力增强、中段回报提亮与章末钩子收紧。关键词：润这章、精修正文、整章精修、局部重写、节奏提纯、直接回写。'","'要润哪一章、哪一场景或哪几段？默认按“已有完整草稿 + 直接回写 + 先保功能再修文笔”处理。'","false","False","0","0","0","False","","0","34","场面写作指导与好词好句好段.md;抽象梯与事实转译补强.md;感官链与生理反应补强.md;功能句保真改写示例卡.md;关键剧情识别与详略诊断.md;画面感强化技法.md;技术描写可视化规则.md;景物写作指导与好词好句好段.md;静态写作指导与好词好句好段.md;七猫专栏阅读性价比与手机端适配增补.md;去斧凿痕与透明叙述校准卡.md;润色后链路职责保真复核卡.md;删解释保信息的压缩动作卡.md;视角与叙述距离修正.md;腾讯专栏文字流畅四层次增补.md;腾讯专栏行文手感与简洁节奏增补.md;贴脸段中距段过桥段动作卡.md;系统性修文三要素复盘法.md;肖像写作指导与好词好句好段.md;心理写作指导与好词好句好段.md;行动写作指导与好词好句好段.md;语言写作指导与好词好句好段.md;阅读性价比与手机端适配增补.md;正文润色保真迁移规则.md;正文润色高级强化技法.md;正文润色检查清单.md;正文润色句级动作库.md;正文润色扩展参考路由.md;正文润色流程.md;正文润色数值双轨禁忌与沉浸控制.md;正文润色增强技法与读者机制.md;正文润色执行流程与输出规范.md;正文润色总裁判与默认交付.md;Phase0-3创作修订一体化节拍.md","False","0","True","True","False","False"
"CommonSkills\通用-润色作者有话说\SKILL.md","CommonSkill","通用-润色作者有话说","161","12","通用-润色作者有话说","'润色章节后的 `## 作者有话说`。用于把作者有话说修成读者向小剧场：一丢丢创作花絮 + 一点贴着本章余波的情绪共鸣 + 一个开放式轻追问，而不是创作说明会、设定讲义或章节总结。适合发布前精修、后记前小剧场重写、把作者有话说从复盘腔改回读者腔。'","'要润色哪一章的 `## 作者有话说`？重点想增强什么感觉？默认按“一个小细节 + 一点贴着本章余波的情绪共鸣 + 一个开放式轻追问；不剧透、不讲创作会、不写设定说明”处理。'","false","False","0","0","0","False","","0","3","腾讯专栏作者有话说互动固粉增补.md;作者有话说读者向规则.md;作者有话说检查清单.md","False","0","True","True","False","False"
"CommonSkills\通用-深度研究\SKILL.md","CommonSkill","通用-深度研究","431","14","通用-深度研究","""专用于小说写作的结构化深度研究 Skill。支持对题材趋势、平台生态、专业知识、场景环境、人物原型、写作技法、读者市场等研究域，执行大纲生成→并行深搜→报告输出的全流程深度调研。关键词：深度研究、写作研究、题材调研。""","""研究什么课题？例如：起点中文网都市悬疑题材2025-2026趋势。可选指定研究域：题材趋势/平台生态/专业知识/场景环境/人物原型/写作技法/读者市场。""","true","False","1","0","0","True","","0","1","元数据归档.md","False","0","False","True","False","False"
"CommonSkills\通用-深度研究\research\SKILL.md","CommonSkill","research","212","12","通用-深度研究-初步研究","对小说写作相关话题进行初步调研，生成调研outline。用于题材趋势、平台生态、专业知识、场景环境、人物原型、写作技法、读者市场等研究域的深度调研。","","false","True","0","0","0","False","System.Object[]","0","0","","False","0","False","True","False","False"
"CommonSkills\通用-深度研究\research-add-fields\SKILL.md","CommonSkill","research-add-fields","36","3","通用-深度研究-追加字段","向现有小说写作调研outline补充字段定义。优先补充对创作者有直接价值的""创作可迁移""维度字段。","","false","True","0","0","0","False","","0","0","","False","0","False","True","False","False"
"CommonSkills\通用-深度研究\research-add-items\SKILL.md","CommonSkill","research-add-items","34","3","通用-深度研究-追加课题","向现有调研outline补充items（调研对象）。","","false","True","0","0","0","False","","0","0","","False","0","False","True","False","False"
"CommonSkills\通用-深度研究\research-deep\SKILL.md","CommonSkill","research-deep","177","15","通用-深度研究-深度探索","读取调研outline，为每个item启动独立agent，从小说创作者视角进行深度调研。禁用task output。","","false","True","0","0","0","False","System.Object[]","0","0","","False","0","False","True","False","False"
"CommonSkills\通用-深度研究\research-en\research\SKILL.md","CommonSkill","research","149","11","deep-research-preliminary","Conduct preliminary research on a topic and generate research outline. For academic research, benchmark research, technology selection, etc.","","false","True","0","0","0","False","python","0","0","","False","0","False","False","False","False"
"CommonSkills\通用-深度研究\research-en\research-add-fields\SKILL.md","CommonSkill","research-add-fields","36","3","deep-research-add-fields","Add field definitions to existing research outline.","","false","True","0","0","0","False","","0","0","","False","0","False","False","False","False"
"CommonSkills\通用-深度研究\research-en\research-add-items\SKILL.md","CommonSkill","research-add-items","34","3","deep-research-add-items","Add items (research objects) to existing research outline.","","false","True","0","0","0","False","","0","0","","False","0","False","False","False","False"
"CommonSkills\通用-深度研究\research-en\research-deep\SKILL.md","CommonSkill","research-deep","104","12","deep-research-deep","Read research outline, launch independent agent for each item for deep research. Disable task output.","","false","True","0","0","0","False","python","0","0","","False","0","False","False","False","False"
"CommonSkills\通用-深度研究\research-en\research-report\SKILL.md","CommonSkill","research-report","97","3","deep-research-report","Summarize deep research results into markdown report, cover all fields, skip uncertain values.","","false","True","0","0","0","False","python","0","0","","False","0","False","False","False","False"
"CommonSkills\通用-深度研究\research-report\SKILL.md","CommonSkill","research-report","139","4","通用-深度研究-研究报告","将 deep 调研结果汇总为小说创作者可直接使用的 Markdown 研究报告，覆盖所有字段，跳过不确定值。报告落盘到项目或题材的 `写作研究/` 目录。","","false","True","0","0","0","False","System.Object[]","0","0","","False","0","False","True","False","False"
"CommonSkills\通用-生成章节控制卡\SKILL.md","CommonSkill","通用-生成章节控制卡","579","24","通用-生成章节控制卡","'用于生成写前章节控制卡、章节施工卡或章节作战卡。适合写前施工、场景拆分、中段回报预埋、章末钩子预埋与上游供血对齐。关键词：章节控制卡、施工卡、作战卡、中段回报、章末钩子、写前施工。'","'要给哪一章或哪组章纲生成控制卡？默认同时检查卷纲、冷线、回报、章末钩子与章名候选。'","false","False","1","0","0","True","","0","14","场景单元拆分法.md;九部件预埋与进度节奏微表.md;逻辑时间线与爽点展开法.md;上游供血对齐与回填接口表.md;爽点递进与300_1000_3000节奏锚点.md;腾讯专栏动作反应两对完整结构增补.md;腾讯专栏动作反应施工增补.md;腾讯专栏情节细节坐标轴与新人禁忌增补.md;腾讯专栏情节细节坐标轴与新人九项禁区增补.md;唯一职责_beat_情感弧_钩子链_就绪判定补编.md;章节标准模板与钩子轮换施工卡.md;章节控制卡保真规则.md;章节控制卡模板.md;中段回报与章末钩子检查表.md","False","0","True","True","False","False"
"CommonSkills\通用-章节创作闭环\SKILL.md","CommonSkill","通用-章节创作闭环","697","13","通用-章节创作闭环","'用于对单章或连续多章执行""初始化→控制卡→创作→润色→去AI味→审阅回炉→读者产物→摘要""的完整章节闭环。适合章节写作 SOP、批量写章、日志续跑、9.2+ 回炉与最终摘要收口。关键词：章节创作闭环、跑完整 SOP、批量写章、回炉到 9.2、日志续跑、最终摘要。'","'给我 OUTLINE_FILE 与 CHAPTER_FILE；若是多章，可给 CHAPTER_FILES[] / CHAPTER_BATCH[]，默认直到评分达标再结束。'","false","False","1","0","0","True","","0","9","步骤2正文四拍与钩子轮换门禁.md;单元主线编排与节奏配比.md;九部件与进度节奏续跑卡.md;三批次修订SOP与门禁节奏.md;章节创作闭环总流程与完成出口.md;章节链路闭环复核与回写决策卡.md;章节路径推导与工件命名.md;章节批量模式与连续性日志.md;章节终审门槛与摘要规范.md","False","0","True","True","False","False"
"CommonSkills\通用-管理连续性冷热线\SKILL.md","CommonSkill","通用-管理连续性冷热线","161","11","通用-管理连续性冷热线","'用于管理章节与卷层的连续性、冷热线、动态状态与回归压力。适合写前判断该回什么、写后更新动态状态、检查中段失温与追踪章节链路热度。关键词：连续性、冷热线、谁该回来了、哪些线快忘了、动态状态、失温检查。'","'要检查哪一卷、哪几章或哪份动态状态？若用户未指定扫描对象，则默认扫描人物、关系、主支线、伏笔、旧债与未兑现情绪债务这 6 类对象；若用户已指定范围，则只检查该范围内直接相关的对象。若卷、章节或动态状态无效，先提示重新输入有效值；在参数校正完成前，不进入扫描。'","false","False","0","0","0","False","","0","6","动态状态模板.md;归档更新_决策日志_进度追踪补编.md;合理休眠说明模板.md;冷线复查与回归决策表.md;连续性与冷热线保真规则.md;章节链路热度与回写层级表.md","False","0","True","True","False","False"
"CommonSkills\通用-组包投稿材料\SKILL.md","CommonSkill","通用-组包投稿材料","290","18","通用-组包投稿材料","'用于组装、审计或补强作品投稿材料包。适合把书名、简介、连续正文、总大纲、第 1 卷卷纲、人物、卖点与平台说明整合成可投递、可解释、可快速评估的版本化投稿包。关键词：组包投稿材料、投稿包、版本化投稿包、缺件判断、投稿落盘。'","'要组哪个平台或渠道的投稿包？默认读取项目根目录 `Agents.md` 获取主输出平台作为投稿目标平台；若未配置，需用户显式指定目标平台。按""现有材料盘点 + 平台标准 + 缺口补齐顺序""执行。'","false","False","0","0","0","False","","0","8","起点内投材料四件套与裁判标准.md;审核信号吸收与组包质量闸门.md;腾讯专栏投稿格式与审稿流程增补.md;腾讯专栏邮件投稿圆桌规范增补.md;投稿材料包清单与排序.md;投稿材料常见失分点.md;投稿材料落盘与回执规则.md;组包自检模板与风险矩阵模板.md","False","0","True","True","False","False"
"CommonSkills\通用-蒸馏作品蓝本\SKILL.md","CommonSkill","通用-蒸馏作品蓝本","530","17","通用-蒸馏作品蓝本","'用于蒸馏一部成功小说的叙事架构 DNA、故事线台账、套路指纹与读者吸引留存策略，产出可被下游写/审/改 Skill 消费的""作品蓝本模板""。蒸馏优先级：书名策略 > 内容简介 > 黄金三章 > 章标题/章首/章末模式 > 套路配置 > 故事线台账。适合把一部作品的""读者为何点开/为何追读""的核心回路提炼为可参照的结构约束。关键词：蒸馏作品蓝本、叙事架构DNA、故事线台账、读者吸引指纹、黄金三章拆解、书名策略、套路指纹、章标题策略、钩子指纹、交叉蒸馏。'","'要蒸馏哪部作品作为蓝本？默认需要指定作品名与章节范围；蒸馏优先级：读者吸引层 > 结构层 > 仿写层。支持多作品交叉蒸馏。'","true","False","1","0","0","True","","0","8","多蓝本协同与执行流程.md;仿写内核提取与骨架模型.md;故事线识别阶段（Phase 1.5）.md;结构DNA符合度审计.md;商业层与吸引层蒸馏方法.md;套路指纹分类体系.md;叙事引擎与神似层提炼.md;作品蓝本模板格式定义.md","False","0","True","True","False","False"
"CommonSkills\通用-蒸馏作者文风\SKILL.md","CommonSkill","通用-蒸馏作者文风","282","15","通用-蒸馏作者文风","'用于蒸馏一位小说作者的文笔 DNA，产出可被下游写/审/改 Skill 消费的""作者风格模板""。适合把作者的多部作品的文笔特征提炼为可测量的风格约束（句长基线、段落节奏、感官偏好、对话标签偏好、比喻指纹、禁忌清单），并在目标项目根目录自动注册到 Agents.md。关键词：蒸馏作者文风、作者风格模板、文笔DNA、风格注入、文风复刻。'","'要蒸馏哪位作者的文风？默认需要指定作者名与至少一部作品作为取样来源；支持多作品混合蒸馏。'","true","False","1","0","0","True","","0","9","多作者风格融合策略.md;仿写文风适配指南模板.md;风格DNA符合度审计.md;轻量语感蒸馏模式.md;文风可移植性评估与移植技法.md;写作思维模型与神似层提炼.md;蒸馏维度详解（16维）.md;执行流程检查点清单.md;作者风格模板格式定义.md","False","0","True","True","False","False"
"CommonSkills\通用-蒸馏写作研究\SKILL.md","CommonSkill","通用-蒸馏写作研究","222","12","通用-蒸馏写作研究","'用于从写作研究报告（题材×平台级）中提取可执行写作约束，产出""写作研究模板""，作为下游写/审/改 Skill 的题材×平台默认约束基线。蒸馏源默认扫描小说项目根""写作研究/""目录 + ""调研报告/""目录 + ""CommonSkills/写作研究/""目录；支持指定目录、文件、URL 或 网络搜索内容。关键词：蒸馏写作研究、研究报告提取、题材平台约束、写作约束基线、规则提取。'","'要蒸馏哪份写作研究？可指定目录/文件/URL/网络搜索；默认扫描当前项目的写作研究目录 + 调研报告目录 + CommonSkills/写作研究目录。'","true","False","1","0","0","True","","0","6","仿写约束提取指南.md;写作研究模板格式定义.md;约束符合度审计.md;约束提取方法论.md;约束依赖与版本漂移.md;执行流程详细检查点.md","False","0","True","True","False","False"
"CommonSkills\通用-补充构建素材库\SKILL.md","CommonSkill","通用-补充构建素材库","602","7","通用-补充构建素材库","""用于在已有素材库目录（默认：项目根/素材库/）中定向补充、扩写或新建素材条目。适合素材库缺件诊断、定向搜索补充、按格式落盘、同步更新总索引与搜索日志的全流程闭环操作。关键词：补充素材、素材库缺件、素材收集、桥段池补全、人物设定填充、名场面扩写、搜索补素材、素材格式标准化。""","""要补充哪个素材池？缺什么类型/维度的素材？当前项目路径？若未指明目标池或缺口，先检查总索引（00_素材库总索引.md）各池素材密度与覆盖方向，给出缺件报告后再执行补充。""","true","False","1","0","0","True","","0","3","各池条目录入模板.md;缺件诊断检查表.md;搜索日志记录模板.md","False","0","False","True","False","False"
"CommonSkills\通用-设计事件案件引擎\SKILL.md","CommonSkill","通用-设计事件案件引擎","122","10","通用-设计事件案件引擎","'用于设计单元案、案件母板或事件引擎。适合把局部事件做成可供章节拆分、主线供血、规则显影、人物代价与案件余波同时成立的结构骨架。这里的“主线供血”默认指：推进主线关键问题、补入可回收拼图或抬升核心冲突压力。关键词：事件案件引擎、单元案、证据链、嫌疑池、案件余波、主线供血。'","'要设计哪个单元案 / 案件 / 事件？默认同时检查它与主线、伏笔、线索台账和嫌疑池的连接关系。'","false","False","0","0","0","False","","0","9","案件余波与主线供血检查表.md;事件案件母板模板.md;事件案件引擎保真规则.md;腾讯专栏冲突生活化与信息差设计增补.md;腾讯专栏反套路设定与多冲突线并进技巧增补.md;腾讯专栏无意识装逼与扮猪吃虎交替机制增补.md;腾讯专栏YY式被冤枉桥段增补.md;证据链排序模板.md;证据链与嫌疑池设计法.md","False","0","False","True","False","False"
"CommonSkills\通用-设计人物传记\SKILL.md","CommonSkill","通用-设计人物传记","826","29","通用-设计人物传记","'用于设计、重写、补强人物传记。适合产出可回指、可核查、可直接调用的人物裁判源，并统一承接传记模板、动机代价、能力边界、关系网、成长时间线、价值观与心理弧线。内置 Nuwa 深度人物心智模型注入（心智模型提炼、表达DNA、决策启发式、矛盾张力、诚实边界）。关键词：设计人物传记、人物裁判源、成长时间线、价值观、关系网、心理弧线、心智模型、表达DNA、决策启发式。'","'要设计或重写哪个人物传记？默认按“外层识别、成长时间线、动机、价值观、边界、关系、抓手、心理弧线、索引”完整落地。'","false","False","1","0","0","True","","0","17","弧光四象限与配角独立动机.md;缺陷执念秘密与反派动机.md;人物传记最小结构模板.md;人物七变量与三维校准.md;人物文件落盘与三级索引规则.md;腾讯专栏反派Boss深层目的包装增补.md;腾讯专栏角色脸谱化先导与不弃配角增补.md;腾讯专栏脸谱化人物初步增补.md;腾讯专栏七位作者人设金句增补.md;腾讯专栏人物极致化与反差化增补.md;腾讯专栏人物身份外貌性格三维极致增补.md;腾讯专栏人物行动显性格增补.md;完整精简模板_动态状态_行为记录补编.md;心理弧线与索引规则.md;正文可调用素材清单.md;质量控制与验证流程.md;nuwa-深度人物心智模型注入.md","False","0","True","True","False","False"
"CommonSkills\通用-设计分卷大纲\SKILL.md","CommonSkill","通用-设计分卷大纲","633","25","通用-设计分卷大纲","'用于设计分部大纲、分卷大纲、卷纲、章清单与章节微型剧本。适合分卷拆解、章清单落地、卷级启动表编排、卷内节奏校准与故事面承接映射。关键词：分卷大纲、卷纲、章清单、卷级启动表、章节微型剧本、卷内节奏。'","'要创建或修改哪个分部/分卷文件？若用户未给目标文件或未说明上一级分配来源，先指出缺项并停在补参；补参完成后，默认同时说明其上一级分配来源，并检查是否已全量落地。'","false","False","2","0","0","True","","0","7","标题规范与章节验收增强.md;超长篇分卷节奏与单元闭环.md;分部模板.md;分部与分卷设计规则.md;分卷模板与章节工件.md;故事面承接与卷章落点核对表.md;卷级四段推进与关键点布置表.md","False","0","True","True","False","False"
"CommonSkills\通用-设计封面生图提示词\SKILL.md","CommonSkill","通用-设计封面生图提示词","111","10","通用-设计封面生图提示词","'用于设计、重写或审计小说封面生图提示词。适合把题材核心意象、人物识别、主色调、构图、风格限制、禁行元素与平台展示约束整理成可交付方案。关键词：封面提示词、封面生图、主视觉、构图、主色调、平台展示。'","'要设计哪部作品的封面生图提示词？默认按“题材 + 主角气质 + 关键意象 + 缩略图与平台展示约束”处理；这里默认包括缩略图可识别性、标题区留白、主体是否会被裁切、读者第一眼情绪与平台常见展示环境。'","false","False","0","0","0","False","","0","4","封面避坑与平台展示提醒.md;封面提示词结构与约束.md;平台封面策略矩阵.md;文字安全与落盘规范.md","False","0","False","True","False","False"
"CommonSkills\通用-设计总大纲\SKILL.md","CommonSkill","通用-设计总大纲","1210","36","通用-设计总大纲","'用于设计或重写总大纲、全书总纲与战略层文件组。适合总纲搭建、M0 / X / C 规划、跨卷推进、终局闭环与总纲级验收。关键词：总大纲、全书总纲、M0、X线、C线、跨卷推进、终局闭环。'","'要创建或修改哪组总纲层文件？默认按总纲包理解，而不是只看单一主文件。'","false","False","1","0","0","True","","0","15","超长篇卷宗式架构与阶段目标.md;大纲公共裁判规则与统一编号体系.md;九部件规划与六问总纲质检表.md;模板化大纲_节奏地图_决策日志补编.md;三卷万能骨架模板.md;四部分结构与关键转折点进度表.md;腾讯专栏大纲前中后规划法与能力线增补.md;腾讯专栏六步开书与串糖葫芦节奏增补.md;腾讯专栏素材转危机设定与现实题材避免悬浮增补.md;腾讯专栏写作地基结构增补.md;腾讯专栏写作两层级增补.md;腾讯专栏写作两级框架与大纲细纲增补.md;腾讯专栏主角代入感与生活化开局增补.md;总纲模板与验收.md;总纲设计骨架与对象定义.md","False","0","True","True","False","False"
"CommonSkills\通用-设计故事设定\SKILL.md","CommonSkill","通用-设计故事设定","712","27","通用-设计故事设定","'设计、重写或补强故事设定、手法、程序链、证据载体或规则文档。用于产出可叙事化、可证据化、边界与代价明确的作者侧设定裁判源，覆盖规则条款、误导与证伪、程序摩擦、镜头包、实际文件写回与跨阶段演进。适合故事设定创建、手法重构、证据链补丁与规则边界修复。'","'要设计或重写哪个故事设定文件？默认同时补规则条款、证据映射、程序摩擦、镜头包、验证流程与写回策略。'","false","False","1","0","0","True","","0","12","创新性要素库与阶段红线.md;故事设定模板与镜头包.md;结构规范与真实感要求.md;金手指三阶段成长与代价闸门.md;科学对冲玄学与能力代价设计.md;世界规则分层_事实更新_真相版本补编.md;示例格式与验证流程.md;腾讯专栏金手指与世界观设定增补.md;现实职业绑定与前三章验证.md;长篇演进与城市语境.md;证据链与程序摩擦规则.md;中国语境与一致性检查.md","False","0","True","True","False","False"
"CommonSkills\通用-设计故事面\SKILL.md","CommonSkill","通用-设计故事面","351","18","通用-设计故事面","'用于设计、重写或审计故事面。适合故事面搭建、卷级供血检查、硬抓手补强、跨卷交接与可拆卷可拆章的故事面重构。关键词：故事面、一句话谜面、供血、硬抓手、卷级推进、跨卷交接。'","'要设计或重写哪个故事面？若用户只说“帮我做故事面”，却未说明对应角色、核心冲突或它与主线的交接接口，先指出缺项并要求补充；若一时给不全，先按 `assets/故事面模板.md` 列出待确认栏位与最小假设，只输出待确认版，不直接定稿。默认输出可直接保存的故事面文件与可执行检查清单。'","false","False","0","0","0","False","","0","6","故事面常见失误与修正.md;故事面到分卷供血映射卡.md;故事面设计规则.md;人性锚点与社会议题耦合.md;爽点模式库与三阶节拍.md;主题显影与人物弧线耦合.md","False","0","True","True","False","False"
"CommonSkills\通用-设计标题\SKILL.md","CommonSkill","通用-设计标题","391","16","通用-设计标题","'用于设计、筛选、重排和审计小说的全层级标题系统——包括全书书名、分部标题、分卷标题与章节标题。标题即开篇——读者看标题的决策模式与看开头完全一致，但标题受字数限制更严格，且各平台显示规则不同。适合为全书、分部、分卷、多平台版本或逐章生成真正像书名的候选标题，并形成可复盘的命名方案。关键词：设计标题、书名候选、平台适配书名、标题系统、章标题、分卷标题、标题字数限制、标题Hook。'","'要设计哪一层级的名字（全书/分部/分卷/章节）？默认按""层级 + 目标平台 + 命名气质 + Rubric 评分 + 分层一致性""处理。若要批量设计章标题，需给出成批章节的章纲/控制卡。'","false","False","1","0","0","True","","0","13","点击吸引点与书名边界.md;候选书名文件模板.md;平台书名策略矩阵.md;书名交付与写回规则.md;书名评分与排序规则.md;书名设计流程与评估维度.md;书名吸量公式与词汇库.md;腾讯专栏女频书名热词亮点方法增补.md;腾讯专栏签约冲刺书名站点差异增补.md;腾讯专栏书名包装三法增补.md;腾讯专栏书名动词与亮点增补.md;腾讯专栏书名七要点增补.md;GEO标题优化规则.md","False","0","False","True","False","False"
"CommonSkills\通用-设计线索伏笔与回收台账\SKILL.md","CommonSkill","通用-设计线索伏笔与回收台账","135","11","通用-设计线索伏笔与回收台账","'用于设计、重写或维护线索台账、伏笔台账与回收计划。适合把线索、嫌疑、误导、伏笔、回收窗口与兑现后果写成作者可审计、可回指、可跨卷追踪的统一账本。关键词：线索台账、伏笔台账、回收计划、回收窗口、兑现后果、推理公平性。'","'要处理哪份线索/伏笔台账？默认同时检查字段结构、回收窗口与下游正文可调用性。'","false","False","0","0","0","False","","0","10","超长篇伏笔台账与回收节奏.md;道具呼应弧线与出场追踪.md;伏笔回收质量评级与占比目标.md;伏笔类型分类与回收周期.md;回收窗口与兑现检查.md;台账字段与分层规则.md;腾讯专栏铺垫反转关系与伏笔回收增补.md;腾讯专栏悬疑线索与铺垫规则增补.md;推理公平性与谜底兑现检查.md;悬念管理与钩子链节律补编.md","False","0","True","True","False","False"
"CommonSkills\通用-设计题材定位框架\SKILL.md","CommonSkill","通用-设计题材定位框架","1125","22","通用-设计题材定位框架","'用于设计或校准作品的题材定位框架。适合从零生成故事概念、题材定位、平台校准、读者承诺梳理与创新组合整理。关键词：题材定位、概念工厂、PK筛选、平台口径、主角抓手、现实锚点、代价锚点、创新组合、代偿原型、套路定位。'","'要做题材定位还是使用概念工厂生成新故事概念？默认执行完整定位流程；若需从零生成概念并在多方案中PK，先执行概念工厂模块。'","false","False","1","0","0","True","","0","18","爱奇艺文学平台作品标签库.md;创新组合写法模板.md;豆瓣阅读平台作品标签库.md;番茄小说平台作品标签库.md;立意升维与如果会怎样问题链.md;平台定位与追读承诺检查表.md;七猫平台作品标签库.md;腾讯专栏读者爽感与财色权武增补.md;腾讯专栏题材背景三类坐标系增补.md;腾讯专栏题材金手指融合方法与核心点增补.md;腾讯专栏题材库与生活化增补.md;腾讯专栏文风平台匹配增补.md;腾讯专栏YY缺什么补什么增补.md;题材定位保真规则.md;外部PK评估输出模板.md;微创新框架与人设情节创新.md;现实锚点与代价锚点矩阵.md;知乎盐选平台作品标签库.md","False","0","True","True","False","False"
"CommonSkills\通用-输出B站版\SKILL.md","CommonSkill","通用-输出B站版","194","16","通用-输出B站版","'用于把小说章节改写为更适合 B 站语境的版本。适合强调年轻读者可读性、节奏清晰、梗感节制、讨论度与视听化场景感的正文输出；当前先承接已存在题材，后续可供更多题材复用。关键词：输出B站版、B站、年轻读者、视听化改写。'","'要把哪一章输出为 B 站版？默认按“保留核心信息 + 年轻读者可读性 + 直接按平台骨架改写”处理。'","false","False","0","0","0","False","","0","3","分节级补救映射与详细规则回填.md;跨题材共性与迁移来源.md;平台共性执行细则.md","False","0","False","True","False","False"
"CommonSkills\通用-输出GoodNovel版\SKILL.md","CommonSkill","通用-输出GoodNovel版","213","18","通用-输出GoodNovel版","'用于把小说章节改写为更适合 GoodNovel 平台的英文版本。适合强调情绪黏性、关系张力、顺滑英文表达与持续阅读意愿的正文输出；供多个题材的 `题材名-输出GoodNovel版` 包装层路由使用。关键词：输出GoodNovel版、GoodNovel、英文平台、关系张力。'","'要把哪一章输出为 GoodNovel 版？默认按“保留核心信息 + 英文情绪张力强化 + 直接按平台骨架改写”处理。'","false","False","0","0","0","False","","0","4","分节级补救映射与详细规则回填.md;跨题材共性与迁移来源.md;平台共性执行细则.md;平台研究补充_GoodNovel都市悬疑.md","False","0","False","True","False","False"
"CommonSkills\通用-输出My Fiction版\SKILL.md","CommonSkill","通用-输出My Fiction版","209","18","通用-输出My Fiction版","'用于把小说章节改写为更适合 My Fiction 平台的英文版本。适合强调关系黏性、持续追更、互动感、轻强情绪与英文平台可读性的正文输出；供多个题材的 `题材名-输出My Fiction版` 包装层路由使用。关键词：输出My Fiction版、My Fiction、英文平台、互动追更。'","'要把哪一章输出为 My Fiction 版？默认按“保留核心信息 + 英文互动追更感强化 + 直接按平台骨架改写”处理。'","false","False","0","0","0","False","","0","4","分节级补救映射与详细规则回填.md;跨题材共性与迁移来源.md;平台共性执行细则.md;平台研究补充_MyFiction都市悬疑.md","False","0","False","True","False","False"
"CommonSkills\通用-输出WebNovel版\SKILL.md","CommonSkill","通用-输出WebNovel版","213","18","通用-输出WebNovel版","'用于把小说章节改写为更适合 WebNovel 平台的英文版本。适合强调跨文化可读性、移动端阅读节奏、清晰因果链与全球年轻读者易读性的正文输出；供多个题材的 `题材名-输出WebNovel版` 包装层路由使用。关键词：输出WebNovel版、WebNovel、英文平台、跨文化改写。'","'要把哪一章输出为 WebNovel 版？默认按“保留核心信息 + 跨文化可读性强化 + 直接按平台骨架改写”处理。'","false","False","0","0","0","False","","0","4","分节级补救映射与详细规则回填.md;跨题材共性与迁移来源.md;平台共性执行细则.md;平台研究补充_WebNovel都市悬疑.md","False","0","False","True","False","False"
"CommonSkills\通用-输出七猫版\SKILL.md","CommonSkill","通用-输出七猫版","214","17","通用-输出七猫版","'用于把小说章节改写为更适合七猫平台的版本。适合强调免费阅读、直给反馈、强情节推进、追读驱动与平台节奏压缩的正文输出；当前先承接已存在题材，后续可供更多题材复用。关键词：输出七猫版、七猫免费小说、七猫平台、免费阅读改写。'","'要把哪一章输出为七猫版？默认按“保留核心信息 + 七猫读者抓点 + 直接按平台骨架改写”处理。'","false","False","0","0","0","False","","0","4","分节级补救映射与详细规则回填.md;跨题材共性与迁移来源.md;平台共性执行细则.md;七猫社区创作知识体系.md","False","0","False","True","False","False"
"CommonSkills\通用-输出今日头条版\SKILL.md","CommonSkill","通用-输出今日头条版","193","18","通用-输出今日头条版","'用于把小说章节改写为更适合今日头条平台的版本。适合强情节、弱冗余、开篇钩子密集、互动驱动为核心的正文输出；供多个题材的 `题材名-输出今日头条版` 包装层路由使用。关键词：输出今日头条版、今日头条平台、强钩子改写、互动驱动、社交媒体小说。'","'要把哪一章输出为今日头条版？默认按""开篇钩子密集 + 强情节弱冗余 + 互动驱动 + 中等节奏推进""处理。'","false","False","0","0","0","False","","0","5","分节级补救映射与详细规则回填.md;跨题材共性与迁移来源.md;平台共性执行细则.md;平台实战经验与成长建议.md;POV选择指南.md","False","0","True","True","False","False"
"CommonSkills\通用-输出出版社版\SKILL.md","CommonSkill","通用-输出出版社版","212","18","通用-输出出版社版","'用于把小说章节改写为更接近传统出版社审稿口味的版本。适合强调文笔克制、逻辑自洽、出版可读性、结构完整与审读友好的正文输出；供多个题材的 `题材名-输出出版社版` 包装层路由使用。关键词：输出出版社版、传统出版、纸媒投稿、出版社风格。'","'要把哪一章输出为出版社版？默认按“保留核心信息 + 审读友好强化 + 直接按平台骨架改写”处理。'","false","False","0","0","0","False","","0","4","分节级补救映射与详细规则回填.md;跨题材共性与迁移来源.md;平台共性执行细则.md;平台研究补充_传统出版社都市悬疑.md","False","0","False","True","False","False"
"CommonSkills\通用-输出小红书版\SKILL.md","CommonSkill","通用-输出小红书版","192","16","通用-输出小红书版","'用于把小说章节改写为更适合小红书语境的版本。适合强调体感、画面感、情绪即时反馈、分享冲动与移动端快速吸附的正文输出；当前先承接已存在题材，后续可供更多题材复用。关键词：输出小红书版、小红书、强体感改写、分享型平台。'","'要把哪一章输出为小红书版？默认按“保留核心信息 + 强体感表达 + 直接按平台骨架改写”处理。'","false","False","0","0","0","False","","0","3","分节级补救映射与详细规则回填.md;跨题材共性与迁移来源.md;平台共性执行细则.md","False","0","False","True","False","False"
"CommonSkills\通用-输出微信订阅号版\SKILL.md","CommonSkill","通用-输出微信订阅号版","229","19","通用-输出微信订阅号版","'用于把小说章节改写为更适合微信订阅号连载语境的版本。适合强调熟人传播、段落顺滑、轻社交转发、章内微钩子与持续关注的正文输出；供多个题材的 `题材名-输出微信订阅号版` 包装层路由使用。关键词：输出微信订阅号版、微信连载、公众号连载、订阅号改写。'","'要把哪一章输出为微信订阅号版？默认按“保留核心信息 + 连载顺滑度强化 + 直接按平台骨架改写”处理。'","false","False","0","0","0","False","","0","4","分节级补救映射与详细规则回填.md;跨题材共性与迁移来源.md;平台共性执行细则.md;平台研究补充_微信订阅号都市悬疑.md","False","0","False","True","False","False"
"CommonSkills\通用-输出新浪微博版\SKILL.md","CommonSkill","通用-输出新浪微博版","201","17","通用-输出新浪微博版","'用于把小说章节改写为更适合新浪微博语境的版本。适合强调短促抓点、传播性、话题切口、即时情绪与高压缩阅读体验的正文输出；当前先承接已存在题材，后续可供更多题材复用。关键词：输出新浪微博版、微博、话题传播、短促抓点。'","'要把哪一章输出为新浪微博版？默认按“保留核心信息 + 压缩抓点 + 直接按平台骨架改写”处理。'","false","False","0","0","0","False","","0","3","分节级补救映射与详细规则回填.md;跨题材共性与迁移来源.md;平台共性执行细则.md","False","0","False","True","False","False"
"CommonSkills\通用-输出番茄版\SKILL.md","CommonSkill","通用-输出番茄版","261","19","通用-输出番茄版","'用于把小说章节改写为更适合番茄小说网的版本。适合免费阅读平台、强钩子、快反馈、高完读率正文输出；供多个题材的 `题材名-输出番茄版` 包装层路由使用。关键词：输出番茄版、番茄小说网、番茄化改写、免费阅读平台。'","'要把哪一章输出为番茄版？默认按“保留核心信息 + 快反馈强钩子 + 直接按平台骨架改写”处理。'","false","False","0","0","0","False","","0","3","分节级补救映射与详细规则回填.md;跨题材共性与迁移来源.md;平台共性执行细则.md","False","0","False","True","False","False"
"CommonSkills\通用-输出百度百家号版\SKILL.md","CommonSkill","通用-输出百度百家号版","192","16","通用-输出百度百家号版","'用于把小说章节改写为更适合百度百家号语境的版本。适合强调信息抓取、传播友好、轻话题感与阅读顺滑度的正文输出；当前先承接已存在题材，后续可供更多题材复用。关键词：输出百度百家号版、百家号、内容平台改写。'","'要把哪一章输出为百度百家号版？默认按“保留核心信息 + 百家号传播抓点 + 直接按平台骨架改写”处理。'","false","False","0","0","0","False","","0","3","分节级补救映射与详细规则回填.md;跨题材共性与迁移来源.md;平台共性执行细则.md","False","0","False","True","False","False"
"CommonSkills\通用-输出知乎版\SKILL.md","CommonSkill","通用-输出知乎版","233","19","通用-输出知乎版","'用于把小说章节改写为更适合知乎（盐选/专栏/连载）语境的版本。适合强调逻辑链、观点感、讨论度、结构清晰与持续追读的正文输出；供多个题材的 `题材名-输出知乎版` 包装层路由使用。关键词：输出知乎版、知乎盐选、知乎专栏、知乎连载。'","'要把哪一章输出为知乎版？默认按“保留核心信息 + 逻辑链强化 + 直接按平台骨架改写”处理。'","false","False","0","0","0","False","","0","4","分节级补救映射与详细规则回填.md;跨题材共性与迁移来源.md;平台共性执行细则.md;平台研究补充_知乎盐选都市悬疑.md","False","0","False","True","False","False"
"CommonSkills\通用-输出纵横小说版\SKILL.md","CommonSkill","通用-输出纵横小说版","200","16","通用-输出纵横小说版","'用于把小说章节改写为更适合纵横小说网的版本。适合中等节奏、现实锚点扎实、慢热逻辑推进、人性落点显化与克制悬念渲染的正文输出；供多个题材的 `题材名-输出纵横小说版` 包装层路由使用。关键词：输出纵横小说版、纵横中文网、中等节奏改写、男频悬疑平台。'","'要把哪一章输出为纵横小说版？默认按""保留核心事件链 + 中等节奏克制悬念 + 现实锚点强化 + 人性落点显化""处理。'","false","False","0","0","0","False","","0","2","分节级补救映射与详细规则回填.md;平台共性执行细则.md","False","0","False","True","False","False"
"CommonSkills\通用-输出豆瓣版\SKILL.md","CommonSkill","通用-输出豆瓣版","213","18","通用-输出豆瓣版","'用于把小说章节改写为更适合豆瓣阅读语境的版本。适合强调文学质感、现实纹理、审美表达、情绪余韵与克制钩子的正文输出；供多个题材的 `题材名-输出豆瓣版` 包装层路由使用。关键词：输出豆瓣版、豆瓣阅读、豆瓣风格、文学性改写。'","'要把哪一章输出为豆瓣版？默认按“保留核心信息 + 文学质感强化 + 直接按平台骨架改写”处理。'","false","False","0","0","0","False","","0","4","分节级补救映射与详细规则回填.md;跨题材共性与迁移来源.md;平台共性执行细则.md;平台研究补充_豆瓣都市悬疑.md","False","0","False","True","False","False"
"CommonSkills\通用-输出起点中文网版\SKILL.md","CommonSkill","通用-输出起点中文网版","213","18","通用-输出起点中文网版","'用于把小说章节改写为更适合起点中文网平台的版本。适合强调长线追读、章级回报工程、类型辨识度、前300/1000/3000字分层抓力与章末强驱动的正文输出；供多个题材的 `题材名-输出起点中文网版` 包装层路由使用。关键词：输出起点版、起点中文网、起点平台、长线追读、章级回报。'","'要把哪一章输出为起点中文网版？默认按“保留核心信息 + 起点读者追读工程 + 直接按平台骨架改写”处理。'","false","False","0","0","0","False","","0","3","分节级补救映射与详细规则回填.md;跨题材共性与迁移来源.md;平台共性执行细则.md","False","0","False","True","False","False"
"old异能志怪\.github\skills\authenticity-and-de-ai-urban-weird\SKILL.md","GenreWrapper","authenticity-and-de-ai-urban-weird","73","8","authenticity-and-de-ai-urban-weird","'Use when: 去AI味、都市志怪去AI味、都市异能去AI味、真实性修订、现实针脚保护、职业感保护、规则术语保护、对话去模板化、章节自然化、避免洗平文风。常见说法：这章去AI味、别把都市感洗没了、保留职业感和志怪感、让文本更像人写的、去模板腔但别丢规则边界。'","'要处理哪一章或哪一段？默认以“保信息、保现实针脚、保规则边界、保人物声音”为硬约束。'","false","False","0","0","0","False","","0","5","de-ai-revision-card-template.md;de-ai-urban-weird-checklist.md;line-level-rewrite-actions.md;migrated-authenticity-rules.md;profession-and-rule-term-preservation.md","False","0","False","False","True","False"
"old异能志怪\.github\skills\design-part-volume-outline\SKILL.md","GenreWrapper","design-part-volume-outline","565","37","design-part-volume-outline","'Use when: 设计分部大纲、分卷大纲、卷纲、章清单、章节微型剧本、情节块、故事线、故事点、卷级启动表、爽点布点表、5/15节奏表、章级模板、分部/分卷审计。常见说法：分卷设计、卷纲、某一卷怎么拆、章清单、章节规划、剧情节拍、卷内启动、单元案展开、故事线拆分。关键词：分部大纲、分卷大纲、卷纲、章清单、情节块、故事线、故事点、卷级启动表、爽点布点表。'","'要创建或修改哪个分部/分卷文件？请默认同时说明其上一级分配来源，检查是否已全量落地。'","false","False","1","0","0","True","","0","1","migrated-part-volume-outline-rules.md","False","0","True","False","True","False"
"old异能志怪\.github\skills\design-total-outline\SKILL.md","GenreWrapper","design-total-outline","357","26","design-total-outline","'Use when: 设计或重写小说总大纲、全书总纲、全书框架、战略层大纲、世界观总盘、主线谜团M0、重要支线X01-XNN、单元案矩阵C01-CNN、跨卷规划、终局闭环、总纲模板、总纲审计、长期连载结构。常见说法：总纲、全书大纲、故事总盘、主线设计、主线谜团、支线规划、卷间规划、终局设计、全书结构。关键词：总大纲、全书总纲、战略层、故事面、主线谜团、单元案矩阵、跨卷规划、终局闭环。'","'要创建或修改哪组总纲文件？默认按“总纲包”理解，如 `小说总大纲.md` + `故事面/` + `伏笔与呼应总纲.md`。'","false","False","0","0","0","False","","0","1","migrated-total-outline-rules.md","False","0","True","False","True","False"
"old异能志怪\.github\skills\design-unit-case-engine\SKILL.md","GenreWrapper","design-unit-case-engine","77","8","design-unit-case-engine","'Use when: 设计单元案、案件母板、事件母板、都市志怪单元案、案件引擎、异常信号、证据载体、误导与可证伪、嫌疑池、主线供血、案件余波、案件模板。常见说法：帮我设计这个单元案、这个案子怎么给主线供血、异常信号怎么做、证据链怎么排、误导怎么可证伪、案件收束后留什么余波。'","'要设计哪个单元案 / 案件 / 事件？默认同时检查它与主线、伏笔、线索台账、嫌疑池的连接关系。'","false","False","0","0","0","False","","0","5","aftershock-and-blood-supply-checklist.md;clue-suspect-design-guide.md;evidence-chain-sequencing-template.md;migrated-unit-case-engine-rules.md;unit-case-template.md","False","0","False","False","True","False"
"old异能志怪\.github\skills\design-urban-anomaly-positioning\SKILL.md","GenreWrapper","design-urban-anomaly-positioning","83","8","design-urban-anomaly-positioning","'Use when: 设计或校准都市异能、都市志怪、都市惊悚、现实悬疑+超常、平台定位、题材定位、现实锚点、代价锚点、创新组合、读者承诺、风格定位。常见说法：这本书该怎么定位、都市异能口径怎么钉死、志怪部分从哪里长出来、该偏起点还是番茄、现实锚点怎么做、主角抓手怎么绑定职业。'","'要校准哪部作品或哪组总纲文件？默认同时检查小说简介、总纲、技术设定与风格口径。'","false","False","0","0","0","False","","0","4","innovation-combination-template.md;migrated-positioning-rules.md;platform-positioning-checklist.md;reality-and-cost-anchor-matrix.md","False","0","False","False","True","False"
"old异能志怪\.github\skills\evaluate-qidian-urban-weird-signing\SKILL.md","GenreWrapper","evaluate-qidian-urban-weird-signing","122","12","evaluate-qidian-urban-weird-signing","'Use when: 评估起点签约概率、评估起点男频签约率、判断都市异能志怪能不能投起点、起点内投体检、起点过稿概率、黄金三章审查、题材适配审查、开篇签约预判、连载可签性诊断。常见说法：这本都市志怪去起点能签吗、严格评估一下签约成功率、按起点男频标准打分、看有没有内投价值、看黄金三章是否够签约。'","'提供书名/简介/前500字或前三章/主角与金手指/总纲或分卷规划/更新计划；信息缺失时按严格口径降置信度。'","false","False","0","0","0","False","","0","4","probability-bands-and-vetoes.md;qidian-signing-report-template.md;qidian-signing-rubric.md;urban-weird-qidian-fit-checklist.md","False","0","True","False","True","False"
"old异能志怪\.github\skills\execute-microspace-horror-scene\SKILL.md","GenreWrapper","execute-microspace-horror-scene","80","9","execute-microspace-horror-scene","'Use when: 微空间惊悚场景、楼道、电梯、值班室、出租屋、地下车库、医院走廊、办公室后区、狭窄空间、城市恐怖镜头、日常异化场景、都市志怪场景设计。常见说法：帮我写楼道这场、这个电梯场景怎么更吓人、把医院走廊写出压迫感、微空间惊悚怎么落地。'","'要处理哪个微空间场景？默认同时考虑现实针脚、反常细节、动作压力与场景内证据载体。'","false","False","0","0","0","False","","0","14","microspace-abnormality-escalation-ladder.md;microspace-action-consequence-matrix.md;microspace-de-ai-checklist.md;microspace-ending-needle-bank.md;microspace-evidence-carrier-menu.md;microspace-failed-action-escalation-list.md;microspace-scene-anti-patterns.md;microspace-scene-card-template.md;microspace-scene-checklist.md;microspace-scene-patterns.md;microspace-space-specific-line-bank.md;migrated-microspace-scene-rules.md;sensory-and-distortion-toolbox.md;space-type-usage-matrix.md","False","0","False","False","True","False"
"old异能志怪\.github\skills\manage-continuity-line-heat\SKILL.md","GenreWrapper","manage-continuity-line-heat","69","8","manage-continuity-line-heat","'Use when: 连续性控盘、动态状态、冷热线、伏笔超期、人物回归压力、关系桥接、时间线连贯、线索失温、章节后写回、忘线预警。常见说法：帮我看哪些线快忘了、这几章哪些人物该回来了、哪些伏笔超期了、写完这章后更新动态状态、看中段有没有失温。'","'要检查哪一卷、哪几章或哪份动态状态？默认同时扫描人物、关系、主支线、伏笔与未兑现情绪债务。'","false","False","0","0","0","False","","0","4","dynamic-state-template.md;justified-dormancy-template.md;line-heat-review-matrix.md;migrated-line-heat-rules.md","False","0","False","False","True","False"
"old异能志怪\.github\skills\polish-author-note-reader-theater\SKILL.md","GenreWrapper","polish-author-note-reader-theater","87","15","polish-author-note-reader-theater","'Use when: 作者有话说润色、后记前小剧场、读者向小剧场、章末作者有话说、后记前那段怎么写、别写成创作说明会。常见说法：润一下作者有话说、把后记前那段改得更像读者向小剧场、别讲创作过程、别像作者开会总结。'","'要处理哪一章的“## 作者有话说”？默认按“读者向小剧场，不剧透、不讲创作会、不写参数说明”处理。'","false","False","0","0","0","False","","0","2","author-note-checklist.md;author-note-reader-theater-rules.md","False","0","False","False","True","False"
"old异能志怪\.github\skills\polish-chapter-prose-urban-weird\SKILL.md","GenreWrapper","polish-chapter-prose-urban-weird","131","11","polish-chapter-prose-urban-weird","'Use when: 正文润色、章节精修、文风精修、语言提纯、节奏打磨、起点风格润色、中段回报强化、章末钩子强化、镜头感提升、人物情绪细修。常见说法：帮我润这章、把这段写顺一点、别改信息只提质感、把中段打磨得更抓人、把钩子和回报润出来。'","'要润哪一章、哪一场景或哪几段？默认按“信息零损失 + 起点追读节奏 + 现实针脚保真”处理。'","false","False","0","0","0","False","","0","13","场面写作指导与好词好句好段.md;景物写作指导与好词好句好段.md;静态写作指导与好词好句好段.md;肖像写作指导与好词好句好段.md;心理写作指导与好词好句好段.md;行动写作指导与好词好句好段.md;语言写作指导与好词好句好段.md;extended-polish-playbook.md;extended-reference-routing.md;line-level-polish-actions.md;migrated-polish-rules.md;polish-chapter-checklist.md;project-specific-polish-rules.md","False","0","True","False","True","False"
"old异能志怪\.github\skills\prepare-chapter-control-card\SKILL.md","GenreWrapper","prepare-chapter-control-card","72","8","prepare-chapter-control-card","'Use when: 写前控制卡、章节控制卡、章节作战卡、场景单元拆分、本章任务、本章回报、冷线回归、章名候选、章末钩子、章节施工卡。常见说法：先给我这章控制卡、这一章到底该推进什么、帮我把这章拆成几个场景、本章写前作战卡、这章的章名候选。'","'要给哪一章或哪组章纲生成控制卡？默认同时检查卷纲、冷线、回报、章末钩子与章名候选。'","false","False","0","0","0","False","","0","4","chapter-control-card-template.md;migrated-chapter-control-card-rules.md;payoff-and-hook-checklist.md;scene-unit-splitting-guide.md","False","0","False","False","True","False"
"old异能志怪\.github\skills\purify-multi-platform-source-draft\SKILL.md","GenreWrapper","purify-multi-platform-source-draft","77","8","purify-multi-platform-source-draft","'Use when: 多平台母稿提纯、平台改写前清母稿、派生前提纯、跨平台源稿整理、平台无关核心稿、为番茄知乎豆瓣出版社英文版准备母稿。常见说法：先把这章提成母稿、做一个多平台可改写的干净底稿、把平台腔洗掉再派生、先提纯再多平台输出。'","'要提纯哪一章或哪份母稿？默认按“保事件链、保情绪主轴、保钩子，去平台口癖与重复壳层”处理。'","false","False","0","0","0","False","","0","2","source-draft-purification-checklist.md;source-draft-purification-rules.md","False","0","False","False","True","False"
"old异能志怪\.github\skills\review-chapter-execution-urban-weird\SKILL.md","GenreWrapper","review-chapter-execution-urban-weird","88","14","review-chapter-execution-urban-weird","'Use when: 审章节正文、执行层审阅、都市异能章节体检、都市志怪章节体检、章首抓力、中段兑现、现实锚点、证据公平、规则边界、代价升级、章末钩子、章节返工建议。常见说法：审这一章、这章会不会中段塌、现实感够不够、规则边界有没有问题、这章钩子是不是假的。'","'要审哪一章或哪组章节？默认按“都市异能 / 志怪执行层体检”口径处理，并给可回写建议。'","false","False","0","0","0","False","","0","5","chapter-execution-review-template.md;execution-failure-remedies.md;execution-scoring-rubric.md;issue-severity-matrix.md;migrated-chapter-execution-review-rules.md","False","0","False","False","True","False"
"old异能志怪\.github\skills\review-part-volume-outline\SKILL.md","GenreWrapper","review-part-volume-outline","336","20","review-part-volume-outline","'Use when: 审阅分部大纲、分卷大纲、单元案大纲、卷级节奏布点、5/15节奏、章末钩子策略、章节可拆章性、能力机制递进、人物代价升级、分卷审阅报告。常见说法：审分卷、看卷纲、查节奏、看钩子、查可拆章性、看单元案、看中段会不会塌、看卷内回报设计。关键词：审阅分部大纲、审阅分卷大纲、单元案审阅、节奏布点、钩子策略、可拆章性。'","'要审阅哪个分部/分卷/单元案文件？请默认同时检查其上一级分配内容是否已全量落地。'","false","False","0","0","0","False","","0","0","","False","0","False","False","True","False"
"old异能志怪\.github\skills\review-total-outline\SKILL.md","GenreWrapper","review-total-outline","299","20","review-total-outline","'Use when: 审阅总大纲、全书大纲、战略层大纲、主线谜团M0、重要支线X01-XNN、单元案矩阵C01-CNN、跨卷规划、里程碑锚点、系列连贯性、机制递进、终局闭环、总纲审阅报告。常见说法：审总纲、看全书结构、检查主线、看战略层、看终局闭环、看长线规划、总纲诊断、总纲体检。关键词：审阅总大纲、全书总纲、战略层审阅、主线谜团、单元案矩阵、跨卷规划、系列连贯性。'","'要审阅哪组总纲文件？默认按“总纲包”理解，如 `小说总大纲.md` + `故事面/` + `伏笔与呼应总纲.md`。'","false","False","0","0","0","False","","0","0","","False","0","False","False","True","False"
"old异能志怪\.github\skills\strengthen-chapter-opening-hook\SKILL.md","GenreWrapper","strengthen-chapter-opening-hook","73","8","strengthen-chapter-opening-hook","'Use when: 章节开头强化、章首抓人、前150到300字重写、开篇入场强化、首段雷击感、开头不够抓。常见说法：把这章开头打强一点、只改前两三段、前300字不够有劲、让读者进门就停不下来。'","'要强化哪一章的开头？默认只处理前 150–300 字与紧邻的前 2–3 段。'","false","False","0","0","0","False","","0","2","opening-hook-checklist.md;opening-hook-rules.md","False","0","False","False","True","False"
"old异能志怪\.github\skills\strengthen-ending-hook-next-chapter\SKILL.md","GenreWrapper","strengthen-ending-hook-next-chapter","73","8","strengthen-ending-hook-next-chapter","'Use when: 章末钩子强化、结尾强化、下一章不得不看、章尾不够硬、最后一下没落住、章末翻页感不足。常见说法：把结尾钩硬一点、最后一段不够勾人、让读者必须点下一章、别把结尾写成感慨。'","'要强化哪一章的结尾？默认只处理最后一段到最后约 150–300 字。'","false","False","0","0","0","False","","0","2","ending-hook-checklist.md;ending-hook-rules.md","False","0","False","False","True","False"
"old都市悬疑\.github\skills\adapt-platform-fiction\SKILL.md","GenreWrapper","adapt-platform-fiction","41","5","adapt-platform-fiction","'做都市悬疑章节的多平台适配策略。用于在番茄、知乎、豆瓣、出版社、微信订阅号、My Fiction、GoodNovel、WebNovel 之间拉开读者画像、节奏、关系权重、镜头承载、标题倾向与作者有话说口吻差异，避免把多平台输出写成同一底稿轻改。'","'要把哪一章适配到哪些平台？'","false","False","0","0","0","False","","0","3","多平台改写前推演清单.md;平台差异矩阵.md;平台风格总则与撞车修复.md","False","0","False","False","True","False"
"old都市悬疑\.github\skills\chapter-continuity-control\SKILL.md","GenreWrapper","chapter-continuity-control","59","7","chapter-continuity-control","'控制都市悬疑章节连续性与回收压力。用于写正文、续写、修章、批量章节创作前后，梳理本章承接的问题、必须推进的线、人物回归窗口、伏笔热度、证据链不断点、章末钩子与最小连续性台账。适合章节控制卡、连续章接力、线索回收与断章修复。'","'当前要控制哪一章或哪一组连续章节的连续性？'","false","False","0","0","0","False","","0","4","回收窗口与热度规则.md;连续章批处理与回炉策略.md;起点章节驱动与节拍.md;章节连续性控制卡.md","False","0","False","False","True","False"
"old都市悬疑\.github\skills\design-character-bible\SKILL.md","GenreWrapper","design-character-bible","70","7","design-character-bible","'设计、重写、补强都市悬疑小说人物传记。用于产出可回指、可核查、可直接调用的人物裁判源，覆盖身份归属、动机代价、能力边界、关系网、心理弧线、写作抓手与三级大纲映射。适合主角/反派/关键配角传记创建、旧传记重构、人物抓手补全。'","'要设计或重写哪个人物传记？'","false","False","0","0","0","False","","0","8","创新人物设计与心理弧线规范.md;创新性人物设计要点.md;内容一致性与风险校验.md;人物传记模板与写作抓手.md;三级大纲索引模板.md;三级大纲索引示例.md;心理弧线与索引规则.md;质量控制与验证流程.md","False","0","False","False","True","False"
"old都市悬疑\.github\skills\design-master-outline\SKILL.md","GenreWrapper","design-master-outline","64","8","design-master-outline","'设计都市悬疑小说总大纲、全书总纲、故事多面体、主线谜团面与单元案矩阵。这里的“总大纲”默认指总纲层文件组，而非单一文件；至少包括 `小说总大纲.md`、`故事面/`、`伏笔与回收总纲.md`、`故事多面体大纲.md`，以及其它相关总表级大纲文件。用于创建、重写、修改总纲层 Canon 文件及其联动关系。覆盖：总大纲、总纲、全书、故事面、M0、X01、单元案矩阵、钩子链、反AI味、现实锚点、缺陷型主角、总纲模板、总纲审计。'","请输入要处理的总纲文件、修改范围与目标","false","False","0","0","0","False","","0","2","总纲模板与验收.md;总纲专属设计规则.md","False","0","False","False","True","False"
"old都市悬疑\.github\skills\design-part-volume-outline\SKILL.md","GenreWrapper","design-part-volume-outline","85","10","design-part-volume-outline","'设计都市悬疑小说分部大纲、分卷大纲、卷纲、章清单与章节微型剧本。核心要求是：分部/分卷大纲必须把上一级大纲分配给本层的内容切实、全量、保质落地。分部大纲要承接总纲层文件组分配给本部的全部内容；分卷大纲在无分部小说中按分部口径承接总纲层分配内容，在有分部小说中承接本部分配给本卷的全部内容。覆盖：分部、分卷、卷纲、章纲、章清单、故事线、情节块、故事点、卷级启动表、爽点布点表、章节钩子链、反AI味、现实锚点、移动端可读性。'","请输入要处理的分部/分卷文件、章节范围与目标","false","False","0","0","0","False","","0","3","分部模板.md;分部与分卷专属设计规则.md;分卷模板与章节工件.md","False","0","False","False","True","False"
"old都市悬疑\.github\skills\design-story-facet\SKILL.md","GenreWrapper","design-story-facet","340","12","design-story-facet","'设计、重写、审计小说故事面。用于产出 M0/X 系列故事面文件，覆盖一句话谜面、六要素、护栏与验收、卷级推进、跨卷交接、卷内完整故事、供血锚点、写作检查清单。适合故事面设计、故事面重构、故事面审计、卷级供血检查、硬抓手补强。'","'要设计或重写哪个故事面？'","false","False","0","0","0","False","","0","2","story-facet-pitfalls.md;story-facet-rules.md","False","0","False","False","True","False"
"old都市悬疑\.github\skills\design-tech-setting\SKILL.md","GenreWrapper","design-tech-setting","56","7","design-tech-setting","'设计、重写、补强都市悬疑技术设定/手法/程序链/证据载体文档。用于产出可叙事化、可证据化、边界与代价明确的设定裁判源，覆盖规则条款、误导与证伪、程序摩擦、镜头包与跨卷演进。适合技术设定创建、手法重构、证据链补丁与规则边界修复。'","'要设计或重写哪个技术设定文件？'","false","False","0","0","0","False","","0","8","创新性要素库.md;创新性要素库与阶段红线.md;故事设定模板与镜头包.md;结构规范与真实感要求.md;示例格式与验证流程.md;长篇演进与城市语境.md;证据链与程序摩擦规则.md;中国语境与一致性检查.md","False","0","False","False","True","False"
"old都市悬疑\.github\skills\evaluate-qidian-signing-probability\SKILL.md","GenreWrapper","evaluate-qidian-signing-probability","90","9","evaluate-qidian-signing-probability","'严格评估都市悬疑类型小说在起点中文网的签约成功概率。用于审查题材赛道、书名简介、黄金 500 字、前三章、主角抓手、长线架构、平台适配、更新能力与内投材料完整度，并输出概率区间、信心等级、阻断项与最小补丁。关键词：起点签约评估、签约概率、起点男频、都市悬疑、内投评估、开篇评估。'","'要评估哪部都市悬疑作品？请给路径、材料范围与输出策略。'","false","False","0","0","0","False","","0","2","起点签约概率评估报告模板.md;起点签约概率评估检查清单.md","False","0","False","False","True","False"
"old都市悬疑\.github\skills\polish-author-note\SKILL.md","GenreWrapper","polish-author-note","80","14","polish-author-note","'润色都市悬疑章节后的作者有话说。用于把 `","'要润色哪一章的作者有话说？重点想增强什么感觉？'","false","False","0","0","0","False","","0","2","作者有话说检查清单.md;作者有话说润色流程.md","False","0","False","False","True","False"
"old都市悬疑\.github\skills\polish-chapter-body\SKILL.md","GenreWrapper","polish-chapter-body","166","14","polish-chapter-body","'润色都市悬疑章节正文。用于整章或局部修章、提纯、精修、局部重写，重点增强章首抓力、中段回报、章末钩子、代入感、对话张力、场景质感与去AI味，同时保护人物口径、有限视角、证据链、程序阻力与剧情内真实编号。适合初稿提纯、终稿精修、发布前润色；尤其适合处理开头不抓人、对话发直、动作发虚、心理发空、肖像失焦、静物发死、景物不入戏、场面不立体等问题。'","'要润色哪一章或哪一段？重点想加强什么？'","false","False","0","0","0","False","","0","13","场面写作指导与好词好句好段.md;景物写作指导与好词好句好段.md;静态写作指导与好词好句好段.md;肖像写作指导与好词好句好段.md;心理写作指导与好词好句好段.md;行动写作指导与好词好句好段.md;语言写作指导与好词好句好段.md;章节正文润色检查清单.md;章节正文润色流程.md;正文润色数值双轨禁忌与沉浸控制.md;正文润色增强技法与读者机制.md;正文润色执行流程与输出规范.md;正文润色总裁判与交付规则.md","False","0","False","False","True","False"
"old都市悬疑\.github\skills\refine-multi-platform-master-draft\SKILL.md","GenreWrapper","refine-multi-platform-master-draft","65","7","refine-multi-platform-master-draft","'提纯都市悬疑多平台输出前的中文母稿。用于在番茄、知乎、豆瓣、微信订阅号、出版社等平台改写前，把 `小说正文/` 母稿修成信息稳、证据清、追读链完整、平台可分化的高质量源稿，避免后续平台适配建立在松散底稿上。适合多平台前置精修、母稿加固、跨平台源稿提纯。'","'要把哪一章母稿提纯到可供多平台改写？'","false","False","0","0","0","False","","0","2","多平台母稿提纯检查清单.md;多平台母稿提纯流程.md","False","0","False","False","True","False"
"old都市悬疑\.github\skills\review-chapter-body\SKILL.md","GenreWrapper","review-chapter-body","41","5","review-chapter-body","'审阅都市悬疑章节正文。用于检查章内追读驱动、中段回报、章末钩子、人物传记一致性、公平推理、证据链、时间表达与作者管理编号出戏风险，并输出可落库、可回写的章节审阅报告。'","'要审哪一章正文？'","false","False","0","0","0","False","","0","4","章节审阅报告模板.md;章节审阅核心点.md;章节正文审阅报告增补.md;章节正文审阅检查清单.md","False","0","False","False","True","False"
"old都市悬疑\.github\skills\review-character-bible\SKILL.md","GenreWrapper","review-character-bible","48","6","review-character-bible","'审阅都市悬疑人物传记。用于检查人物身份归属、动机代价、能力边界、关系网、心理弧线、写作抓手与索引映射是否成立，并输出可落库、可回写的传记审阅报告。适合主角/反派/关键配角传记体检、冲突修复、抓手补强。'","'要审哪个人物传记文件？'","false","False","0","0","0","False","","0","4","传记审阅报告模板.md;人物传记审阅报告增补.md;人物传记审阅检查清单.md;审阅维度说明.md","False","0","False","False","True","False"
"old都市悬疑\.github\skills\review-master-outline\SKILL.md","GenreWrapper","review-master-outline","70","9","review-master-outline","'审阅都市悬疑小说总大纲、全书总纲、故事多面体、主线谜团与单元案矩阵。这里的“总大纲”默认指总纲层文件组，而非单一文件；至少包括 `小说总大纲.md`、`故事面/`、`伏笔与回收总纲.md`、`故事多面体大纲.md`，以及其它相关总表级大纲文件。用于审阅总纲层 Canon 文件及其联动关系。关键词：总纲审阅、总大纲、全书审阅、机制递进、单元案矩阵、总纲报告。'","请输入要审阅的总纲文件、输出策略与关注重点","false","False","0","0","0","False","","0","2","总纲审阅报告增补.md;总纲审阅专属检查清单.md","False","0","False","False","True","False"
"old都市悬疑\.github\skills\review-part-volume-outline\SKILL.md","GenreWrapper","review-part-volume-outline","68","9","review-part-volume-outline","'审阅都市悬疑小说分部大纲、分卷大纲、章清单与单元案执行版。核心要求是：分部/分卷大纲必须把上一级分配给本层的内容切实、全量、保质落地。分部审阅要核查总纲层文件组分配给本部的全部内容是否已落地；分卷审阅要按是否存在分部，分别核查其是否完整落地总纲层或分部层分配内容。关键词：分部审阅、分卷审阅、单元案审阅、节奏布点、钩子策略、章清单审阅。'","请输入要审阅的分部/分卷文件、输出策略与关注重点","false","False","0","0","0","False","","0","2","分部与分卷审阅报告增补.md;分部与分卷审阅专属检查清单.md","False","0","False","False","True","False"
"old都市悬疑\.github\skills\review-tech-setting\SKILL.md","GenreWrapper","review-tech-setting","40","5","review-tech-setting","'审阅都市悬疑技术设定/手法/程序链/证据载体文档。用于检查规则是否可执行、边界与代价是否明确、是否可证据化、是否具备程序摩擦与镜头化表达，并输出可落库、可回写的设定审阅报告。'","'要审哪个技术设定文件？'","false","False","0","0","0","False","","0","4","故事设定审阅报告增补.md;故事设定审阅检查清单.md;设定审阅报告模板.md;审阅维度说明.md","False","0","False","False","True","False"
"old都市悬疑\.github\skills\rewrite-chapter-de-ai\SKILL.md","GenreWrapper","rewrite-chapter-de-ai","43","5","rewrite-chapter-de-ai","'重写都市悬疑章节正文以去除 AI 味。用于整章或局部改写，重点保护信息量、有限视角、数值双轨制、程序与证据口径、中段回报与章末钩子，同时清理模板腔、讲解腔、企业行话与过度工整句式。'","'要对哪一章或哪一段做去AI味重写？'","false","False","0","0","0","False","","0","6","去AI味执行清单.md;三级改造与工具包.md;实战自检与陷阱.md;数值双轨与视角保护.md;AI味识别雷达.md;AI味识别与改写工具包.md","False","0","False","False","True","False"
"old都市悬疑\.github\skills\strengthen-chapter-opening\SKILL.md","GenreWrapper","strengthen-chapter-opening","61","7","strengthen-chapter-opening","'强化都市悬疑章节开头前 150–300 字的入场抓力。用于把章首修成更能留住读者的冷开场、异常开场、冲突开场或困境开场，重点增强异常触发、情绪锚点、悬念缺口与即时动作压力。适合开篇补雷击、章首抢救、首屏留存优化。'","'要强化哪一章开头？更偏异常、冲突、困境还是悬念？'","false","False","0","0","0","False","","0","2","章节开头检查清单.md;章节开头强化流程.md","False","0","False","False","True","False"
"old都市悬疑\.github\skills\strengthen-ending-hook\SKILL.md","GenreWrapper","strengthen-ending-hook","61","7","strengthen-ending-hook","'强化都市悬疑章节结尾的章末钩子。用于把结尾修成更能驱动下一章的转折、揭露或危机收束，重点增强未完成动作、新变量入场、更糟后果与订阅级阅读动机。适合章末抢救、结尾补针、下一章驱动增强。'","'要强化哪一章结尾？更想偏转折、揭露还是危机？'","false","False","0","0","0","False","","0","2","章末钩子检查清单.md;章末钩子强化流程.md","False","0","False","False","True","False"
"太空科幻\skills\太空科幻-输出起点中文网版\SKILL.md","GenreWrapper","太空科幻-输出起点中文网版","48","6","太空科幻-输出起点中文网版","太空科幻题材的起点中文网版输出包装层。路由到 通用-输出起点中文网版，并叠加太空科幻题材专项补丁与禁行项。","要把哪一章输出为起点中文网版（太空科幻）？默认执行：加载通用-输出起点中文网版 + 题材补丁。","false","False","0","0","0","False","","0","0","","False","0","False","True","True","False"
"女频爱情\skills\女频爱情-分析竞对作品\SKILL.md","GenreWrapper","女频爱情-分析竞对作品","70","8","女频爱情-分析竞对作品","'用于【女频爱情】题材下搜索起点女频等目标平台的同题材 TopN 候选池，先锁定榜单与样本池，再从中收束 3–5 本主样本做四层深拆式竞对分析。作为题材包装层与路由层，负责保留女频爱情入口，补充起点女频市场、爆火开篇、情绪爽点与关系供血的题材判断，并明确要求优先强制加载并使用 `通用-分析竞对作品`。'","'要分析哪批女频爱情竞对作品？默认按起点中文网 Top10 候选池执行，再收束 3–5 本主样本，并按“开篇抓力、成长线、关系张力、情绪爽点与平台匹配”处理。'","false","False","0","0","0","False","","0","1","女频爱情竞对分析补充维度.md","False","0","False","True","True","False"
"女频爱情\skills\女频爱情-创建小说正文\SKILL.md","GenreWrapper","女频爱情-创建小说正文","70","7","女频爱情-创建小说正文","'用于【女频爱情】题材下的章节正文创作任务。作为题材包装层、兼容入口与路由层，负责保留女频爱情入口，补充情绪锚定、成长线优先、关系拉扯、柔爽感与现实共鸣边界，并明确要求优先强制加载并使用 `通用-创建小说正文`。'","'要写哪一章女频爱情正文？默认按“情绪钩子、成长推进、关系回报与章末追更驱动”处理。'","false","False","0","0","0","False","","0","2","控制卡落正文与镜头化桥接.md;题材正文创作补充规则.md","False","0","False","True","True","False"
"女频爱情\skills\女频爱情-去AI味重写\SKILL.md","GenreWrapper","女频爱情-去AI味重写","57","6","女频爱情-去AI味重写","'用于【女频爱情】题材下的去 AI 味重写任务。作为题材包装层、兼容入口与路由层，负责保留女频爱情入口，补充情绪锚定、成长线优先、关系拉扯、柔爽感与现实共鸣边界，并明确要求优先强制加载并使用 `通用-去AI味重写`。'","'要处理哪一章或哪一段女频爱情正文的 AI 味？默认按“保信息、保人物声线、强化感官与动作”处理。'","false","False","0","0","0","False","","0","9","都市冷压迫来源保护清单.md;去AI味执行清单.md;三级改造与工具包.md;实战自检与陷阱.md;数值双轨与视角保护.md;通用风格与排版补充.md;与控制卡_正文润色_审阅章节正文的桥接规则.md;AI味识别雷达.md;AI味识别与改写工具包.md","False","0","False","True","True","False"
"女频爱情\skills\女频爱情-多平台小说适配\SKILL.md","GenreWrapper","女频爱情-多平台小说适配","53","6","女频爱情-多平台小说适配","'用于【女频爱情】题材下的多平台适配任务。作为题材包装层、兼容入口与路由层，负责保留女频爱情入口，补充情绪锚定、成长线优先、关系拉扯、柔爽感与现实共鸣边界，并明确要求优先强制加载并使用 `通用-多平台小说适配`。'","'要把哪一章女频爱情适配到哪些平台？默认按“保情绪锚点、成长线与关系拉扯，再做平台拉开”处理。'","false","False","0","0","0","False","","0","1","女频爱情平台适配优先级矩阵.md","False","0","False","True","True","False"
"女频爱情\skills\女频爱情-多平台输出编排\SKILL.md","GenreWrapper","女频爱情-多平台输出编排","65","7","女频爱情-多平台输出编排","'用于【女频爱情】题材下的多平台输出编排任务。作为题材包装层、兼容入口与路由层，负责保留女频爱情入口，补充情绪锚定、成长线优先、关系拉扯、柔爽感与现实共鸣边界，并明确要求优先强制加载并使用 `通用-多平台输出编排`。'","'要把哪一章或哪批女频爱情内容分发到多个平台？默认按“先稳母稿，再做平台分流”处理。'","false","False","0","0","0","False","","0","2","题材多平台输出保真规则.md;README.md","False","0","False","True","True","False"
"女频爱情\skills\女频爱情-大纲审阅优化闭环\SKILL.md","GenreWrapper","女频爱情-大纲审阅优化闭环","63","7","女频爱情-大纲审阅优化闭环","'用于【女频爱情】题材下的大纲审阅优化闭环任务。作为题材包装层、兼容入口与路由层，负责保留女频爱情入口，补充情绪锚定、成长线优先、关系拉扯、柔爽感与现实共鸣边界，并明确要求优先强制加载并使用 `通用-大纲审阅优化闭环`。'","'要把哪份女频爱情大纲反复审改到过线？默认按“审阅→回写→复审”持续闭环处理。'","false","False","0","0","0","False","","0","2","题材大纲闭环补充规则.md;总纲分卷审改轮次与回写策略.md","False","0","False","True","True","False"
"女频爱情\skills\女频爱情-审阅人物传记\SKILL.md","GenreWrapper","女频爱情-审阅人物传记","54","6","女频爱情-审阅人物传记","'用于【女频爱情】题材下的人物传记审阅任务。作为题材包装层、兼容入口与路由层，负责保留女频爱情入口，补充情绪锚定、成长线优先、关系拉扯、柔爽感与现实共鸣边界，并明确要求优先强制加载并使用 `通用-审阅人物传记`。'","'要审哪份女频爱情人物传记？默认按“底色、短板、关系功能、情绪抓手与成长可用性”从严检查。'","false","False","0","0","0","False","","0","4","人物传记审阅报告增补.md;人物传记审阅检查清单.md;审阅维度说明.md;题材人物审阅模板补充.md","False","0","False","True","True","False"
"女频爱情\skills\女频爱情-审阅分卷大纲\SKILL.md","GenreWrapper","女频爱情-审阅分卷大纲","54","6","女频爱情-审阅分卷大纲","'用于【女频爱情】题材下的分卷大纲审阅任务。作为题材包装层、兼容入口与路由层，负责保留女频爱情入口，补充情绪锚定、成长线优先、关系拉扯、柔爽感与现实共鸣边界，并明确要求优先强制加载并使用 `通用-审阅分卷大纲`。'","'要审哪份女频爱情分卷大纲？默认按“卷级抓力、章中回报、关系推进与追读节奏”从严检查。'","false","False","0","0","0","False","","0","4","分部与分卷审阅报告增补.md;分部与分卷审阅专属检查清单.md;首卷留存章中回报与平台节奏诊断.md;题材分卷审阅模板补充.md","False","0","False","True","True","False"
"女频爱情\skills\女频爱情-审阅总大纲\SKILL.md","GenreWrapper","女频爱情-审阅总大纲","54","6","女频爱情-审阅总大纲","'用于【女频爱情】题材下的总大纲审阅任务。作为题材包装层、兼容入口与路由层，负责保留女频爱情入口，补充情绪锚定、成长线优先、关系拉扯、柔爽感与现实共鸣边界，并明确要求优先强制加载并使用 `通用-审阅总大纲`。'","'要审哪份女频爱情总大纲？默认按“情绪承诺、成长主线、关系供血与阶段回报”从严检查。'","false","False","0","0","0","False","","0","4","题材总纲审阅模板补充.md;总纲断供诊断与回写补丁.md;总纲审阅报告增补.md;总纲审阅专属检查清单.md","False","0","False","True","True","False"
"女频爱情\skills\女频爱情-审阅故事设定\SKILL.md","GenreWrapper","女频爱情-审阅故事设定","93","7","女频爱情-审阅故事设定","'用于【女频爱情】题材下的故事设定审阅任务。作为题材包装层、兼容入口与路由层，负责保留女频爱情入口，补充情绪锚定、成长线优先、关系拉扯、柔爽感与现实共鸣边界，并明确要求优先强制加载并使用 `通用-审阅故事设定`。'","'要审哪份女频爱情设定？默认按“规则是否可叙事化、是否能压出情绪与代价”从严检查。'","false","False","0","0","0","False","","0","1","题材技术审阅模板补充.md","False","0","False","True","True","False"
"女频爱情\skills\女频爱情-审阅章节正文\SKILL.md","GenreWrapper","女频爱情-审阅章节正文","55","6","女频爱情-审阅章节正文","'用于【女频爱情】题材下的章节正文审阅任务。作为题材包装层、兼容入口与路由层，负责保留女频爱情入口，补充情绪锚定、成长线优先、关系拉扯、柔爽感与现实共鸣边界，并明确要求优先强制加载并使用 `通用-审阅章节正文`。'","'要审哪一章女频爱情正文？默认按“开头抓力、中段回报、关系拉扯与章末驱动”从严检查。'","false","False","0","0","0","False","","0","7","都市现实针脚与回炉优先级.md;黄金三章商业诊断清单.md;控制卡_正文_审阅_回炉桥.md;题材章节正文审阅模板补充.md;章节审阅核心点.md;章节正文审阅报告增补.md;章节正文审阅检查清单.md","False","0","False","True","True","False"
"女频爱情\skills\女频爱情-小说项目初始化\SKILL.md","GenreWrapper","女频爱情-小说项目初始化","144","9","女频爱情-小说项目初始化","'用于【女频爱情】题材下的项目级战略初始化——在选定平台后、设计大纲之前，补充女频爱情特有的关系驱动型套路组合、CP感预设、情感张力设计、平台适配偏好与情绪基调校准。作为题材包装层与路由层，强制加载并使用 `通用-小说项目初始化`。'","'--platform 晋江 --genre 女频爱情。初始化哪本女频爱情新书？'","false","False","1","0","0","True","","0","0","","False","0","False","True","True","False"
"女频爱情\skills\女频爱情-平台签约评估框架\SKILL.md","GenreWrapper","女频爱情-平台签约评估框架","65","7","女频爱情-平台签约评估框架","'用于【女频爱情】题材下以默认极严、保守、负面证据优先的口径评估作品的平台签约、过稿与连载潜力。作为题材包装层与路由层，负责保留女频爱情标准入口名，并明确要求优先强制加载并使用 `通用-平台签约评估框架`。'","'要评估哪部女频爱情作品的签约或过稿潜力？默认按“极严保守、负面证据优先”处理。'","false","False","0","0","0","False","","0","4","七猫免费平台签约死线清单.md;起点女频爱情审核锚点与红线.md;起点签约概率评估报告模板.md;起点签约概率评估检查清单.md","False","0","False","True","True","False"
"女频爱情\skills\女频爱情-强化章末钩子\SKILL.md","GenreWrapper","女频爱情-强化章末钩子","58","6","女频爱情-强化章末钩子","'用于【女频爱情】题材下的章末钩子强化任务。作为题材包装层、兼容入口与路由层，负责保留女频爱情入口，补充情绪锚定、成长线优先、关系拉扯、柔爽感与现实共鸣边界，并明确要求优先强制加载并使用 `通用-强化章末钩子`。'","'要强化哪一章女频爱情的章末？默认按“关系悬念、选择压力与下一章驱动”处理。'","false","False","0","0","0","False","","0","0","","False","0","False","True","True","False"
"女频爱情\skills\女频爱情-强化章节开头\SKILL.md","GenreWrapper","女频爱情-强化章节开头","58","6","女频爱情-强化章节开头","'用于【女频爱情】题材下的章首强化任务。作为题材包装层、兼容入口与路由层，负责保留女频爱情入口，补充情绪锚定、成长线优先、关系拉扯、柔爽感与现实共鸣边界，并明确要求优先强制加载并使用 `通用-强化章节开头`。'","'要强化哪一章女频爱情的开头？默认按“前 300 字情绪锚定、身份落点与异常前置”处理。'","false","False","0","0","0","False","","0","0","","False","0","False","True","True","False"
"女频爱情\skills\女频爱情-执行场景单元\SKILL.md","GenreWrapper","女频爱情-执行场景单元","54","6","女频爱情-执行场景单元","'用于【女频爱情】题材下的场景单元执行任务。作为题材包装层、兼容入口与路由层，负责保留女频爱情入口，补充情绪锚定、成长线优先、关系拉扯、柔爽感与现实共鸣边界，并明确要求优先强制加载并使用 `通用-执行场景单元`。'","'要执行哪一段女频爱情场景？默认按“情绪落地、动作推进、关系承压与现场回报”处理。'","false","False","0","0","0","False","","0","3","都市日常异化与场景压迫补丁.md;控制卡到场景单元桥接模板.md;README.md","False","0","False","True","True","False"
"女频爱情\skills\女频爱情-执行对话冲突\SKILL.md","GenreWrapper","女频爱情-执行对话冲突","55","6","女频爱情-执行对话冲突","'用于【女频爱情】题材下的对话冲突执行任务。作为题材包装层、兼容入口与路由层，负责保留女频爱情入口，补充情绪锚定、成长线优先、关系拉扯、柔爽感与现实共鸣边界，并明确要求优先强制加载并使用 `通用-执行对话冲突`。'","'要处理哪段女频爱情对话冲突？默认按“立场碰撞、潜台词拉扯与关系升级”处理。'","false","False","0","0","0","False","","0","3","都市职业话术与问责约谈压迫补充.md;控制卡回报点与对话施压桥.md;README.md","False","0","False","True","True","False"
"女频爱情\skills\女频爱情-执行微空间受限场景\SKILL.md","GenreWrapper","女频爱情-执行微空间受限场景","55","6","女频爱情-执行微空间受限场景","'用于【女频爱情】题材下的微空间受限场景执行任务。作为题材包装层、兼容入口与路由层，负责保留女频爱情入口，补充情绪锚定、成长线优先、关系拉扯、柔爽感与现实共鸣边界，并明确要求优先强制加载并使用 `通用-执行微空间受限场景`。'","'要处理哪个女频爱情微空间场景？默认按“压迫感、身体距离、情绪失衡与关系变化”处理。'","false","False","0","0","0","False","","0","3","都市微空间异化手法与禁行项.md;控制卡压进微空间镜头的施工桥.md;README.md","False","0","False","True","True","False"
"女频爱情\skills\女频爱情-提纯多平台母稿\SKILL.md","GenreWrapper","女频爱情-提纯多平台母稿","56","6","女频爱情-提纯多平台母稿","'用于【女频爱情】题材下的多平台母稿提纯任务。作为题材包装层、兼容入口与路由层，负责保留女频爱情入口，补充情绪锚定、成长线优先、关系拉扯、柔爽感与现实共鸣边界，并明确要求优先强制加载并使用 `通用-提纯多平台母稿`。'","'要提纯哪一章女频爱情母稿？默认按“稳情绪主轴、稳成长线、稳关系张力”处理。'","false","False","0","0","0","False","","0","0","","False","0","False","True","True","False"
"女频爱情\skills\女频爱情-撰写书评\SKILL.md","GenreWrapper","女频爱情-撰写书评","53","6","女频爱情-撰写书评","'用于【女频爱情】题材下的书评撰写任务。作为题材包装层、兼容入口与路由层，负责保留女频爱情入口，补充情绪锚定、成长线优先、关系拉扯、柔爽感与现实共鸣边界，并明确要求优先强制加载并使用 `通用-撰写书评`。'","'要写哪部女频爱情作品的书评？默认按“卖点提炼、情绪体验、关系记忆点与推荐话术”处理。'","false","False","0","0","0","False","","0","3","女频爱情按平台推荐书评模板组.md;普通读者女频爱情书评切口库.md;题材书评补充规则.md","False","0","False","True","True","False"
"女频爱情\skills\女频爱情-撰写内容简介\SKILL.md","GenreWrapper","女频爱情-撰写内容简介","54","6","女频爱情-撰写内容简介","'用于【女频爱情】题材下的内容简介撰写任务。作为题材包装层、兼容入口与路由层，负责保留女频爱情入口，补充情绪锚定、成长线优先、关系拉扯、柔爽感与现实共鸣边界，并明确要求优先强制加载并使用 `通用-撰写内容简介`。'","'要写哪部女频爱情作品的内容简介？默认按“情绪钩子、人物处境、关系驱动与持续承诺”处理。'","false","False","0","0","0","False","","0","1","题材简介补充规则.md","False","0","False","True","True","False"
"女频爱情\skills\女频爱情-正文润色\SKILL.md","GenreWrapper","女频爱情-正文润色","56","6","女频爱情-正文润色","'用于【女频爱情】题材下的正文润色任务。作为题材包装层、兼容入口与路由层，负责保留女频爱情入口，补充情绪锚定、成长线优先、关系拉扯、柔爽感与现实共鸣边界，并明确要求优先强制加载并使用 `通用-正文润色`。'","'要润哪一章女频爱情正文？默认按“情绪更准、节奏更顺、关系更带电”处理。'","false","False","0","0","0","False","","0","6","章节正文润色检查清单.md;章节正文润色流程.md;正文润色数值双轨禁忌与沉浸控制.md;正文润色增强技法与读者机制.md;正文润色执行流程与输出规范.md;正文润色总裁判与交付规则.md","False","0","False","True","True","False"
"女频爱情\skills\女频爱情-润色作者有话说\SKILL.md","GenreWrapper","女频爱情-润色作者有话说","59","8","女频爱情-润色作者有话说","'用于【女频爱情】题材下的作者有话说润色任务。作为题材包装层、兼容入口与路由层，负责保留女频爱情入口，补充情绪锚定、成长线优先、关系拉扯、柔爽感与现实共鸣边界，并明确要求优先强制加载并使用 `通用-润色作者有话说`。'","'要润哪段女频爱情作者有话说？默认按“读者向小剧场、轻共鸣、少复盘”处理。'","false","False","0","0","0","False","","0","2","题材作者有话说补充规则.md;作者有话说与读者侧产物协同.md","False","0","False","True","True","False"
"女频爱情\skills\女频爱情-生成章节控制卡\SKILL.md","GenreWrapper","女频爱情-生成章节控制卡","55","6","女频爱情-生成章节控制卡","'用于【女频爱情】题材下的章节控制卡生成任务。作为题材包装层、兼容入口与路由层，负责保留女频爱情入口，补充情绪锚定、成长线优先、关系拉扯、柔爽感与现实共鸣边界，并明确要求优先强制加载并使用 `通用-生成章节控制卡`。'","'要为哪一章女频爱情生成控制卡？默认按“成长推进、关系供血、中段回报与章末钩子”处理。'","false","False","0","0","0","False","","0","4","卷首_中段_卷尾分型模板卡.md;可直接复制填写的女频爱情控制卡模板.md;控制卡标题段落与作者有话说策略.md;题材控制卡补充规则.md","False","0","False","True","True","False"
"女频爱情\skills\女频爱情-章节创作闭环\SKILL.md","GenreWrapper","女频爱情-章节创作闭环","69","7","女频爱情-章节创作闭环","'用于【女频爱情】题材下的章节创作闭环任务。作为题材包装层、兼容入口与路由层，负责保留女频爱情入口，补充情绪锚定、成长线优先、关系拉扯、柔爽感与现实共鸣边界，并明确要求优先强制加载并使用 `通用-章节创作闭环`。'","'要跑哪一章或哪几章女频爱情创作闭环？默认按“写前控制→落稿→提纯→回炉”处理。'","false","False","0","0","0","False","","0","4","读者侧产物接线规则.md;控制卡入正文施工与回炉桥.md;题材章节创作闭环补充规则.md;阅读笔记与分章书评路径约定补充.md","False","0","False","True","True","False"
"女频爱情\skills\女频爱情-管理连续性冷热线\SKILL.md","GenreWrapper","女频爱情-管理连续性冷热线","53","6","女频爱情-管理连续性冷热线","'用于【女频爱情】题材下的连续性与冷热线管理任务。作为题材包装层、兼容入口与路由层，负责保留女频爱情入口，补充情绪锚定、成长线优先、关系拉扯、柔爽感与现实共鸣边界，并明确要求优先强制加载并使用 `通用-管理连续性冷热线`。'","'要梳理哪几章女频爱情连续性与冷热线？默认按“旧关系、旧承诺、旧误解、旧伤口与回归窗口”处理。'","false","False","0","0","0","False","","0","1","题材连续性补充规则.md","False","0","False","True","True","False"
"女频爱情\skills\女频爱情-组包投稿材料\SKILL.md","GenreWrapper","女频爱情-组包投稿材料","55","6","女频爱情-组包投稿材料","'用于【女频爱情】题材下的投稿材料组包任务。作为题材包装层、兼容入口与路由层，负责保留女频爱情入口，补充情绪锚定、成长线优先、关系拉扯、柔爽感与现实共鸣边界，并明确要求优先强制加载并使用 `通用-组包投稿材料`。'","'要组哪部女频爱情作品的投稿材料？默认按“分类效率、情绪卖点、成长承诺与材料完整度”处理。'","false","False","0","0","0","False","","0","2","起点内投材料落盘模板.md;题材投稿包补充规则.md","False","0","False","True","True","False"
"女频爱情\skills\女频爱情-设计事件案件引擎\SKILL.md","GenreWrapper","女频爱情-设计事件案件引擎","55","6","女频爱情-设计事件案件引擎","'用于【女频爱情】题材下的事件引擎设计任务。作为题材包装层、兼容入口与路由层，负责保留女频爱情入口，补充情绪锚定、成长线优先、关系拉扯、柔爽感与现实共鸣边界，并明确要求优先强制加载并使用 `通用-设计事件案件引擎`。'","'要设计哪个女频爱情事件引擎？默认按“关系失衡、选择代价、情绪回报与主线供血”处理。'","false","False","0","0","0","False","","0","2","都市现实摩擦与单元事件供血规则.md;README.md","False","0","False","True","True","False"
"女频爱情\skills\女频爱情-设计人物传记\SKILL.md","GenreWrapper","女频爱情-设计人物传记","57","6","女频爱情-设计人物传记","'用于【女频爱情】题材下的人物传记设计任务。作为题材包装层、兼容入口与路由层，负责保留女频爱情入口，补充情绪锚定、成长线优先、关系拉扯、柔爽感与现实共鸣边界，并明确要求优先强制加载并使用 `通用-设计人物传记`。'","'要设计哪份女频爱情人物传记？默认按“底色、棱角、软肋、关系功能与成长弧光”处理。'","false","False","0","0","0","False","","0","8","创新人物设计与心理弧线规范.md;创新性人物设计要点.md;内容一致性与风险校验.md;人物传记模板与写作抓手.md;三级大纲索引模板.md;三级大纲索引示例.md;心理弧线与索引规则.md;质量控制与验证流程.md","False","0","False","True","True","False"
"女频爱情\skills\女频爱情-设计分卷大纲\SKILL.md","GenreWrapper","女频爱情-设计分卷大纲","66","7","女频爱情-设计分卷大纲","'用于【女频爱情】题材下的分卷大纲设计任务。作为题材包装层、兼容入口与路由层，负责保留女频爱情入口，补充情绪锚定、成长线优先、关系拉扯、柔爽感与现实共鸣边界，并明确要求优先强制加载并使用 `通用-设计分卷大纲`。'","'要设计或重写哪份女频爱情分卷大纲？默认按“卷级失衡、阶段回报、关系推进与追读节奏”处理。'","false","False","0","0","0","False","","0","4","分部模板.md;分部与分卷专属设计规则.md;分卷模板与章节工件.md;故事面供血分卷落地与首卷抓手.md","False","0","False","True","True","False"
"女频爱情\skills\女频爱情-设计封面生图提示词\SKILL.md","GenreWrapper","女频爱情-设计封面生图提示词","53","6","女频爱情-设计封面生图提示词","'用于【女频爱情】题材下的封面生图提示词设计任务。作为题材包装层、兼容入口与路由层，负责保留女频爱情入口，补充情绪锚定、成长线优先、关系拉扯、柔爽感与现实共鸣边界，并明确要求优先强制加载并使用 `通用-设计封面生图提示词`。'","'要设计哪部女频爱情作品的封面提示词？默认按“人物辨识、关系氛围、情绪色调与平台展示”处理。'","false","False","0","0","0","False","","0","0","","False","0","False","True","True","False"
"女频爱情\skills\女频爱情-设计总大纲\SKILL.md","GenreWrapper","女频爱情-设计总大纲","56","6","女频爱情-设计总大纲","'用于【女频爱情】题材下的总大纲设计任务。作为题材包装层、兼容入口与路由层，负责保留女频爱情入口，补充情绪锚定、成长线优先、关系拉扯、柔爽感与现实共鸣边界，并明确要求优先强制加载并使用 `通用-设计总大纲`。'","'要设计或重写哪份女频爱情总大纲？默认按“成长线优先、情绪承诺、关系长线与阶段兑现”处理。'","false","False","0","0","0","False","","0","3","故事面联动首卷承诺与平台闭环.md;总纲模板与验收.md;总纲专属设计规则.md","False","0","False","True","True","False"
"女频爱情\skills\女频爱情-设计故事设定\SKILL.md","GenreWrapper","女频爱情-设计故事设定","107","7","女频爱情-设计故事设定","'用于【女频爱情】题材下的规则与故事设定设计任务。作为题材包装层、兼容入口与路由层，负责保留女频爱情入口，补充情绪锚定、成长线优先、关系拉扯、柔爽感与现实共鸣边界，并明确要求优先强制加载并使用 `通用-设计故事设定`。'","'要设计哪份女频爱情规则或设定？默认按“规则边界、情绪后果、身份压力与叙事可用性”处理。'","false","False","0","0","0","False","","0","3","创新性要素库.md;女频爱情设定规则与关系约束补丁.md;示例格式与验证流程.md","False","0","False","True","True","False"
"女频爱情\skills\女频爱情-设计故事面\SKILL.md","GenreWrapper","女频爱情-设计故事面","62","7","女频爱情-设计故事面","'用于【女频爱情】题材下的故事面设计任务。作为题材包装层、兼容入口与路由层，负责保留女频爱情入口，补充情绪锚定、成长线优先、关系拉扯、柔爽感与现实共鸣边界，并明确要求优先强制加载并使用 `通用-设计故事面`。'","'要设计或重写哪个女频爱情故事面？默认按“情绪谜面、成长供血、关系推进与正文可拆性”处理。'","false","False","0","0","0","False","","0","1","都市议题与职业处境耦合清单.md","False","0","False","True","True","False"
"女频爱情\skills\女频爱情-设计标题\SKILL.md","GenreWrapper","女频爱情-设计标题","67","7","女频爱情-设计标题","'用于【女频爱情】题材下的书名设计任务。作为题材包装层、兼容入口与路由层，负责保留女频爱情入口，补充情绪锚定、成长线优先、关系拉扯、柔爽感与现实共鸣边界，并明确要求优先强制加载并使用 `通用-设计标题`。'","'要设计哪部女频爱情作品的书名？默认按“情绪记忆点、关系张力、题材归类与平台吸附”处理。'","false","False","0","0","0","False","","0","2","各平台题材化书名补丁.md;题材书名补充规则.md","False","0","False","True","True","False"
"女频爱情\skills\女频爱情-设计线索伏笔与回收台账\SKILL.md","GenreWrapper","女频爱情-设计线索伏笔与回收台账","55","6","女频爱情-设计线索伏笔与回收台账","'用于【女频爱情】题材下的线索伏笔与回收台账设计任务。作为题材包装层、兼容入口与路由层，负责保留女频爱情入口，补充情绪锚定、成长线优先、关系拉扯、柔爽感与现实共鸣边界，并明确要求优先强制加载并使用 `通用-设计线索伏笔与回收台账`。'","'要设计哪份女频爱情伏笔台账？默认按“情绪埋点、关系埋点、身份信息差与回收窗口”处理。'","false","False","0","0","0","False","","0","1","README.md","False","0","False","True","True","False"
"女频爱情\skills\女频爱情-设计题材定位框架\SKILL.md","GenreWrapper","女频爱情-设计题材定位框架","75","8","女频爱情-设计题材定位框架","'用于【女频爱情】题材下的题材定位框架设计任务。作为题材包装层、兼容入口与路由层，负责保留女频爱情入口，补充情绪锚定、成长线优先、关系拉扯、柔爽感与现实共鸣边界，并明确要求优先强制加载并使用 `通用-设计题材定位框架`。'","'要设计或校准哪个女频爱情题材定位？默认按“读者承诺、情绪抓手、成长逻辑与关系模式”处理。'","false","False","0","0","0","False","","0","2","女频爱情定位与项目裁判源.md;题材边界与入口说明.md","False","0","False","True","True","False"
"女频爱情\skills\女频爱情-输出GoodNovel版\SKILL.md","GenreWrapper","女频爱情-输出GoodNovel版","54","6","女频爱情-输出GoodNovel版","'用于【女频爱情】题材下的GoodNovel 英文输出任务。作为题材包装层、兼容入口与路由层，负责保留女频爱情入口，补充情绪锚定、成长线优先、关系拉扯、柔爽感与平台节奏边界，并明确要求优先强制加载并使用 `通用-输出GoodNovel版`。保关系张力、情绪黏性、跨文化清晰度与持续追读意愿。'","'要把哪一章女频爱情改成GoodNovel版？默认按“保题材底盘，再按平台节奏拉开版本”处理。'","false","False","0","0","0","False","","0","4","分节级补救映射与详细规则回填.md;平台研究补充.md;题材边界与来源.md;执行细则与题材补丁.md","False","0","False","True","True","False"
"女频爱情\skills\女频爱情-输出My Fiction版\SKILL.md","GenreWrapper","女频爱情-输出My Fiction版","54","6","女频爱情-输出My Fiction版","'用于【女频爱情】题材下的My Fiction 英文输出任务。作为题材包装层、兼容入口与路由层，负责保留女频爱情入口，补充情绪锚定、成长线优先、关系拉扯、柔爽感与平台节奏边界，并明确要求优先强制加载并使用 `通用-输出My Fiction版`。保互动感、关系拉扯、情绪即时性与英文平台可读性。'","'要把哪一章女频爱情改成My Fiction版？默认按“保题材底盘，再按平台节奏拉开版本”处理。'","false","False","0","0","0","False","","0","4","分节级补救映射与详细规则回填.md;平台研究补充.md;题材边界与来源.md;执行细则与题材补丁.md","False","0","False","True","True","False"
"女频爱情\skills\女频爱情-输出WebNovel版\SKILL.md","GenreWrapper","女频爱情-输出WebNovel版","54","6","女频爱情-输出WebNovel版","'用于【女频爱情】题材下的WebNovel 英文输出任务。作为题材包装层、兼容入口与路由层，负责保留女频爱情入口，补充情绪锚定、成长线优先、关系拉扯、柔爽感与平台节奏边界，并明确要求优先强制加载并使用 `通用-输出WebNovel版`。保因果清晰、跨文化易读、移动端节奏与持续追更驱动。'","'要把哪一章女频爱情改成WebNovel版？默认按“保题材底盘，再按平台节奏拉开版本”处理。'","false","False","0","0","0","False","","0","4","分节级补救映射与详细规则回填.md;平台研究补充.md;题材边界与来源.md;执行细则与题材补丁.md","False","0","False","True","True","False"
"女频爱情\skills\女频爱情-输出出版社版\SKILL.md","GenreWrapper","女频爱情-输出出版社版","54","6","女频爱情-输出出版社版","'用于【女频爱情】题材下的出版社风格输出任务。作为题材包装层、兼容入口与路由层，负责保留女频爱情入口，补充情绪锚定、成长线优先、关系拉扯、柔爽感与平台节奏边界，并明确要求优先强制加载并使用 `通用-输出出版社版`。保结构完整、情绪克制、文句干净与审稿友好，不洗成失温说明稿。'","'要把哪一章女频爱情改成出版社版？默认按“保题材底盘，再按平台节奏拉开版本”处理。'","false","False","0","0","0","False","","0","4","分节级补救映射与详细规则回填.md;平台研究补充.md;题材边界与来源.md;执行细则与题材补丁.md","False","0","False","True","True","False"
"女频爱情\skills\女频爱情-输出微信订阅号版\SKILL.md","GenreWrapper","女频爱情-输出微信订阅号版","54","6","女频爱情-输出微信订阅号版","'用于【女频爱情】题材下的微信订阅号平台输出任务。作为题材包装层、兼容入口与路由层，负责保留女频爱情入口，补充情绪锚定、成长线优先、关系拉扯、柔爽感与平台节奏边界，并明确要求优先强制加载并使用 `通用-输出微信订阅号版`。保顺滑段落、熟人传播语感、情绪共鸣与章内微钩子，不洗成硬广式摘要。'","'要把哪一章女频爱情改成微信订阅号版？默认按“保题材底盘，再按平台节奏拉开版本”处理。'","false","False","0","0","0","False","","0","4","分节级补救映射与详细规则回填.md;平台研究补充.md;题材边界与来源.md;执行细则与题材补丁.md","False","0","False","True","True","False"
"女频爱情\skills\女频爱情-输出番茄版\SKILL.md","GenreWrapper","女频爱情-输出番茄版","54","6","女频爱情-输出番茄版","'用于【女频爱情】题材下的番茄平台输出任务。作为题材包装层、兼容入口与路由层，负责保留女频爱情入口，补充情绪锚定、成长线优先、关系拉扯、柔爽感与平台节奏边界，并明确要求优先强制加载并使用 `通用-输出番茄版`。保情绪钩子、强翻页感、快反馈与高密度回报，不洗成慢热散文稿。'","'要把哪一章女频爱情改成番茄版？默认按“保题材底盘，再按平台节奏拉开版本”处理。'","false","False","0","0","0","False","","0","4","分节级补救映射与详细规则回填.md;平台研究补充.md;题材边界与来源.md;执行细则与题材补丁.md","False","0","False","True","True","False"
"女频爱情\skills\女频爱情-输出知乎版\SKILL.md","GenreWrapper","女频爱情-输出知乎版","54","6","女频爱情-输出知乎版","'用于【女频爱情】题材下的知乎平台输出任务。作为题材包装层、兼容入口与路由层，负责保留女频爱情入口，补充情绪锚定、成长线优先、关系拉扯、柔爽感与平台节奏边界，并明确要求优先强制加载并使用 `通用-输出知乎版`。保情绪闭环、逻辑清晰、讨论感与当场反击的追读驱动，不洗成观点短文。'","'要把哪一章女频爱情改成知乎版？默认按“保题材底盘，再按平台节奏拉开版本”处理。'","false","False","0","0","0","False","","0","4","分节级补救映射与详细规则回填.md;平台研究补充.md;题材边界与来源.md;执行细则与题材补丁.md","False","0","False","True","True","False"
"女频爱情\skills\女频爱情-输出豆瓣版\SKILL.md","GenreWrapper","女频爱情-输出豆瓣版","54","6","女频爱情-输出豆瓣版","'用于【女频爱情】题材下的豆瓣平台输出任务。作为题材包装层、兼容入口与路由层，负责保留女频爱情入口，补充情绪锚定、成长线优先、关系拉扯、柔爽感与平台节奏边界，并明确要求优先强制加载并使用 `通用-输出豆瓣版`。保真实女性处境、审美表达、细节余韵与克制爽感，不洗成空文艺稿。'","'要把哪一章女频爱情改成豆瓣版？默认按“保题材底盘，再按平台节奏拉开版本”处理。'","false","False","0","0","0","False","","0","4","分节级补救映射与详细规则回填.md;平台研究补充.md;题材边界与来源.md;执行细则与题材补丁.md","False","0","False","True","True","False"
"女频爱情\skills\女频爱情-输出起点中文网版\SKILL.md","GenreWrapper","女频爱情-输出起点中文网版","48","6","女频爱情-输出起点中文网版","女频爱情题材的起点中文网版输出包装层。路由到 通用-输出起点中文网版，并叠加女频爱情题材专项补丁与禁行项。","要把哪一章输出为起点中文网版（女频爱情）？默认执行：加载通用-输出起点中文网版 + 题材补丁。","false","False","0","0","0","False","","0","0","","False","0","False","True","True","False"
"小说分发\分发-B站\SKILL.md","Distribution","分发-B站","387","17","分发-B站","用于将“B站/”目录内指定章节批量上传到 B 站创作中心并保存为草稿。支持按 README.md 读取账号、密码、作者笔名、小说名称与文集映射信息，自动执行登录、按新建/修改分流填写标题与正文、完成发布设置（原创声明/文集）并保存草稿，同时回写章节Id或待回填状态到分发记录。关键词：B站上传、专栏草稿、批量传章、原创声明、文集、保存为草稿。","给我 chapterPath 或 chapterPaths（位于“B站/”目录），我会按 README.md 的账号与书籍信息逐章上传并保存为草稿，同时回写章节Id或待回填状态。","true","False","1","0","0","True","","0","0","","False","0","False","False","False","False"
"小说分发\分发-GoodNovel\SKILL.md","Distribution","分发-GoodNovel","432","16","分发-GoodNovel","用于将 `GoodNovel/` 目录内指定章节批量上传到 GoodNovel 作者后台并保存。支持按 `GoodNovel/README.md` 读取账号、密码、书籍Id、书名校验，自动进入新建/修改章节页、填写合并标题输入框、粘贴正文并保存。该平台无作者有话说入口、且无可稳定获取章节ID的接口，流程改用“章节唯一键 + 列表标题/状态快照”判定已上传与修改。关键词：GoodNovel 上传、章节保存、批量传章、无章节ID记录方案、英文平台。","给我 chapterPath 或 chapterPaths（位于 `GoodNovel/` 目录），我会按 `GoodNovel/README.md` 的账号与书籍信息逐章上传并保存；如需登录会暂停等待你手动完成。","true","False","0","0","0","False","","0","0","","False","0","False","False","False","False"
"小说分发\分发-My Fiction\SKILL.md","Distribution","分发-My Fiction","443","16","分发-My Fiction","用于将 `My Fiction/` 目录内指定章节批量上传到 My Fiction 作者后台并保存。支持按 `My Fiction/README.md` 读取账号、密码、书籍Id、书名与书籍信息校验，自动进入新建/修改章节页，填写单一章节标题输入框，录入正文与作者有话说，保存后循环处理下一章。关键词：My Fiction 上传、作者后台、章节保存、批量传章、作者有话说、英文平台。","给我 chapterPath 或 chapterPaths（位于 `My Fiction/` 目录），我会按 `My Fiction/README.md` 的账号与书籍信息逐章上传并保存，同时在需要登录时暂停等待你手动完成登录。","true","False","0","0","0","False","","0","0","","False","0","False","False","False","False"
"小说分发\分发-WebNovel\SKILL.md","Distribution","分发-WebNovel","517","17","分发-WebNovel","用于将 `WebNovel/` 目录内指定章节批量上传到 WebNovel（Inkstone）作者后台并保存。支持按 `WebNovel/README.md` 读取账号、密码、书籍Id、书名与卷名校验，自动进入新建/修改章节页，填写合并标题输入框，录入正文与作者有话说，保存后循环处理下一章。关键词：WebNovel 上传、Inkstone、章节保存、批量传章、作者有话说、章节编辑。","给我 chapterPath 或 chapterPaths（位于 `WebNovel/` 目录），我会按 `WebNovel/README.md` 的账号与书籍信息逐章上传并保存，同时在需要登录时暂停等待你手动完成登录。","true","False","1","0","0","True","","0","0","","False","0","False","False","False","False"
"小说分发\分发-七猫小说\SKILL.md","Distribution","分发-七猫小说","511","16","分发-七猫小说","用于将“七猫小说/”目录内指定章节批量上传到七猫小说网写作后台并保存为草稿。支持按 README 读取账号、密码、七猫书籍 ID、书名校验，自动执行登录、章节信息填写、正文粘贴、作者有话说添加与存草稿循环。关键词：七猫上传、保存草稿、批量传章、七猫写作后台、作者有话说。","给我 chapterPath 或 chapterPaths（位于“七猫小说/”目录），我会按 README 的账号与书籍信息逐章上传并存草稿。","true","False","1","0","0","True","","0","0","","False","0","False","False","False","False"
"小说分发\分发-今日头条\SKILL.md","Distribution","分发-今日头条","390","17","分发-今日头条","用于将""今日头条/""目录内指定章节批量上传到今日头条作者后台并保存为草稿。支持按 README.md 读取账号、密码、作者笔名、小说名称与书籍ID，自动执行登录、按新建/修改分流填写标题与正文、完成发布设置（声明首发/合集）。系统自动保存，无需手动点击保存按钮。关键词：今日头条上传、自动保存、批量传章、声明首发、合集、草稿。","给我 chapterPath 或 chapterPaths（位于""今日头条/""目录），我会按 README.md 的账号与书籍信息逐章上传并自动保存，同时回写章节Id。","true","False","1","0","0","True","","0","0","","False","0","False","False","False","False"
"小说分发\分发-小红书\SKILL.md","Distribution","分发-小红书","407","18","分发-小红书","用于将“小红书/”目录内指定章节批量上传到小红书创作者后台并暂存草稿。支持按 README.md 读取作者笔名、小说名称与合集映射信息，自动执行登录状态检查（需用户手动登录）、按新增/修改分流填写标题与正文并“暂存离开”，同时回写无章节Id场景下的草稿追踪记录。关键词：小红书上传、长文笔记、暂存离开、草稿箱、长文合集、批量传章。","给我 chapterPath 或 chapterPaths（位于“小红书/”目录），我会按 README.md 的书籍信息逐章上传并暂存离开，同时回写草稿追踪记录。","true","False","1","0","0","True","","0","0","","False","0","False","False","False","False"
"小说分发\分发-微信订阅号\SKILL.md","Distribution","分发-微信订阅号","418","18","分发-微信订阅号","用于将“微信订阅号/”目录内指定章节批量上传到微信公众平台（订阅号）后台并保存为草稿。支持按 README.md 读取账号、密码、作者笔名、小说名称与微信书籍ID，自动执行登录、获取本次会话 token、按新建/修改分流填写标题与正文、完成文章设置（作者有话说/原创声明/合集）并保存草稿，同时回写文章Id到分发记录。关键词：微信订阅号上传、公众号发布、保存草稿、批量传章、原创声明、合集。","给我 chapterPath 或 chapterPaths（位于“微信订阅号/”目录），我会按 README.md 的账号与书籍信息逐章上传并保存草稿，同时回写文章Id。","true","False","1","0","0","True","","0","0","","False","0","False","False","False","False"
"小说分发\分发-新浪微博\SKILL.md","Distribution","分发-新浪微博","374","17","分发-新浪微博","用于将""新浪微博/""目录内指定章节批量上传到新浪微博文章后台并保存草稿。支持按 README.md 读取账号、密码、作者笔名、小说名称与专栏映射信息，自动执行登录、按新建/修改分流填写标题与正文、完成专栏设置并保存草稿，同时回写章节Id到分发记录。关键词：新浪微博上传、文章草稿、批量传章、微博专栏、保存草稿。","给我 chapterPath 或 chapterPaths（位于""新浪微博/""目录），我会按 README.md 的账号与书籍信息逐章上传并保存草稿，同时回写章节Id。","true","False","1","0","0","True","","0","0","","False","0","False","False","False","False"
"小说分发\分发-番茄小说\SKILL.md","Distribution","分发-番茄小说","383","16","分发-番茄小说","用于将“番茄小说/”目录内指定章节批量上传到番茄小说网写作后台并保存为草稿。支持按 README.md 读取账号、密码、书籍ID、书名与卷名校验，自动执行登录、章节信息填写、正文粘贴、作者有话说添加与存草稿循环。关键词：番茄上传、保存草稿、批量传章、番茄写作后台、作者有话说。","给我 chapterPath 或 chapterPaths（位于“番茄小说/”目录），我会按 README.md 的账号与书籍信息逐章上传并存草稿。","true","False","1","0","0","True","","0","0","","False","0","False","False","False","False"
"小说分发\分发-百度百家号\SKILL.md","Distribution","分发-百度百家号","475","17","分发-百度百家号","用于将“百度百家号/”目录内指定章节批量上传到百度百家号作者后台并保存为草稿。支持按 README.md 读取账号、密码、作者笔名、小说名称与百家号书籍ID，自动执行登录、按新建/修改分流填写标题与正文、完成基础信息必选项配置并保存草稿，同时回写章节Id到分发记录。关键词：百度百家号上传、保存草稿、批量传章、付费专栏、章节新建、章节修改。","给我 chapterPath 或 chapterPaths（位于“百度百家号/”目录），我会按 README.md 的账号与书籍信息逐章上传并保存草稿，同时回写章节Id。","true","False","1","0","0","True","","0","0","","False","0","False","False","False","False"
"小说分发\分发-知乎小说\SKILL.md","Distribution","分发-知乎小说","406","19","分发-知乎小说","用于将“知乎/”目录内指定章节批量上传到知乎作者后台并保存稿件。支持按 README.md 读取账号、密码、知乎书籍ID与书名校验，自动执行登录、进入作品管理、按新建/修改分流填写平台合规标题与正文、保存稿件，并回写章节Id到分发记录。关键词：知乎上传、保存稿件、批量传章、知乎作者后台、中长篇作品、增加小节。","给我 chapterPath 或 chapterPaths（位于“知乎/”目录），我会按 README.md 的账号与书籍信息逐章上传并保存稿件，同时回写章节Id。","true","False","1","0","0","True","","0","0","","False","0","False","False","False","False"
"小说分发\分发-纵横中文网\SKILL.md","Distribution","分发-纵横中文网","369","16","分发-纵横中文网","用于将“纵横小说/”目录内指定章节批量上传到纵横中文网作者后台并保存为草稿。支持按 README 读取账号、密码、纵横书籍 ID、书名校验，自动执行登录、新建/修改章节分流、填写“第X章 标题”合并标题、正文与作者有话说录入、保存草稿及章节Id回写。关键词：纵横上传、保存草稿、批量传章、纵横作者后台、作者有话说、章节Id回写。","给我 chapterPath 或 chapterPaths（位于“纵横小说/”目录），我会按 README 的账号与书籍信息逐章上传并保存草稿，同时回写章节Id。","true","False","1","0","0","True","","0","0","","False","0","False","False","False","False"
"小说分发\分发-豆瓣\SKILL.md","Distribution","分发-豆瓣","528","17","分发-豆瓣","用于将""豆瓣/""目录内指定章节批量上传到豆瓣阅读作者后台并保存为草稿。支持按 README.md 读取账号、密码、豆瓣书籍ID、书名与卷名校验，自动执行登录、章节信息填写、正文粘贴、作者的话添加与存草稿循环。关键词：豆瓣上传、保存草稿、批量传章、豆瓣作者后台、作者的话。","给我 chapterPath 或 chapterPaths（位于""豆瓣/""目录），我会按 README.md 的账号与书籍信息逐章上传并存草稿。","true","False","1","0","0","True","","0","0","","False","0","False","False","False","False"
"小说分发\分发-起点中文网\SKILL.md","Distribution","分发-起点中文网","460","17","分发-起点中文网","用于将 `起点中文网/` 目录内指定章节批量上传到起点中文网作者后台并保存为草稿。支持按 `起点中文网/README.md` 读取账号、密码、起点书籍Id、书名与卷名校验，自动执行登录、进入新建/修改章节页、填写合并标题输入框、粘贴正文、添加作家的话、保存草稿，并在保存后从左侧章节列表反查章节Id并写回 `起点中文网/分发记录.md`。关键词：起点上传、起点中文网、保存草稿、批量传章、作家的话、章节Id回写。","给我 chapterPath 或 chapterPaths（位于 `起点中文网/` 目录），我会按 `起点中文网/README.md` 的账号与书籍信息逐章上传并保存草稿，同时回写章节Id。","true","False","1","0","0","True","","0","0","","False","0","False","False","False","False"
"异能志怪\skills\异能志怪-分析竞对作品\SKILL.md","GenreWrapper","异能志怪-分析竞对作品","93","10","异能志怪-分析竞对作品","""用于【异能志怪】题材下搜索起点中文网等目标平台的同题材 TopN 候选池，先锁定榜单与样本池，再从中收束 3–5 本主样本做四层深拆式竞对分析。作为题材包装层与路由层，负责保留异能志怪标准入口名，补充现实身份、异术机制、规则边界、代价、单元案供血与长线升级等题材维度，并明确要求优先强制加载并使用 `通用-分析竞对作品`。关键词：异能志怪竞对分析、异能志怪竞品分析、起点异能榜单、志怪标杆拆解、都市异术竞对报告。""","""请输入要服务的异能志怪项目、目标平台、TopN 的 N 值（默认 10）以及报告落盘目录；若未指定，默认以起点中文网为主，并先锁定 Top10 候选池，再收束 3–5 本主样本写入当前工作目录或 `异能志怪/竞对分析/`。""","false","False","0","0","0","False","","0","1","异能志怪竞对分析补充维度.md","False","0","False","True","True","False"
"异能志怪\skills\异能志怪-创建小说正文\SKILL.md","GenreWrapper","异能志怪-创建小说正文","97","13","异能志怪-创建小说正文","'创建异能志怪题材章节正文、作者有话说与章节后记。用于按分卷大纲、人物传记、设定与写作研究，直接新写、重写或扩写都市异术超能 / 志怪连载章节；作为题材包装层与路由层，负责保留异能志怪标准入口名，并要求生成的 `","'要写哪一章？默认同时考虑起点追读、城市现实针脚、规则代价、证据嵌入、章末钩子与文件直接回写。'","false","False","0","0","0","False","","0","3","控制卡到正文落稿映射清单.md;题材定位与硬约束.md;题材技法与样例.md","False","0","False","True","True","False"
"异能志怪\skills\异能志怪-去AI味重写\SKILL.md","GenreWrapper","异能志怪-去AI味重写","123","15","异能志怪-去AI味重写","'Use when: 去AI味、都市志怪去AI味、都市异能去AI味、真实性修订、现实针脚保护、职业感保护、规则术语保护、对话去模板化、章节自然化、避免洗平文风。用于【异能志怪】题材下的去AI味重写、表达去模板化与风格回地；作为题材包装层与路由层，负责保留异能志怪标准入口名，并明确要求优先强制加载并使用 `通用-去AI味重写`。'","'要处理哪一章、哪一场景或哪几段？默认以“保信息、保现实针脚、保规则边界、保人物声音”为硬约束。'","false","False","0","0","0","False","","0","8","角色声口与连载节奏保护.md;控制卡正文润色审阅到去AI味桥接清单.md;题材边界与入口说明.md;de-ai-revision-card-template.md;de-ai-urban-weird-checklist.md;line-level-rewrite-actions.md;migrated-authenticity-rules.md;profession-and-rule-term-preservation.md","False","0","False","True","True","False"
"异能志怪\skills\异能志怪-多平台小说适配\SKILL.md","GenreWrapper","异能志怪-多平台小说适配","41","5","异能志怪-多平台小说适配","'用于【异能志怪】题材下的多平台适配策略与改写前推演。作为题材包装层、兼容入口与路由层，负责保留异能志怪入口名、补充题材差异保真要求，并明确要求优先强制加载并使用 `通用-多平台小说适配`。'","'例如：把异能志怪母稿适配到起点、番茄、七猫、B站、WebNovel 等平台前先做策略拉开。'","false","False","0","0","0","False","","0","1","题材多平台适配补充规则.md","False","0","False","True","True","False"
"异能志怪\skills\异能志怪-多平台输出编排\SKILL.md","GenreWrapper","异能志怪-多平台输出编排","58","6","异能志怪-多平台输出编排","'用于【异能志怪】题材下的多平台输出 SOP 编排。作为题材包装层、兼容入口与路由层，负责保留异能志怪入口名，并明确要求优先强制加载并使用 `通用-多平台输出编排`，同时在多平台分发前先锁定母稿底盘与题材差异。'","'例如：把某章或连续多章输出到番茄、知乎、微信订阅号与 WebNovel，并自动落盘、质检与生成摘要。'","false","False","0","0","0","False","","0","1","题材多平台输出保真规则.md","False","0","False","True","True","False"
"异能志怪\skills\异能志怪-大纲审阅优化闭环\SKILL.md","GenreWrapper","异能志怪-大纲审阅优化闭环","80","10","异能志怪-大纲审阅优化闭环","'用于【异能志怪】题材下的提纲审阅优化 SOP 编排。作为题材包装层、兼容入口与路由层，负责保留异能志怪入口名，并明确要求优先强制加载并使用 `通用-大纲审阅优化闭环`，同时按总纲 / 分卷对象分流到对应题材审阅与设计 Skill。'","'例如：把某份总纲或分卷大纲反复审改到综合评分 > 9.2，并持续覆盖同一份主审阅报告。'","false","False","0","0","0","False","","0","1","题材大纲闭环补充规则.md","False","0","False","True","True","False"
"异能志怪\skills\异能志怪-审阅人物传记\SKILL.md","GenreWrapper","异能志怪-审阅人物传记","51","6","异能志怪-审阅人物传记","'用于【异能志怪】题材下的人物传记审阅、问题定位与修订建议。作为题材包装层、兼容入口与路由层，负责保留异能志怪入口名、补充双层身份与代价一致性检查，并明确要求优先强制加载并使用 `通用-审阅人物传记`。'","'例如：审阅异能志怪人物传记是否具备职业真实感、能力边界、成长弧线与团队功能分工。'","false","False","0","0","0","False","","0","1","题材人物审阅模板补充.md","False","0","False","True","True","False"
"异能志怪\skills\异能志怪-审阅分卷大纲\SKILL.md","GenreWrapper","异能志怪-审阅分卷大纲","378","25","异能志怪-审阅分卷大纲","'Use when: 审阅分部大纲、分卷大纲、单元案大纲、卷级节奏布点、5/15节奏、章末钩子策略、章节可拆章性、能力机制递进、人物代价升级、分卷审阅报告。常见说法：审分卷、看卷纲、查节奏、看钩子、查可拆章性、看单元案、看中段会不会塌、看卷内回报设计。关键词：审阅分部大纲、审阅分卷大纲、单元案审阅、节奏布点、钩子策略、可拆章性。'","'要审阅哪个分部/分卷/单元案文件？请默认同时检查其上一级分配内容是否已全量落地。'","false","False","0","0","0","False","","0","2","题材分卷审阅补充规则.md;题材分卷审阅模板补充.md","False","0","False","True","True","False"
"异能志怪\skills\异能志怪-审阅总大纲\SKILL.md","GenreWrapper","异能志怪-审阅总大纲","341","25","异能志怪-审阅总大纲","'Use when: 审阅总大纲、全书大纲、战略层大纲、主线谜团M0、重要支线X01-XNN、单元案矩阵C01-CNN、跨卷规划、里程碑锚点、系列连贯性、机制递进、终局闭环、总纲审阅报告。常见说法：审总纲、看全书结构、检查主线、看战略层、看终局闭环、看长线规划、总纲诊断、总纲体检。关键词：审阅总大纲、全书总纲、战略层审阅、主线谜团、单元案矩阵、跨卷规划、系列连贯性。'","'要审阅哪组总纲文件？默认按“总纲包”理解，如 `小说总大纲.md` + `故事面/` + `伏笔与呼应总纲.md`。'","false","False","0","0","0","False","","0","2","题材总纲审阅补充规则.md;题材总纲审阅模板补充.md","False","0","False","True","True","False"
"异能志怪\skills\异能志怪-审阅故事设定\SKILL.md","GenreWrapper","异能志怪-审阅故事设定","95","7","异能志怪-审阅故事设定","'用于【异能志怪】题材下的技术 / 规则 / 程序设定审阅。作为题材包装层、兼容入口与路由层，负责保留异能志怪入口名、补充民俗异术与现实制度摩擦检查，并明确要求优先强制加载并使用 `通用-审阅故事设定`。'","'例如：审阅异能志怪故事设定是否可叙事、可取证、有代价、可反制。'","false","False","0","0","0","False","","0","1","题材技术审阅模板补充.md","False","0","False","True","True","False"
"异能志怪\skills\异能志怪-审阅章节正文\SKILL.md","GenreWrapper","异能志怪-审阅章节正文","134","21","异能志怪-审阅章节正文","'Use when: 审章节正文、执行层审阅、都市异能章节体检、都市志怪章节体检、章首抓力、中段兑现、现实锚点、证据公平、规则边界、代价升级、章末钩子、章节返工建议。用于【异能志怪】题材下的章节正文审阅、问题定位与修订建议；作为题材包装层与路由层，负责保留异能志怪标准入口名，并明确要求优先强制加载并使用 `通用-审阅章节正文`。'","'要审哪一章或哪组章节？默认按“异能志怪章节执行层体检 + 可回写建议”处理。'","false","False","0","0","0","False","","0","11","本Skill核心任务.md;控制卡与正文执行偏差检查清单.md;审阅输出实际目标.md;题材边界与入口说明.md;题材章节正文审阅模板补充.md;正文审阅到回炉分流表.md;执行顺序.md;execution-failure-remedies.md;execution-scoring-rubric.md;issue-severity-matrix.md;migrated-chapter-execution-review-rules.md","False","0","False","True","True","False"
"异能志怪\skills\异能志怪-小说项目初始化\SKILL.md","GenreWrapper","异能志怪-小说项目初始化","146","9","异能志怪-小说项目初始化","'用于【异能志怪】题材下的项目级战略初始化——在选定平台后、设计大纲之前，补充异能志怪特有的超凡规则体系、现实锚点设计、民俗/都市传说素材库索引、平台适配偏好与题材红线。作为题材包装层与路由层，强制加载并使用 `通用-小说项目初始化`。'","'--platform 起点 --genre 异能志怪。初始化哪本异能志怪新书？'","false","False","1","0","0","True","","0","0","","False","0","False","True","True","False"
"异能志怪\skills\异能志怪-平台签约评估框架\SKILL.md","GenreWrapper","异能志怪-平台签约评估框架","186","19","异能志怪-平台签约评估框架","'用于【异能志怪】题材下以默认极严、保守、负面证据优先的口径评估作品在{目标平台}的签约、过稿与连载潜力。Use when: 平台签约评估、极严评估、签约概率评估、内投体检、黄金三章审查、题材适配审查、开篇签约预判、连载可签性诊断、总纲闸门预评估、分卷闸门预评估、正文准入评估、签约审核标准、自查签约概率、竞品威胁评估。作为题材包装层与路由层，负责保留异能志怪标准入口名，并明确要求优先强制加载并使用 `通用-平台签约评估框架`。'","'提供书名/简介和目标平台（起点/七猫/番茄/晋江等），并说明当前材料位于总纲、分卷还是正文阶段；本 Skill 默认即采用极严保守口径（继承自通用-平台签约评估框架），并强制回答""当前层是否适合推进下一层""；默认同时检查题材适配、创新性、人设合理性、黄金三章、长线供血与投稿准备。'","false","False","0","0","0","False","","0","6","起点异能志怪黄金三章与长线供血补充.md;题材边界与入口说明.md;probability-bands-and-vetoes.md;qidian-signing-report-template.md;qidian-signing-rubric.md;urban-weird-qidian-fit-checklist.md","False","0","False","True","True","False"
"异能志怪\skills\异能志怪-强化章末钩子\SKILL.md","GenreWrapper","异能志怪-强化章末钩子","61","7","异能志怪-强化章末钩子","'Use when: 章末钩子强化、结尾强化、下一章不得不看、章尾不够硬、最后一下没落住、章末翻页感不足。常见说法：把结尾钩硬一点、最后一段不够勾人、让读者必须点下一章、别把结尾写成感慨。'","'要强化哪一章的结尾？默认只处理最后一段到最后约 150–300 字。'","false","False","0","0","0","False","","0","2","控制卡到章末钩子映射清单.md;题材章末钩子补充规则.md","False","0","False","False","True","False"
"异能志怪\skills\异能志怪-强化章节开头\SKILL.md","GenreWrapper","异能志怪-强化章节开头","72","9","异能志怪-强化章节开头","'用于【异能志怪】题材下的章首抓眼、反常切入与第一屏钩子强化。作为题材包装层与路由层，负责保留异能志怪标准入口名，并明确要求优先强制加载并使用 `通用-强化章节开头`。'","'例如：把异能志怪章节开头改得更快入局、更有反常信号与危险感。'","false","False","0","0","0","False","","0","2","控制卡到章首强化映射清单.md;题材边界与入口说明.md","False","0","False","True","True","False"
"异能志怪\skills\异能志怪-执行场景单元\SKILL.md","GenreWrapper","异能志怪-执行场景单元","95","11","异能志怪-执行场景单元","'Use when: 场景单元施工、章节微型剧本、抓眼开场、楼道、电梯、值班室、出租屋、地下车库、医院走廊、办公室后区、微空间惊悚、日常异化场景。用于【异能志怪】题材下的章节场景施工、微型剧本与抓眼开场；作为题材包装层与路由层，负责保留异能志怪标准入口名，并明确要求优先强制加载并使用 `通用-执行场景单元`。'","'要处理哪一章、哪一场景或哪类微空间？默认同时考虑抓眼入口、现实针脚、空间压迫、规则代价与章尾推动。'","false","False","0","0","0","False","","0","8","控制卡到场景单元映射清单.md;题材边界与入口说明.md;microspace-ending-needle-bank.md;microspace-evidence-carrier-menu.md;microspace-scene-anti-patterns.md;microspace-space-specific-line-bank.md;sensory-and-distortion-toolbox.md;space-type-usage-matrix.md","False","0","False","True","True","False"
"异能志怪\skills\异能志怪-执行对话冲突\SKILL.md","GenreWrapper","异能志怪-执行对话冲突","62","8","异能志怪-执行对话冲突","'用于【异能志怪】题材下的审讯、试探、争执、谈判与规则对峙场景。作为题材包装层、兼容入口与路由层，负责保留异能志怪入口名、补充职业语体与异术规则边界，并明确要求优先强制加载并使用 `通用-执行对话冲突`。'","'例如：把异能志怪的关键对话改得更有职业压迫感、潜台词与风险升级。'","false","False","0","0","0","False","","0","2","控制卡到对话冲突映射清单.md;题材对话冲突补充规则.md","False","0","False","True","True","False"
"异能志怪\skills\异能志怪-执行微空间受限场景\SKILL.md","GenreWrapper","异能志怪-执行微空间受限场景","105","11","异能志怪-执行微空间受限场景","'Use when: 微空间受限场景、楼道、电梯、值班室、地下车库、出租屋、医院走廊、候诊区、办公室后区、贴脸惊悚、日常异化场景。用于【异能志怪】题材下的微空间或受限空间场景施工；作为题材包装层、兼容入口与路由层，负责保留异能志怪标准入口名，并明确要求优先强制加载并使用 `通用-执行微空间受限场景`。'","'要处理哪一章、哪一场微空间，或哪种受限环境？默认同时考虑现实功能、微反常升级、规则代价、证据入场与章尾余震。'","false","False","0","0","0","False","","0","6","感官压迫与代入针法.md;开场与章尾钩子清单.md;控制卡到微空间映射清单.md;民俗异术触发与代价表.md;题材边界与入口说明.md;微空间类型与现实功能表.md","False","0","False","True","True","False"
"异能志怪\skills\异能志怪-提纯多平台母稿\SKILL.md","GenreWrapper","异能志怪-提纯多平台母稿","45","5","异能志怪-提纯多平台母稿","'Use when: 多平台母稿提纯、平台改写前清母稿、派生前提纯、跨平台源稿整理、平台无关核心稿、为番茄知乎豆瓣出版社英文版准备母稿。常见说法：先把这章提成母稿、做一个多平台可改写的干净底稿、把平台腔洗掉再派生、先提纯再多平台输出。'","'要提纯哪一章或哪份母稿？默认按“保事件链、保情绪主轴、保钩子，去平台口癖与重复壳层”处理。'","false","False","0","0","0","False","","0","0","","False","0","False","False","True","False"
"异能志怪\skills\异能志怪-撰写书评\SKILL.md","GenreWrapper","异能志怪-撰写书评","82","10","异能志怪-撰写书评","'用于【异能志怪】题材下的全书 / 分部 / 分卷 / 分章书评撰写、重写与审计。作为题材包装层、兼容入口与路由层，负责保留异能志怪入口名、补充都市异术超能 / 悬疑的抓手与平台传播边界，并明确要求优先强制加载并使用 `通用-撰写书评`。'","'例如：给《作品名》的第 1 卷写一篇偏起点节奏向、但不剧透的异能志怪书评。'","false","False","0","0","0","False","","0","2","普通读者异能志怪书评切口库.md;题材书评补充规则.md","False","0","False","True","True","False"
"异能志怪\skills\异能志怪-撰写内容简介\SKILL.md","GenreWrapper","异能志怪-撰写内容简介","41","5","异能志怪-撰写内容简介","'用于【异能志怪】题材下的内容简介撰写、压缩与适配。作为题材包装层、兼容入口与路由层，负责保留异能志怪入口名、补充题材卖点与持续承诺，并明确要求优先强制加载并使用 `通用-撰写内容简介`。'","'例如：写一版既突出异术规则与现实代价、又能勾住平台读者的异能志怪简介。'","false","False","0","0","0","False","","0","1","题材简介补充规则.md","False","0","False","True","True","False"
"异能志怪\skills\异能志怪-正文润色\SKILL.md","GenreWrapper","异能志怪-正文润色","172","16","异能志怪-正文润色","'Use when: 正文润色、章节精修、文风精修、语言提纯、节奏打磨、起点风格润色、中段回报强化、章末钩子强化、镜头感提升、人物情绪细修。常见说法：帮我润这章、把这段写顺一点、别改信息只提质感、把中段打磨得更抓人、把钩子和回报润出来。'","'要润哪一章、哪一场景或哪几段？默认按“信息零损失 + 起点追读节奏 + 现实针脚保真”处理。'","false","False","0","0","0","False","","0","7","控制卡与正文偏差检查清单.md;extended-polish-playbook.md;extended-reference-routing.md;line-level-polish-actions.md;migrated-polish-rules.md;polish-chapter-checklist.md;project-specific-polish-rules.md","False","0","False","False","True","False"
"异能志怪\skills\异能志怪-润色作者有话说\SKILL.md","GenreWrapper","异能志怪-润色作者有话说","86","13","异能志怪-润色作者有话说","'用于【异能志怪】题材下的作者有话说、章后小剧场与读者沟通润色。作为题材包装层与路由层，负责保留异能志怪标准入口名，补“一个微异细节 + 一点余波 + 一个小问题”的章后口感，并明确要求优先强制加载并使用 `通用-润色作者有话说`。'","'例如：把异能志怪章后作者有话说改得更有亲和力、更贴题材、更不出戏；默认按“轻微异感、不泄底、不讲民俗设定说明”处理。'","false","False","0","0","0","False","","0","2","题材边界与入口说明.md;章节闭环读者侧接入说明.md","False","0","False","True","True","False"
"异能志怪\skills\异能志怪-生成章节控制卡\SKILL.md","GenreWrapper","异能志怪-生成章节控制卡","111","13","异能志怪-生成章节控制卡","'Use when: 写前控制卡、章节控制卡、章节作战卡、场景单元拆分、本章任务、本章回报、冷线回归、章名候选、章末钩子、章节施工卡。常见说法：先给我这章控制卡、这一章到底该推进什么、帮我把这章拆成几个场景、本章写前作战卡、这章的章名候选。'","'要给哪一章或哪组章纲生成控制卡？默认同时检查卷纲、冷线、回报、章末钩子与章名候选。'","false","False","0","0","0","False","","0","4","卷纲到控制卡映射清单.md;卷首中段卷尾分型模板卡.md;题材控制卡补充规则.md;题材控制卡可复制模板.md","False","0","False","False","True","False"
"异能志怪\skills\异能志怪-章节创作闭环\SKILL.md","GenreWrapper","异能志怪-章节创作闭环","94","10","异能志怪-章节创作闭环","'用于【异能志怪】题材下的完整章节创作 SOP 编排。作为题材包装层、兼容入口与路由层，负责保留异能志怪入口名，并明确要求先加载并使用 `通用-章节创作闭环`，同时补回题材写作链、规则代价、连续性台账、9.2+ 门槛下的题材回炉重点与现实锚点护栏。'","'例如：按大纲连续写 3 章，并真实跑完补字、润色、去AI味、审阅回炉、阅读笔记和分章书评。'","false","False","0","0","0","False","","0","2","读者侧产物接入说明.md;题材章节创作闭环补充规则.md","False","0","False","True","True","False"
"异能志怪\skills\异能志怪-管理连续性冷热线\SKILL.md","GenreWrapper","异能志怪-管理连续性冷热线","64","7","异能志怪-管理连续性冷热线","'Use when: 连续性控盘、动态状态、冷热线、伏笔超期、人物回归压力、关系桥接、时间线连贯、线索失温、章节后写回、忘线预警。常见说法：帮我看哪些线快忘了、这几章哪些人物该回来了、哪些伏笔超期了、写完这章后更新动态状态、看中段有没有失温。'","'要检查哪一卷、哪几章或哪份动态状态？默认同时扫描人物、关系、主支线、伏笔与未兑现情绪债务。'","false","False","0","0","0","False","","0","1","题材连续性补充规则.md","False","0","False","False","True","False"
"异能志怪\skills\异能志怪-组包投稿材料\SKILL.md","GenreWrapper","异能志怪-组包投稿材料","95","10","异能志怪-组包投稿材料","'用于【异能志怪】题材下的投稿材料组包、起点内投整包与补件审计。作为题材包装层、兼容入口与路由层，负责保留异能志怪入口名，补充都市男频下的职业切口、异术规则、现实摩擦、单元案供血与长线谜团口径，并明确要求优先强制加载并使用 `通用-组包投稿材料`。'","'例如：把这本异能志怪整理成起点能看的内投包 / 组 30000 字连续正文 + 总大纲 / 第1卷卷纲 + 简介 / 检查现有投稿材料最弱一环。'","false","False","0","0","0","False","","0","2","起点内投材料落盘模板.md;题材投稿包补充规则.md","False","0","False","True","True","False"
"异能志怪\skills\异能志怪-设计事件案件引擎\SKILL.md","GenreWrapper","异能志怪-设计事件案件引擎","66","7","异能志怪-设计事件案件引擎","'用于【异能志怪】题材下的单元案、事件母板与案件供血设计。作为题材包装层与路由层，负责保留异能志怪标准入口名，并明确要求优先强制加载并使用 `通用-设计事件案件引擎`。'","'例如：设计能给主线供血的都市异术单元案、异常事件与误导反证链。'","false","False","0","0","0","False","","0","2","题材边界与入口说明.md;证据链与三时间轴硬口径.md","False","0","False","True","True","False"
"异能志怪\skills\异能志怪-设计人物传记\SKILL.md","GenreWrapper","异能志怪-设计人物传记","42","5","异能志怪-设计人物传记","'用于【异能志怪】题材下的人物传记设计、补强与重写。作为题材包装层、兼容入口与路由层，负责保留异能志怪入口名、补充双重身份与代价边界，并明确要求优先强制加载并使用 `通用-设计人物传记`。'","'例如：设计兼具现实职业、异术能力、性格缺陷与成长弧线的异能志怪人物传记。'","false","False","0","0","0","False","","0","1","题材人物传记补充规则.md","False","0","False","True","True","False"
"异能志怪\skills\异能志怪-设计分卷大纲\SKILL.md","GenreWrapper","异能志怪-设计分卷大纲","138","14","异能志怪-设计分卷大纲","'Use when: 设计分部大纲、分卷大纲、卷纲、章清单、章节微型剧本、情节块、故事线、故事点、卷级启动表、爽点布点表、5/15节奏表、章级模板、分部/分卷审计。常见说法：分卷设计、卷纲、某一卷怎么拆、章清单、章节规划、剧情节拍、卷内启动、单元案展开、故事线拆分。关键词：分部大纲、分卷大纲、卷纲、章清单、情节块、故事线、故事点、卷级启动表、爽点布点表。'","'要创建或修改哪个分部/分卷文件？请默认同时说明其上一级分配来源，检查是否已全量落地。'","false","False","0","0","0","False","","0","3","卷级追读链与标题口径.md;题材分卷补充规则.md;migrated-part-volume-outline-rules.md","False","0","False","False","True","False"
"异能志怪\skills\异能志怪-设计封面生图提示词\SKILL.md","GenreWrapper","异能志怪-设计封面生图提示词","49","6","异能志怪-设计封面生图提示词","'用于【异能志怪】题材下的封面生图提示词设计与审计。作为题材包装层、兼容入口与路由层，负责保留异能志怪入口名、补充都市异术视觉锚点，并明确要求优先强制加载并使用 `通用-设计封面生图提示词`。'","'例如：为异能志怪长篇设计兼具都市夜色、职业气质、民俗异象与危险感的封面提示词。'","false","False","0","0","0","False","","0","2","平台化题材视觉策略.md;题材封面补充规则.md","False","0","False","True","True","False"
"异能志怪\skills\异能志怪-设计总大纲\SKILL.md","GenreWrapper","异能志怪-设计总大纲","399","31","异能志怪-设计总大纲","'Use when: 设计或重写小说总大纲、全书总纲、全书框架、战略层大纲、世界观总盘、主线谜团M0、重要支线X01-XNN、单元案矩阵C01-CNN、跨卷规划、终局闭环、总纲模板、总纲审计、长期连载结构。常见说法：总纲、全书大纲、故事总盘、主线设计、主线谜团、支线规划、卷间规划、终局设计、全书结构。关键词：总大纲、全书总纲、战略层、故事面、主线谜团、单元案矩阵、跨卷规划、终局闭环。'","'要创建或修改哪组总纲文件？默认按“总纲包”理解，如 `小说总大纲.md` + `故事面/` + `伏笔与呼应总纲.md`。'","false","False","0","0","0","False","","0","2","题材总纲补充规则.md;migrated-total-outline-rules.md","False","0","False","False","True","False"
"异能志怪\skills\异能志怪-设计故事设定\SKILL.md","GenreWrapper","异能志怪-设计故事设定","106","7","异能志怪-设计故事设定","'用于【异能志怪】题材下的故事设定、规则设定与能力机制设计。作为题材包装层、兼容入口与路由层，负责保留异能志怪入口名，补充民俗异术、科学对冲玄学、能力代价、城市制度摩擦与案件联动边界，并明确要求优先强制加载并使用 `通用-设计故事设定`。'","'例如：设计带代价、可取证、可推动案件与冲突的异术规则、程序设定、证据载体或民俗边界。'","false","False","1","0","0","True","","0","1","题材故事设定补充规则.md","False","0","False","True","True","False"
"异能志怪\skills\异能志怪-设计故事面\SKILL.md","GenreWrapper","异能志怪-设计故事面","79","10","异能志怪-设计故事面","'用于【异能志怪】题材下的故事面设计、重写与审计。作为题材包装层、兼容入口与路由层，负责保留异能志怪入口名、补充都市异术超能的题材边界，并明确要求优先强制加载并使用 `通用-设计故事面`。'","'例如：把异能志怪的主线面、支线面写成既能供血又有职业与规则质感的故事面。'","false","False","0","0","0","False","","0","2","冷门职业规则代价与旧案供血.md;题材故事面补充规则.md","False","0","False","True","True","False"
"异能志怪\skills\异能志怪-设计标题\SKILL.md","GenreWrapper","异能志怪-设计标题","59","6","异能志怪-设计标题","'用于【异能志怪】题材下的书名设计、筛选、重排与多平台适配。作为题材包装层、兼容入口与路由层，负责保留异能志怪入口名，补充都市异术、民俗异象、职业规矩与现实危险感，并明确要求优先强制加载并使用 `通用-设计标题`。'","'例如：为异能志怪长篇设计兼具都市现实感、民俗禁忌感、异常事件感与平台辨识度的书名方案。'","false","False","0","0","0","False","","0","2","各平台题材化书名补丁.md;题材书名补充规则.md","False","0","False","True","True","False"
"异能志怪\skills\异能志怪-设计线索伏笔与回收台账\SKILL.md","GenreWrapper","异能志怪-设计线索伏笔与回收台账","41","5","异能志怪-设计线索伏笔与回收台账","'用于【异能志怪】题材下的线索、伏笔、误导与回收台账设计。作为题材包装层、兼容入口与路由层，负责保留异能志怪入口名、补充旧案回声与规则显影边界，并明确要求优先强制加载并使用 `通用-设计线索伏笔与回收台账`。'","'例如：为异能志怪长篇建立能追踪线索、规则误导与伏笔回收的作者台账。'","false","False","0","0","0","False","","0","1","题材台账补充规则.md","False","0","False","True","True","False"
"异能志怪\skills\异能志怪-设计题材定位框架\SKILL.md","GenreWrapper","异能志怪-设计题材定位框架","74","8","异能志怪-设计题材定位框架","'用于【异能志怪】题材下的题材定位、卖点校准与入口判断。作为题材包装层与路由层，负责保留异能志怪入口名、补充都市异术超能边界，并明确要求优先强制加载并使用 `通用-设计题材定位框架`。'","'例如：为异能志怪长篇确定题材切口、主卖点、平台主口径与创新组合。'","false","False","0","0","0","False","","0","2","都市异术超能定位与项目裁判源.md;题材边界与入口说明.md","False","0","False","True","True","False"
"异能志怪\skills\异能志怪-输出B站版\SKILL.md","GenreWrapper","异能志怪-输出B站版","57","7","异能志怪-输出B站版","'用于【异能志怪】题材下的 B 站平台输出任务。作为题材包装层、兼容入口与路由层，负责保留异能志怪入口、补充年轻读者可读性与民俗视听感边界，并明确要求优先强制加载并使用 `通用-输出B站版`。关键词：异能志怪B站版、年轻读者、民俗视听感。'","'例如：把异能志怪某章改成更适合 B 站语境的版本，并保留规则悬念与都市压迫。'","false","False","0","0","0","False","","0","3","分节级补救映射与详细规则回填.md;题材边界与来源.md;执行细则与题材补丁.md","False","0","False","True","True","False"
"异能志怪\skills\异能志怪-输出GoodNovel版\SKILL.md","GenreWrapper","异能志怪-输出GoodNovel版","73","9","异能志怪-输出GoodNovel版","'用于【异能志怪】题材下的 GoodNovel 平台输出任务。作为题材包装层、兼容入口与路由层，负责保留异能志怪入口、补充关系张力与规则代价边界，并明确要求优先强制加载并使用 `通用-输出GoodNovel版`。关键词：异能志怪GoodNovel版、英文平台、关系张力、规则代价。'","'例如：把异能志怪某章改成更适合 GoodNovel 的英文版本，并保留规则代价与人物拉扯。'","false","False","0","0","0","False","","0","3","分节级补救映射与详细规则回填.md;题材边界与来源.md;执行细则与题材补丁.md","False","0","False","True","True","False"
"异能志怪\skills\异能志怪-输出My Fiction版\SKILL.md","GenreWrapper","异能志怪-输出My Fiction版","57","7","异能志怪-输出My Fiction版","'用于【异能志怪】题材下的 My Fiction 平台输出任务。作为题材包装层、兼容入口与路由层，负责保留异能志怪入口、补充关系黏性与规则危机边界，并明确要求优先强制加载并使用 `通用-输出My Fiction版`。关键词：异能志怪My Fiction版、英文追更、关系黏性、规则危机。'","'例如：把异能志怪某章改成更适合 My Fiction 的英文版本，并保留规则压力与人物拉扯。'","false","False","0","0","0","False","","0","3","分节级补救映射与详细规则回填.md;题材边界与来源.md;执行细则与题材补丁.md","False","0","False","True","True","False"
"异能志怪\skills\异能志怪-输出WebNovel版\SKILL.md","GenreWrapper","异能志怪-输出WebNovel版","74","9","异能志怪-输出WebNovel版","'用于【异能志怪】题材下的 WebNovel 平台输出任务。作为题材包装层、兼容入口与路由层，负责保留异能志怪入口、补充规则机制与跨文化可读边界，并明确要求优先强制加载并使用 `通用-输出WebNovel版`。关键词：异能志怪WebNovel版、英文连载、民俗规则、跨文化改写。'","'例如：把异能志怪某章改成更适合 WebNovel 的英文版本，并保留规则链与代价感。'","false","False","0","0","0","False","","0","3","分节级补救映射与详细规则回填.md;题材边界与来源.md;执行细则与题材补丁.md","False","0","False","True","True","False"
"异能志怪\skills\异能志怪-输出七猫版\SKILL.md","GenreWrapper","异能志怪-输出七猫版","73","9","异能志怪-输出七猫版","'用于【异能志怪】题材下的七猫平台输出任务。作为题材包装层、兼容入口与路由层，负责保留异能志怪入口、补充民俗规则与强反馈边界，并明确要求优先强制加载并使用 `通用-输出七猫版`。关键词：异能志怪七猫版、七猫平台、免费阅读、强反馈。'","'例如：把异能志怪某章改成更适合七猫追读的版本，并保留规则危机与代价感。'","false","False","0","0","0","False","","0","3","分节级补救映射与详细规则回填.md;题材边界与来源.md;执行细则与题材补丁.md","False","0","False","True","True","False"
"异能志怪\skills\异能志怪-输出出版社版\SKILL.md","GenreWrapper","异能志怪-输出出版社版","57","7","异能志怪-输出出版社版","'用于【异能志怪】题材下的出版社平台输出任务。作为题材包装层、兼容入口与路由层，负责保留异能志怪入口、补充民俗质感与审读友好边界，并明确要求优先强制加载并使用 `通用-输出出版社版`。关键词：异能志怪出版社版、传统出版、民俗现实、审稿友好。'","'例如：把异能志怪某章改成更适合出版社审稿的版本，并保留现实锚点与规则代价。'","false","False","0","0","0","False","","0","3","分节级补救映射与详细规则回填.md;题材边界与来源.md;执行细则与题材补丁.md","False","0","False","True","True","False"
"异能志怪\skills\异能志怪-输出小红书版\SKILL.md","GenreWrapper","异能志怪-输出小红书版","57","7","异能志怪-输出小红书版","'用于【异能志怪】题材下的小红书平台输出任务。作为题材包装层、兼容入口与路由层，负责保留异能志怪入口、补充体感表达与民俗现场感边界，并明确要求优先强制加载并使用 `通用-输出小红书版`。关键词：异能志怪小红书版、体感、民俗现场感、分享传播。'","'例如：把异能志怪某章改成更适合小红书传播的版本，并保留民俗体感与规则危机。'","false","False","0","0","0","False","","0","3","分节级补救映射与详细规则回填.md;题材边界与来源.md;执行细则与题材补丁.md","False","0","False","True","True","False"
"异能志怪\skills\异能志怪-输出微信订阅号版\SKILL.md","GenreWrapper","异能志怪-输出微信订阅号版","57","7","异能志怪-输出微信订阅号版","'用于【异能志怪】题材下的微信订阅号平台输出任务。作为题材包装层、兼容入口与路由层，负责保留异能志怪入口、补充连续追更与民俗悬念边界，并明确要求优先强制加载并使用 `通用-输出微信订阅号版`。关键词：异能志怪微信订阅号版、公众号连载、民俗悬念、微钩子。'","'例如：把异能志怪某章改成更适合微信订阅号连载的版本，并保留规则悬念与追更动力。'","false","False","0","0","0","False","","0","3","分节级补救映射与详细规则回填.md;题材边界与来源.md;执行细则与题材补丁.md","False","0","False","True","True","False"
"异能志怪\skills\异能志怪-输出新浪微博版\SKILL.md","GenreWrapper","异能志怪-输出新浪微博版","57","7","异能志怪-输出新浪微博版","'用于【异能志怪】题材下的新浪微博平台输出任务。作为题材包装层、兼容入口与路由层，负责保留异能志怪入口、补充短促抓点与民俗危机边界，并明确要求优先强制加载并使用 `通用-输出新浪微博版`。关键词：异能志怪微博版、短促抓点、民俗危机、传播切口。'","'例如：把异能志怪某章改成更适合微博传播的版本，并保留规则悬念与现实锚点。'","false","False","0","0","0","False","","0","3","分节级补救映射与详细规则回填.md;题材边界与来源.md;执行细则与题材补丁.md","False","0","False","True","True","False"
"异能志怪\skills\异能志怪-输出番茄版\SKILL.md","GenreWrapper","异能志怪-输出番茄版","75","9","异能志怪-输出番茄版","'用于【异能志怪】题材下的番茄平台输出任务。作为题材包装层、兼容入口与路由层，负责保留异能志怪入口、补充民俗异术与现实锚点边界，并明确要求优先强制加载并使用 `通用-输出番茄版`。关键词：异能志怪番茄版、番茄平台、民俗异术、强钩子。'","'例如：把异能志怪某章改成更适合番茄追读的版本，并保留规则感与代价感。'","false","False","0","0","0","False","","0","3","分节级补救映射与详细规则回填.md;题材边界与来源.md;执行细则与题材补丁.md","False","0","False","True","True","False"
"异能志怪\skills\异能志怪-输出百度百家号版\SKILL.md","GenreWrapper","异能志怪-输出百度百家号版","57","7","异能志怪-输出百度百家号版","'用于【异能志怪】题材下的百度百家号平台输出任务。作为题材包装层、兼容入口与路由层，负责保留异能志怪入口、补充传播友好与民俗体感边界，并明确要求优先强制加载并使用 `通用-输出百度百家号版`。关键词：异能志怪百家号版、百家号传播、民俗体感。'","'例如：把异能志怪某章改成更适合百家号传播的版本，并保留民俗规则与现实锚点。'","false","False","0","0","0","False","","0","3","分节级补救映射与详细规则回填.md;题材边界与来源.md;执行细则与题材补丁.md","False","0","False","True","True","False"
"异能志怪\skills\异能志怪-输出知乎版\SKILL.md","GenreWrapper","异能志怪-输出知乎版","58","7","异能志怪-输出知乎版","'用于【异能志怪】题材下的知乎平台输出任务。作为题材包装层、兼容入口与路由层，负责保留异能志怪入口、补充规则链与现实解释边界，并明确要求优先强制加载并使用 `通用-输出知乎版`。关键词：异能志怪知乎版、知乎盐选、规则链、现实解释。'","'例如：把异能志怪某章改成更适合知乎连载/盐选的版本，并保留民俗规则与现实质感。'","false","False","0","0","0","False","","0","3","分节级补救映射与详细规则回填.md;题材边界与来源.md;执行细则与题材补丁.md","False","0","False","True","True","False"
"异能志怪\skills\异能志怪-输出豆瓣版\SKILL.md","GenreWrapper","异能志怪-输出豆瓣版","57","7","异能志怪-输出豆瓣版","'用于【异能志怪】题材下的豆瓣平台输出任务。作为题材包装层、兼容入口与路由层，负责保留异能志怪入口、补充民俗质感与现实余韵边界，并明确要求优先强制加载并使用 `通用-输出豆瓣版`。关键词：异能志怪豆瓣版、豆瓣阅读、民俗质感、现实余韵。'","'例如：把异能志怪某章改成更适合豆瓣阅读的版本，并保留民俗氛围与现实压力。'","false","False","0","0","0","False","","0","3","分节级补救映射与详细规则回填.md;题材边界与来源.md;执行细则与题材补丁.md","False","0","False","True","True","False"
"异能志怪\skills\异能志怪-输出起点中文网版\SKILL.md","GenreWrapper","异能志怪-输出起点中文网版","48","6","异能志怪-输出起点中文网版","异能志怪题材的起点中文网版输出包装层。路由到 通用-输出起点中文网版，并叠加异能志怪题材专项补丁与禁行项。","要把哪一章输出为起点中文网版（异能志怪）？默认执行：加载通用-输出起点中文网版 + 题材补丁。","false","False","0","0","0","False","","0","0","","False","0","False","True","True","False"
"悬疑推理\skills\悬疑推理-输出起点中文网版\SKILL.md","GenreWrapper","悬疑推理-输出起点中文网版","48","6","悬疑推理-输出起点中文网版","悬疑推理题材的起点中文网版输出包装层。路由到 通用-输出起点中文网版，并叠加悬疑推理题材专项补丁与禁行项。","要把哪一章输出为起点中文网版（悬疑推理）？默认执行：加载通用-输出起点中文网版 + 题材补丁。","false","False","0","0","0","False","","0","0","","False","0","False","True","True","False"
"赛博庞克\skills\赛博庞克-输出起点中文网版\SKILL.md","GenreWrapper","赛博庞克-输出起点中文网版","48","6","赛博庞克-输出起点中文网版","赛博庞克题材的起点中文网版输出包装层。路由到 通用-输出起点中文网版，并叠加赛博庞克题材专项补丁与禁行项。","要把哪一章输出为起点中文网版（赛博庞克）？默认执行：加载通用-输出起点中文网版 + 题材补丁。","false","False","0","0","0","False","","0","0","","False","0","False","True","True","False"
"都市悬疑\skills\都市悬疑-分析竞对作品\SKILL.md","GenreWrapper","都市悬疑-分析竞对作品","100","11","都市悬疑-分析竞对作品","""用于【都市悬疑】题材下搜索起点中文网等目标平台的同题材 TopN 候选池，先锁定榜单与样本池，再从中收束 3–5 本主样本做四层深拆式竞对分析。作为题材包装层与路由层，负责保留都市悬疑标准入口名，补充都市职业、现实针脚、证据/程序链、长线谜团等题材维度，并明确要求优先强制加载并使用 `通用-分析竞对作品`。关键词：都市悬疑竞对分析、都市悬疑竞品分析、起点都市悬疑榜单、标杆作品拆解、悬疑标杆报告。""","""请输入要服务的都市悬疑项目、目标平台、TopN 的 N 值（默认 10）以及报告落盘目录；若未指定，默认以起点中文网为主，并先锁定 Top10 候选池，再收束 3–5 本主样本写入当前工作目录或 `都市悬疑/竞对分析/`。""","false","False","0","0","0","False","","0","1","都市悬疑竞对分析补充维度.md","False","0","False","True","True","False"
"都市悬疑\skills\都市悬疑-创建小说正文\SKILL.md","GenreWrapper","都市悬疑-创建小说正文","86","13","都市悬疑-创建小说正文","'用于【都市悬疑】题材下的章节正文创作。作为题材包装层、兼容入口与路由层，负责保留都市悬疑入口名，补充起点追读、证据程序、真实编号、城市压迫感与文件写回要求，并要求生成的 `","'要写哪一章都市悬疑正文？默认按“章纲 / 控制卡 / 场景施工 / 回报与钩子兑现”处理。'","false","False","0","0","0","False","","0","2","控制卡落正文与镜头化桥接.md;题材正文创作补充规则.md","False","0","False","True","True","False"
"都市悬疑\skills\都市悬疑-去AI味重写\SKILL.md","GenreWrapper","都市悬疑-去AI味重写","63","6","都市悬疑-去AI味重写","'用于【都市悬疑】题材下的去 AI 味重写。作为题材包装层、兼容入口与路由层，负责保留都市悬疑标准入口名、补充程序 / 证据口径、数值双轨与冷压迫来源保护边界，并明确要求优先强制加载并使用 `通用-去AI味重写`。关键词：都市悬疑去AI味、模板腔、证据口径、冷压迫。'","'要处理哪一章或哪一段都市悬疑正文的 AI 味？默认按“保信息、保结构、保护证据与冷压迫来源”处理。'","false","False","0","0","0","False","","0","9","都市冷压迫来源保护清单.md;去AI味执行清单.md;三级改造与工具包.md;实战自检与陷阱.md;数值双轨与视角保护.md;通用风格与排版补充.md;与控制卡_正文润色_审阅章节正文的桥接规则.md;AI味识别雷达.md;AI味识别与改写工具包.md","False","0","False","True","True","False"
"都市悬疑\skills\都市悬疑-多平台小说适配\SKILL.md","GenreWrapper","都市悬疑-多平台小说适配","58","7","都市悬疑-多平台小说适配","'用于【都市悬疑】题材下的多平台适配策略。作为题材包装层与兼容入口，负责保留都市悬疑入口名、补充异常证据、程序摩擦、城市压迫感与长期谜团在各平台的保真边界，并明确要求优先强制加载并使用 `通用-多平台小说适配`。关键词：都市悬疑多平台适配、平台差异、改写前推演、平台保真。'","'要把哪一章都市悬疑适配到哪些平台？默认按“先做平台差异推演，再按题材保真边界拉开版本”处理。'","false","False","0","0","0","False","","0","1","都市悬疑平台适配优先级矩阵.md","False","0","False","True","True","False"
"都市悬疑\skills\都市悬疑-多平台输出编排\SKILL.md","GenreWrapper","都市悬疑-多平台输出编排","65","7","都市悬疑-多平台输出编排","'用于【都市悬疑】题材下的多平台输出 SOP 编排。作为题材包装层、兼容入口与路由层，负责保留都市悬疑入口名，并明确要求优先强制加载并使用 `通用-多平台输出编排`，同时在多平台分发前先锁定母稿底盘与题材差异。支持今日头条分发。'","'要把哪一章或哪几章分发到多个平台？默认按“母稿提纯 → 平台适配 → 分平台落盘 → 质检摘要”处理。'","false","False","0","0","0","False","","0","2","题材多平台输出保真规则.md;README.md","False","0","False","True","True","False"
"都市悬疑\skills\都市悬疑-大纲审阅优化闭环\SKILL.md","GenreWrapper","都市悬疑-大纲审阅优化闭环","65","8","都市悬疑-大纲审阅优化闭环","'用于【都市悬疑】题材下的提纲审阅优化 SOP 编排。作为题材包装层、兼容入口与路由层，负责保留都市悬疑入口名，并明确要求优先强制加载并使用 `通用-大纲审阅优化闭环`，同时按总纲 / 分卷对象分流到对应题材审阅与设计 Skill。'","'要把哪份都市悬疑大纲反复审改到过线？默认按“审阅 → 回写 → 复审”持续覆盖同一份主报告。'","false","False","0","0","0","False","","0","2","题材大纲闭环补充规则.md;总纲分卷审改轮次与回写策略.md","False","0","False","True","True","False"
"都市悬疑\skills\都市悬疑-审阅人物传记\SKILL.md","GenreWrapper","都市悬疑-审阅人物传记","85","9","都市悬疑-审阅人物传记","'用于审阅都市悬疑人物传记。作为题材包装层与兼容入口，负责补充可证据化秘密、事件性关系网与镜头抓手等题材裁判口径，并明确要求优先强制加载并使用 `通用-审阅人物传记`。关键词：都市悬疑人物审阅、可证据化秘密、关系网、心理弧线。'","'要审哪份都市悬疑人物传记？默认按“身份、动机、边界、关系、抓手、弧线、索引”从严体检。'","false","False","0","0","0","False","","0","4","人物传记审阅报告增补.md;人物传记审阅检查清单.md;审阅维度说明.md;题材人物审阅模板补充.md","False","0","False","True","True","False"
"都市悬疑\skills\都市悬疑-审阅分卷大纲\SKILL.md","GenreWrapper","都市悬疑-审阅分卷大纲","104","13","都市悬疑-审阅分卷大纲","'审阅都市悬疑小说分部大纲、分卷大纲、章清单与单元案执行版。核心要求是：分部/分卷大纲必须把上一级分配给本层的内容切实、全量、保质落地。分部审阅要核查总纲层文件组分配给本部的全部内容是否已落地；分卷审阅要按是否存在分部，分别核查其是否完整落地总纲层或分部层分配内容。关键词：分部审阅、分卷审阅、单元案审阅、节奏布点、钩子策略、章清单审阅。'","'要审哪份都市悬疑分部 / 分卷文件？默认按“上游全量落地、卷级节奏、章中回报与单元闭环”处理。'","false","False","0","0","0","False","","0","4","分部与分卷审阅报告增补.md;分部与分卷审阅专属检查清单.md;首卷留存章中回报与平台节奏诊断.md;题材分卷审阅模板补充.md","False","0","False","True","True","False"
"都市悬疑\skills\都市悬疑-审阅总大纲\SKILL.md","GenreWrapper","都市悬疑-审阅总大纲","106","13","都市悬疑-审阅总大纲","'审阅都市悬疑小说总大纲、全书总纲、故事多面体、主线谜团与单元案矩阵。这里的“总大纲”默认指总纲层文件组，而非单一文件；至少包括 `小说总大纲.md`、`故事面/`、`伏笔与回收总纲.md`、`故事多面体大纲.md`，以及其它相关总表级大纲文件。用于审阅总纲层 Canon 文件及其联动关系。关键词：总纲审阅、总大纲、全书审阅、机制递进、单元案矩阵、总纲报告。'","'要审哪组都市悬疑总纲层文件？默认按“总纲层文件组联动、主线供血、机制递进与可回写性”处理。'","false","False","0","0","0","False","","0","4","题材总纲审阅模板补充.md;总纲断供诊断与回写补丁.md;总纲审阅报告增补.md;总纲审阅专属检查清单.md","False","0","False","True","True","False"
"都市悬疑\skills\都市悬疑-审阅故事设定\SKILL.md","GenreWrapper","都市悬疑-审阅故事设定","120","11","都市悬疑-审阅故事设定","'用于审阅都市悬疑故事设定、手法、程序链与证据载体文档。作为题材包装层与兼容入口，负责补充异常证据、程序摩擦与现实代价等题材裁判口径，并明确要求优先强制加载并使用 `通用-审阅故事设定`。关键词：都市悬疑设定审阅、程序链、证据载体、规则代价。'","'要审哪份都市悬疑故事设定文件？默认按“可执行、可证据化、可叙事化、可承受代价”处理。'","false","False","0","0","0","False","","0","1","题材技术审阅模板补充.md","False","0","False","True","True","False"
"都市悬疑\skills\都市悬疑-审阅章节正文\SKILL.md","GenreWrapper","都市悬疑-审阅章节正文","103","12","都市悬疑-审阅章节正文","'审阅都市悬疑章节正文。用于检查章内追读驱动、中段回报、章末钩子、人物传记一致性、公平推理、证据链、时间表达与作者管理编号出戏风险，并输出可落库、可回写的章节审阅报告。'","'要审哪一章都市悬疑正文？默认按“追读驱动、中段回报、章末钩子、公平推理与证据链”处理。'","false","False","0","0","0","False","","0","6","都市现实针脚与回炉优先级.md;控制卡_正文_审阅_回炉桥.md;题材章节正文审阅模板补充.md;章节审阅核心点.md;章节正文审阅报告增补.md;章节正文审阅检查清单.md","False","0","False","True","True","False"
"都市悬疑\skills\都市悬疑-小说项目初始化\SKILL.md","GenreWrapper","都市悬疑-小说项目初始化","116","9","都市悬疑-小说项目初始化","'用于【都市悬疑】题材下的项目级战略初始化——在选定平台后、设计大纲之前，补充都市悬疑特有的职业切口、异常证据体系、城市空间压迫感、现实代价锚点与平台适配偏好。作为题材包装层与路由层，强制加载并使用 `通用-小说项目初始化`。'","'--platform 七猫 --genre 都市悬疑。初始化哪本都市悬疑新书？'","false","False","1","0","0","True","","0","0","","False","0","False","True","True","False"
"都市悬疑\skills\都市悬疑-平台签约评估框架\SKILL.md","GenreWrapper","都市悬疑-平台签约评估框架","124","13","都市悬疑-平台签约评估框架","'用于【都市悬疑】题材下以默认极严、保守、负面证据优先的口径评估作品在{目标平台}的签约、过稿与连载潜力。作为题材包装层与路由层，负责保留都市悬疑标准入口名，并明确要求优先强制加载并使用 `通用-平台签约评估框架`。关键词：都市悬疑签约评估、极严评估、签约概率评估、过稿潜力、总纲闸门预评估、分卷闸门预评估、正文准入评估、竞品威胁评估。'","'要评估哪部都市悬疑作品在哪个目标平台（起点/七猫/番茄/晋江等）的签约或过稿潜力，当前材料位于总纲、分卷还是正文阶段？本 Skill 默认即采用极严保守口径（继承自通用-平台签约评估框架），并强制回答""当前层是否适合推进下一层""；重点按""赛道归类、黄金三章、主角抓手、长线供血与投稿准备""处理。'","false","False","0","0","0","False","","0","3","起点都市悬疑审核锚点与红线.md;起点签约概率评估报告模板.md;起点签约概率评估检查清单.md","False","0","False","True","True","False"
"都市悬疑\skills\都市悬疑-强化章末钩子\SKILL.md","GenreWrapper","都市悬疑-强化章末钩子","56","6","都市悬疑-强化章末钩子","'用于【都市悬疑】题材下的章末钩子强化。作为题材包装层与兼容入口，负责保留都市悬疑入口名、补充未完成动作、新变量入场、更糟后果与订阅级驱动口感，并明确要求优先强制加载并使用 `通用-强化章末钩子`。关键词：都市悬疑章末钩子、转折、揭露、危机、下一章驱动。'","'要强化哪一章都市悬疑结尾？默认按“转折、揭露、危机、未完成动作与更糟后果”处理。'","false","False","0","0","0","False","","0","0","","False","0","False","True","True","False"
"都市悬疑\skills\都市悬疑-强化章节开头\SKILL.md","GenreWrapper","都市悬疑-强化章节开头","57","6","都市悬疑-强化章节开头","'用于【都市悬疑】题材下的章节开头强化。作为题材包装层与兼容入口，负责保留都市悬疑入口名、补充冷开场、异常触发、现实针脚与即时动作压力口感，并明确要求优先强制加载并使用 `通用-强化章节开头`。关键词：都市悬疑开头强化、冷开场、异常触发、首屏留存。'","'要强化哪一章都市悬疑开头？默认按“异常、冲突、困境、悬念缺口与即时动作压力”处理。'","false","False","0","0","0","False","","0","0","","False","0","False","True","True","False"
"都市悬疑\skills\都市悬疑-执行场景单元\SKILL.md","GenreWrapper","都市悬疑-执行场景单元","69","8","都市悬疑-执行场景单元","'用于【都市悬疑】题材下的场景单元施工、章节微型剧本与抓眼开场。作为题材包装层、兼容入口与路由层，负责保留都市悬疑标准入口名、补充城市空间压迫、程序阻力与证据入场口感，并明确要求优先强制加载并使用 `通用-执行场景单元`。关键词：都市悬疑场景单元、楼道、电梯、值班室、地下车库、日常异化。'","'要处理哪一章、哪一场景或哪类城市微空间？默认同时考虑抓眼入口、现实针脚、程序阻力、证据入场与章尾推动。'","false","False","0","0","0","False","","0","3","都市日常异化与场景压迫补丁.md;控制卡到场景单元桥接模板.md;README.md","False","0","False","True","True","False"
"都市悬疑\skills\都市悬疑-执行对话冲突\SKILL.md","GenreWrapper","都市悬疑-执行对话冲突","69","8","都市悬疑-执行对话冲突","'用于【都市悬疑】题材下的审讯、试探、争执、谈判与规则对峙场景。作为题材包装层、兼容入口与路由层，负责保留都市悬疑入口名、补充职业语体与程序压迫，并明确要求优先强制加载并使用 `通用-执行对话冲突`。'","'要处理哪段都市悬疑关键对话？默认按“职业压迫感、潜台词、误导与风险升级”处理。'","false","False","0","0","0","False","","0","3","都市职业话术与审讯压迫补充.md;控制卡回报点与对话施压桥.md;README.md","False","0","False","True","True","False"
"都市悬疑\skills\都市悬疑-执行微空间受限场景\SKILL.md","GenreWrapper","都市悬疑-执行微空间受限场景","70","8","都市悬疑-执行微空间受限场景","'用于【都市悬疑】题材下的微空间或受限空间场景施工。作为题材包装层、兼容入口与路由层，负责保留都市悬疑标准入口名、补充城市受限空间、现实针脚、规则代价与证据回收口径，并明确要求优先强制加载并使用 `通用-执行微空间受限场景`。关键词：都市悬疑微空间、楼道、电梯、值班室、地下车库、贴脸惊悚。'","'要处理哪一章、哪一场微空间，或哪种受限环境？默认同时考虑现实功能、微反常升级、规则代价、证据入场与章尾余震。'","false","False","0","0","0","False","","0","3","都市微空间异化手法与禁行项.md;控制卡压进微空间镜头的施工桥.md;README.md","False","0","False","True","True","False"
"都市悬疑\skills\都市悬疑-提纯多平台母稿\SKILL.md","GenreWrapper","都市悬疑-提纯多平台母稿","54","6","都市悬疑-提纯多平台母稿","'用于【都市悬疑】题材下的多平台母稿提纯。作为题材包装层与兼容入口，负责保留都市悬疑入口名、补充异常证据、程序摩擦、城市压迫感与长期谜团的底盘保真，并明确要求优先强制加载并使用 `通用-提纯多平台母稿`。关键词：都市悬疑母稿提纯、多平台底稿、证据链、平台可分化。'","'要把哪一章都市悬疑母稿提纯到可供多平台改写？默认按“保底盘、保事件链、保异常证据与追读链”处理。'","false","False","0","0","0","False","","0","0","","False","0","False","True","True","False"
"都市悬疑\skills\都市悬疑-撰写书评\SKILL.md","GenreWrapper","都市悬疑-撰写书评","56","6","都市悬疑-撰写书评","'用于【都市悬疑】题材下的全书 / 分部 / 分卷 / 分章书评撰写、重写与审计。作为题材包装层、兼容入口与路由层，负责保留都市悬疑入口名、补充城市现实压迫、异常证据与人性代价的推荐话术，并明确要求优先强制加载并使用 `通用-撰写书评`。支持今日头条平台。'","'要给哪部都市悬疑作品写书评？默认按“城市现实压迫、异常证据、人性代价与不剧透安利”处理。'","false","False","0","0","0","False","","0","3","都市悬疑按平台推荐书评模板组.md;普通读者都市悬疑书评切口库.md;题材书评补充规则.md","False","0","False","True","True","False"
"都市悬疑\skills\都市悬疑-撰写内容简介\SKILL.md","GenreWrapper","都市悬疑-撰写内容简介","52","6","都市悬疑-撰写内容简介","'用于【都市悬疑】题材下的内容简介撰写、压缩与适配。作为题材包装层、兼容入口与路由层，负责保留都市悬疑入口名、补充题材卖点与持续承诺，并明确要求优先强制加载并使用 `通用-撰写内容简介`。支持今日头条平台。'","'要写哪部都市悬疑作品的内容简介？默认按“异常证据、现实代价、长期谜团与平台勾连”处理。'","false","False","0","0","0","False","","0","1","题材简介补充规则.md","False","0","False","True","True","False"
"都市悬疑\skills\都市悬疑-正文润色\SKILL.md","GenreWrapper","都市悬疑-正文润色","64","9","都市悬疑-正文润色","'用于【都市悬疑】题材下的正文润色。作为题材包装层、兼容入口与路由层，负责保留都市悬疑标准入口名、补充有限视角、证据链、程序阻力与城市压迫感裁判边界，并明确要求优先强制加载并使用 `通用-正文润色`。关键词：都市悬疑正文润色、有限视角、证据链、程序阻力、代入感。'","'要润哪一章都市悬疑正文？默认按“保信息、保证据链、保中段回报与章末钩子”处理。'","false","False","0","0","0","False","","0","6","章节正文润色检查清单.md;章节正文润色流程.md;正文润色数值双轨禁忌与沉浸控制.md;正文润色增强技法与读者机制.md;正文润色执行流程与输出规范.md;正文润色总裁判与交付规则.md","False","0","False","True","True","False"
"都市悬疑\skills\都市悬疑-润色作者有话说\SKILL.md","GenreWrapper","都市悬疑-润色作者有话说","72","10","都市悬疑-润色作者有话说","'用于【都市悬疑】题材下的作者有话说润色。作为题材包装层与兼容入口，负责保留都市悬疑入口名，补充“一粒城市微细节 + 一点后怕或冷笑 + 一个轻追问”的章后口感，并明确要求优先强制加载并使用 `通用-润色作者有话说`。关键词：都市悬疑作者有话说、读者向小剧场、余波、轻悬念。'","'要润色哪一章都市悬疑的作者有话说？默认按“城市微细节切入、轻余波、轻互动、不剧透、不讲案件解析”处理。'","false","False","0","0","0","False","","0","2","题材作者有话说补充规则.md;作者有话说与读者侧产物协同.md","False","0","False","True","True","False"
"都市悬疑\skills\都市悬疑-生成章节控制卡\SKILL.md","GenreWrapper","都市悬疑-生成章节控制卡","67","8","都市悬疑-生成章节控制卡","'用于【都市悬疑】题材下的章节控制卡生成。作为题材包装层、兼容入口与路由层，负责保留都市悬疑入口名、补充主线推进、证据入场、程序阻力与危险升级口径，并明确要求优先强制加载并使用 `通用-生成章节控制卡`。关键词：都市悬疑控制卡、主线推进、证据入场、中段回报、危险升级。'","'要为哪一章都市悬疑生成控制卡？默认按“主线推进、证据入场、中段回报、章末钩子与危险升级”处理。'","false","False","0","0","0","False","","0","4","卷首_中段_卷尾分型模板卡.md;可直接复制填写的都市悬疑控制卡模板.md;控制卡标题段落与作者有话说策略.md;题材控制卡补充规则.md","False","0","False","True","True","False"
"都市悬疑\skills\都市悬疑-章节创作闭环\SKILL.md","GenreWrapper","都市悬疑-章节创作闭环","77","8","都市悬疑-章节创作闭环","'用于【都市悬疑】题材下的章节创作 SOP 编排。作为题材包装层、兼容入口与路由层，负责保留都市悬疑入口名，并明确要求优先强制加载并使用 `通用-章节创作闭环`，同时锁定题材写作链、程序证据连续性、城市压迫感与批量回炉护栏。'","'要按都市悬疑口径连续跑几章闭环？默认按“正文 → 润色 → 去AI味 → 审阅回炉 → 读者产物”完整续跑。'","false","False","0","0","0","False","","0","4","读者侧产物接线规则.md;控制卡入正文施工与回炉桥.md;题材章节创作闭环补充规则.md;阅读笔记与分章书评路径约定补充.md","False","0","False","True","True","False"
"都市悬疑\skills\都市悬疑-管理连续性冷热线\SKILL.md","GenreWrapper","都市悬疑-管理连续性冷热线","52","6","都市悬疑-管理连续性冷热线","'用于【都市悬疑】题材下的连续性、旧线回收与冷热线管理。作为题材包装层、兼容入口与路由层，负责保留都市悬疑入口名、补充旧案回声、关系余波、证据链不断点与回归压力判断，并明确要求优先强制加载并使用 `通用-管理连续性冷热线`。关键词：都市悬疑连续性、旧线回收、冷热线、回归窗口、证据链不断点。'","'要梳理哪几章都市悬疑连续性与旧线回收？默认按“回归窗口、人物压力、证据链不断点与下一章承接风险”处理。'","false","False","0","0","0","False","","0","1","题材连续性补充规则.md","False","0","False","True","True","False"
"都市悬疑\skills\都市悬疑-组包投稿材料\SKILL.md","GenreWrapper","都市悬疑-组包投稿材料","94","10","都市悬疑-组包投稿材料","'用于【都市悬疑】题材下的投稿材料组包、起点内投整包与补件审计。作为题材包装层、兼容入口与路由层，负责保留都市悬疑入口名，补充职业抓手、证据异常、现实摩擦、长期谜团与起点男频裁判口径，并明确要求优先强制加载并使用 `通用-组包投稿材料`。'","'要把哪部都市悬疑作品组装成投稿包？默认按“起点评估结果、书名简介、30000字连续正文、总大纲/第1卷卷纲与最弱一环”处理。'","false","False","0","0","0","False","","0","2","起点内投材料落盘模板.md;题材投稿包补充规则.md","False","0","False","True","True","False"
"都市悬疑\skills\都市悬疑-设计事件案件引擎\SKILL.md","GenreWrapper","都市悬疑-设计事件案件引擎","66","7","都市悬疑-设计事件案件引擎","'用于【都市悬疑】题材下的单元案、事件母板与案件供血设计。作为题材包装层与路由层，负责保留都市悬疑标准入口名，并明确要求优先强制加载并使用 `通用-设计事件案件引擎`。'","'要设计哪个都市悬疑单元案或事件母板？默认按“异常信号、证据链、误导反证、代价与主线供血”处理。'","false","False","0","0","0","False","","0","2","都市现实摩擦与单元案供血规则.md;README.md","False","0","False","True","True","False"
"都市悬疑\skills\都市悬疑-设计人物传记\SKILL.md","GenreWrapper","都市悬疑-设计人物传记","98","9","都市悬疑-设计人物传记","'用于【都市悬疑】题材下的人物传记设计与重写。作为题材包装层、兼容入口与路由层，负责保留都市悬疑入口名、补充可证据化秘密、镜头抓手、风险边界与程序口径，并明确要求优先强制加载并使用 `通用-设计人物传记`。关键词：都市悬疑人物传记、可证据化秘密、镜头抓手、人物裁判源。'","'要设计或重写哪份都市悬疑人物传记？默认按“身份、动机、边界、关系、抓手、心理弧线、索引”完整落地。'","false","False","0","0","0","False","","0","8","创新人物设计与心理弧线规范.md;创新性人物设计要点.md;内容一致性与风险校验.md;人物传记模板与写作抓手.md;三级大纲索引模板.md;三级大纲索引示例.md;心理弧线与索引规则.md;质量控制与验证流程.md","False","0","False","True","True","False"
"都市悬疑\skills\都市悬疑-设计分卷大纲\SKILL.md","GenreWrapper","都市悬疑-设计分卷大纲","104","13","都市悬疑-设计分卷大纲","'设计都市悬疑小说分部大纲、分卷大纲、卷纲、章清单与章节微型剧本。核心要求是：分部/分卷大纲必须把上一级大纲分配给本层的内容切实、全量、保质落地。分部大纲要承接总纲层文件组分配给本部的全部内容；分卷大纲在无分部小说中按分部口径承接总纲层分配内容，在有分部小说中承接本部分配给本卷的全部内容。覆盖：分部、分卷、卷纲、章纲、章清单、故事线、情节块、故事点、卷级启动表、爽点布点表、章节钩子链、反AI味、现实锚点、移动端可读性。'","'要处理哪份都市悬疑分部 / 分卷文件？默认按“上级全量落地、卷级任务拆解、章清单与微型剧本”处理。'","false","False","0","0","0","False","","0","4","分部模板.md;分部与分卷专属设计规则.md;分卷模板与章节工件.md;故事面供血分卷落地与首卷抓手.md","False","0","False","True","True","False"
"都市悬疑\skills\都市悬疑-设计封面生图提示词\SKILL.md","GenreWrapper","都市悬疑-设计封面生图提示词","78","11","都市悬疑-设计封面生图提示词","'用于【都市悬疑】题材下的封面生图提示词设计。作为题材包装层、兼容入口与路由层，负责保留都市悬疑入口名、补充城市压迫感、异常证据、人物危险感与平台展示边界，并明确要求优先强制加载并使用 `通用-设计封面生图提示词`。关键词：都市悬疑封面提示词、城市压迫、异常证据、平台展示。'","'要为哪部都市悬疑作品设计封面生图提示词？默认按“城市压迫感、异常证据、人物危险感与平台展示需求”处理。'","false","False","0","0","0","False","","0","0","","False","0","False","True","True","False"
"都市悬疑\skills\都市悬疑-设计总大纲\SKILL.md","GenreWrapper","都市悬疑-设计总大纲","101","12","都市悬疑-设计总大纲","'设计都市悬疑小说总大纲、全书总纲、故事多面体、主线谜团面与单元案矩阵。这里的“总大纲”默认指总纲层文件组，而非单一文件；至少包括 `小说总大纲.md`、`故事面/`、`伏笔与回收总纲.md`、`故事多面体大纲.md`，以及其它相关总表级大纲文件。用于创建、重写、修改总纲层 Canon 文件及其联动关系。覆盖：总大纲、总纲、全书、故事面、M0、X01、单元案矩阵、钩子链、反AI味、现实锚点、缺陷型主角、总纲模板、总纲审计。'","'要处理哪组都市悬疑总纲层文件？默认按“总纲层文件组联动、M0 / X / C、证据链与平台口径”处理。'","false","False","0","0","0","False","","0","3","故事面联动首卷承诺与平台闭环.md;总纲模板与验收.md;总纲专属设计规则.md","False","0","False","True","True","False"
"都市悬疑\skills\都市悬疑-设计故事设定\SKILL.md","GenreWrapper","都市悬疑-设计故事设定","122","9","都市悬疑-设计故事设定","'用于【都市悬疑】题材下的故事设定、手法、程序链与证据载体设计。作为题材包装层、兼容入口与路由层，负责保留都市悬疑入口名、补充都市程序摩擦、异常证据与现实代价边界，并明确要求优先强制加载并使用 `通用-设计故事设定`。关键词：都市悬疑故事设定、程序链、证据载体、规则代价。'","'要设计或重写哪份都市悬疑故事设定文件？默认按“规则条款、证据映射、程序摩擦、镜头包、验证流程”处理。'","false","False","0","0","0","False","","0","3","创新性要素库.md;科学对冲玄学与都市程序证据补丁.md;示例格式与验证流程.md","False","0","False","True","True","False"
"都市悬疑\skills\都市悬疑-设计故事面\SKILL.md","GenreWrapper","都市悬疑-设计故事面","69","8","都市悬疑-设计故事面","'用于【都市悬疑】题材下的故事面设计、重写与审计。作为题材包装层与兼容入口，负责保留都市悬疑入口名、补充社会议题、异常证据与人物后果耦合口径，并明确要求优先强制加载并使用 `通用-设计故事面`。关键词：都市悬疑故事面、M0、X线、供血锚点、卷级推进。'","'要设计或重写哪个都市悬疑故事面？默认按“谜面、供血锚点、跨卷交接与正文可调用性”处理。'","false","False","0","0","0","False","","0","1","都市议题与悬疑母题耦合清单.md","False","0","False","True","True","False"
"都市悬疑\skills\都市悬疑-设计标题\SKILL.md","GenreWrapper","都市悬疑-设计标题","77","9","都市悬疑-设计标题","'用于【都市悬疑】题材下的书名设计、筛选、重排与多平台适配。作为题材包装层、兼容入口与路由层，负责保留都市悬疑入口名，补充都市现实压迫、证据异常、职业切口与系统性危险感，并明确要求优先强制加载并使用 `通用-设计标题`。支持今日头条平台。'","'要为哪部都市悬疑作品设计标题？默认按“城市现实感、异常感、证据感与平台辨识度”生成候选并筛选。'","false","False","0","0","0","False","","0","2","各平台题材化书名补丁.md;题材书名补充规则.md","False","0","False","True","True","False"
"都市悬疑\skills\都市悬疑-设计线索伏笔与回收台账\SKILL.md","GenreWrapper","都市悬疑-设计线索伏笔与回收台账","71","9","都市悬疑-设计线索伏笔与回收台账","'用于【都市悬疑】题材下的线索、伏笔、误导与回收台账设计。作为题材包装层、兼容入口与路由层，负责保留都市悬疑入口名、补充旧案回声、城市留痕、推理公平性与证据口径，并明确要求优先强制加载并使用 `通用-设计线索伏笔与回收台账`。'","'要建立或重写哪份都市悬疑线索 / 伏笔台账？默认按“线索、证据、误导、回收窗口与余波”一并处理。'","false","False","0","0","0","False","","0","1","README.md","False","0","False","True","True","False"
"都市悬疑\skills\都市悬疑-设计题材定位框架\SKILL.md","GenreWrapper","都市悬疑-设计题材定位框架","70","8","都市悬疑-设计题材定位框架","'用于【都市悬疑】题材下的题材定位、卖点校准与入口判断。作为题材包装层与路由层，负责保留都市悬疑入口名、补充职业抓手、异常证据、程序摩擦、现实代价与平台主口径，并明确要求优先强制加载并使用 `通用-设计题材定位框架`。'","'要校准哪部都市悬疑作品的题材定位？默认按“主卖点、职业抓手、异常证据、平台主口径与创新组合”处理。'","false","False","0","0","0","False","","0","2","都市悬疑定位与项目裁判源.md;题材边界与入口说明.md","False","0","False","True","True","False"
"都市悬疑\skills\都市悬疑-输出B站版\SKILL.md","GenreWrapper","都市悬疑-输出B站版","64","8","都市悬疑-输出B站版","'用于【都市悬疑】题材下的 B站 平台输出任务。作为题材包装层、兼容入口与路由层，负责保留都市悬疑入口、补充视听化异常、互动讨论感、现实空间压迫与证据链边界，并明确要求优先强制加载并使用 `通用-输出B站版`。关键词：都市悬疑B站版、B站、视听化、讨论感。'","'要把哪一章都市悬疑改成 B站 版？默认按“保证据链、视听化异常与年轻读者可读性，不写成解说稿”处理。'","false","False","0","0","0","False","","0","4","分节级补救映射与详细规则回填.md;平台研究补充.md;题材边界与来源.md;执行细则与题材补丁.md","False","0","False","True","True","False"
"都市悬疑\skills\都市悬疑-输出GoodNovel版\SKILL.md","GenreWrapper","都市悬疑-输出GoodNovel版","65","8","都市悬疑-输出GoodNovel版","'用于【都市悬疑】题材下的 GoodNovel 平台输出任务。作为题材包装层、兼容入口与路由层，负责保留都市悬疑入口、补充关系张力与现实调查边界，并明确要求优先强制加载并使用 `通用-输出GoodNovel版`。关键词：都市悬疑GoodNovel版、英文平台、关系张力、调查悬疑。'","'要把哪一章都市悬疑改成 GoodNovel 版？默认按“保调查压力、人物拉扯与英文情绪张力”处理。'","false","False","0","0","0","False","","0","4","分节级补救映射与详细规则回填.md;平台研究补充.md;题材边界与来源.md;执行细则与题材补丁.md","False","0","False","True","True","False"
"都市悬疑\skills\都市悬疑-输出My Fiction版\SKILL.md","GenreWrapper","都市悬疑-输出My Fiction版","65","8","都市悬疑-输出My Fiction版","'用于【都市悬疑】题材下的 My Fiction 平台输出任务。作为题材包装层、兼容入口与路由层，负责保留都市悬疑入口、补充关系黏性与调查驱动边界，并明确要求优先强制加载并使用 `通用-输出My Fiction版`。关键词：都市悬疑My Fiction版、英文追更、关系张力。'","'要把哪一章都市悬疑改成 My Fiction 版？默认按“保案件推进、关系拉力与英文追更感”处理。'","false","False","0","0","0","False","","0","4","分节级补救映射与详细规则回填.md;平台研究补充.md;题材边界与来源.md;执行细则与题材补丁.md","False","0","False","True","True","False"
"都市悬疑\skills\都市悬疑-输出WebNovel版\SKILL.md","GenreWrapper","都市悬疑-输出WebNovel版","66","8","都市悬疑-输出WebNovel版","'用于【都市悬疑】题材下的 WebNovel 平台输出任务。作为题材包装层、兼容入口与路由层，负责保留都市悬疑入口、补充调查逻辑与跨文化可读边界，并明确要求优先强制加载并使用 `通用-输出WebNovel版`。关键词：都市悬疑WebNovel版、跨文化悬疑、英文连载。'","'要把哪一章都市悬疑改成 WebNovel 版？默认按“保推理链、压迫感与跨文化可读性”处理。'","false","False","0","0","0","False","","0","4","分节级补救映射与详细规则回填.md;平台研究补充.md;题材边界与来源.md;执行细则与题材补丁.md","False","0","False","True","True","False"
"都市悬疑\skills\都市悬疑-输出七猫版\SKILL.md","GenreWrapper","都市悬疑-输出七猫版","67","8","都市悬疑-输出七猫版","'用于【都市悬疑】题材下的七猫平台输出任务。作为题材包装层、兼容入口与路由层，负责保留都市悬疑入口、补充直白短叙、普通人共情、生活化悬念与章末翻页边界，并明确要求优先强制加载并使用 `通用-输出七猫版`。关键词：都市悬疑七猫版、七猫、直给反馈、追读。'","'要把哪一章都市悬疑改成七猫版？默认按“保案件链、普通人软肋与强反馈，不写成空爽文”处理。'","false","False","0","0","0","False","","0","4","分节级补救映射与详细规则回填.md;平台研究补充.md;题材边界与来源.md;执行细则与题材补丁.md","False","0","False","True","True","False"
"都市悬疑\skills\都市悬疑-输出今日头条版\SKILL.md","GenreWrapper","都市悬疑-输出今日头条版","131","14","都市悬疑-输出今日头条版","'用于【都市悬疑】题材下的今日头条平台输出任务。作为题材包装层、兼容入口与路由层，负责保留都市悬疑入口、补充案件反转与互动驱动边界，并明确要求优先强制加载并使用 `通用-输出今日头条版`。关键词：都市悬疑今日头条版、今日头条平台、开篇钩子、互动驱动、规则怪谈、中式悬疑。'","'要把哪一章都市悬疑改成今日头条版？默认按""开篇钩子密集 + 强情节推进 + 互动驱动 + 案件反转""处理。'","false","False","0","0","0","False","","0","2","题材边界与来源.md;执行细则与题材补丁.md","False","0","False","True","True","False"
"都市悬疑\skills\都市悬疑-输出出版社版\SKILL.md","GenreWrapper","都市悬疑-输出出版社版","65","8","都市悬疑-输出出版社版","'用于【都市悬疑】题材下的出版社平台输出任务。作为题材包装层、兼容入口与路由层，负责保留都市悬疑入口、补充出版审读友好度与现实调查质感边界，并明确要求优先强制加载并使用 `通用-输出出版社版`。关键词：都市悬疑出版社版、传统出版、审稿友好、现实调查。'","'要把哪一章都市悬疑改成出版社版？默认按“保现实调查厚度、证据链与审读友好度”处理。'","false","False","0","0","0","False","","0","4","分节级补救映射与详细规则回填.md;平台研究补充.md;题材边界与来源.md;执行细则与题材补丁.md","False","0","False","True","True","False"
"都市悬疑\skills\都市悬疑-输出小红书版\SKILL.md","GenreWrapper","都市悬疑-输出小红书版","67","8","都市悬疑-输出小红书版","'用于【都市悬疑】题材下的小红书平台输出任务。作为题材包装层、兼容入口与路由层，负责保留都市悬疑入口、补充体感异常、凡人共情、移动端吸附与可分享感官瞬间边界，并明确要求优先强制加载并使用 `通用-输出小红书版`。关键词：都市悬疑小红书版、小红书、体感、共情。'","'要把哪一章都市悬疑改成小红书版？默认按“保案件链、体感异常与凡人共情，不写成笔记腔”处理。'","false","False","0","0","0","False","","0","4","分节级补救映射与详细规则回填.md;平台研究补充.md;题材边界与来源.md;执行细则与题材补丁.md","False","0","False","True","True","False"
"都市悬疑\skills\都市悬疑-输出微信订阅号版\SKILL.md","GenreWrapper","都市悬疑-输出微信订阅号版","65","8","都市悬疑-输出微信订阅号版","'用于【都市悬疑】题材下的微信订阅号平台输出任务。作为题材包装层、兼容入口与路由层，负责保留都市悬疑入口、补充连续追更与社交传播边界，并明确要求优先强制加载并使用 `通用-输出微信订阅号版`。关键词：都市悬疑微信订阅号版、公众号连载、微钩子、持续关注。'","'要把哪一章都市悬疑改成微信订阅号版？默认按“保连续追更动力、证据递进与社交传播顺滑度”处理。'","false","False","0","0","0","False","","0","4","分节级补救映射与详细规则回填.md;平台研究补充.md;题材边界与来源.md;执行细则与题材补丁.md","False","0","False","True","True","False"
"都市悬疑\skills\都市悬疑-输出新浪微博版\SKILL.md","GenreWrapper","都市悬疑-输出新浪微博版","67","8","都市悬疑-输出新浪微博版","'用于【都市悬疑】题材下的新浪微博平台输出任务。作为题材包装层、兼容入口与路由层，负责保留都市悬疑入口、补充短促抓点、话题切口、评论驱动、现实议题锚定与证据链边界，并明确要求优先强制加载并使用 `通用-输出新浪微博版`。关键词：都市悬疑新浪微博版、微博、话题切口、评论驱动。'","'要把哪一章都市悬疑改成新浪微博版？默认按“保案件链、现实议题与传播切口，不写成评论帖”处理。'","false","False","0","0","0","False","","0","4","分节级补救映射与详细规则回填.md;平台研究补充.md;题材边界与来源.md;执行细则与题材补丁.md","False","0","False","True","True","False"
"都市悬疑\skills\都市悬疑-输出番茄版\SKILL.md","GenreWrapper","都市悬疑-输出番茄版","66","8","都市悬疑-输出番茄版","'用于【都市悬疑】题材下的番茄平台输出任务。作为题材包装层、兼容入口与路由层，负责保留都市悬疑入口、补充证据链与压迫感边界，并明确要求优先强制加载并使用 `通用-输出番茄版`。关键词：都市悬疑番茄版、番茄平台、强钩子、免费阅读。'","'要把哪一章都市悬疑改成番茄版？默认按“保案件链、压迫感与章末硬钩子，强化追读节奏”处理。'","false","False","0","0","0","False","","0","4","分节级补救映射与详细规则回填.md;平台研究补充.md;题材边界与来源.md;执行细则与题材补丁.md","False","0","False","True","True","False"
"都市悬疑\skills\都市悬疑-输出百度百家号版\SKILL.md","GenreWrapper","都市悬疑-输出百度百家号版","67","8","都市悬疑-输出百度百家号版","'用于【都市悬疑】题材下的百度百家号平台输出任务。作为题材包装层、兼容入口与路由层，负责保留都市悬疑入口、补充冷峻写实、信息抓力、搜索友好、日常物件线索化与顺滑扫读边界，并明确要求优先强制加载并使用 `通用-输出百度百家号版`。关键词：都市悬疑百度百家号版、百家号、信息抓力、现实共鸣。'","'要把哪一章都市悬疑改成百度百家号版？默认按“保案件链、现实职业线索与信息抓力，不写成资讯稿”处理。'","false","False","0","0","0","False","","0","4","分节级补救映射与详细规则回填.md;平台研究补充.md;题材边界与来源.md;执行细则与题材补丁.md","False","0","False","True","True","False"
"都市悬疑\skills\都市悬疑-输出知乎版\SKILL.md","GenreWrapper","都市悬疑-输出知乎版","66","8","都市悬疑-输出知乎版","'用于【都市悬疑】题材下的知乎平台输出任务。作为题材包装层、兼容入口与路由层，负责保留都市悬疑入口、补充调查逻辑与现实压迫感边界，并明确要求优先强制加载并使用 `通用-输出知乎版`。关键词：都市悬疑知乎版、知乎盐选、逻辑链、讨论感。'","'要把哪一章都市悬疑改成知乎版？默认按“保调查逻辑、保证据链、强化讨论感与现实质感”处理。'","false","False","0","0","0","False","","0","4","分节级补救映射与详细规则回填.md;平台研究补充.md;题材边界与来源.md;执行细则与题材补丁.md","False","0","False","True","True","False"
"都市悬疑\skills\都市悬疑-输出纵横小说版\SKILL.md","GenreWrapper","都市悬疑-输出纵横小说版","67","8","都市悬疑-输出纵横小说版","'用于【都市悬疑】题材下的纵横小说网平台输出任务。作为题材包装层、兼容入口与路由层，负责保留都市悬疑入口、补充证据链条与人性落点边界，并明确要求优先强制加载并使用 `通用-输出纵横小说版`。关键词：都市悬疑纵横版、纵横中文网、中等节奏、现实锚点、职业流、民俗流。'","'要把哪一章都市悬疑改成纵横小说版？默认按""保案件链 + 中等节奏克制悬念 + 人性落点显化 + 限制性视角""处理。'","false","False","0","0","0","False","","0","2","题材边界与来源.md;执行细则与题材补丁.md","False","0","False","True","True","False"
"都市悬疑\skills\都市悬疑-输出豆瓣版\SKILL.md","GenreWrapper","都市悬疑-输出豆瓣版","65","8","都市悬疑-输出豆瓣版","'用于【都市悬疑】题材下的豆瓣平台输出任务。作为题材包装层、兼容入口与路由层，负责保留都市悬疑入口、补充现实纹理与调查氛围边界，并明确要求优先强制加载并使用 `通用-输出豆瓣版`。关键词：都市悬疑豆瓣版、豆瓣阅读、现实质感、文学性。'","'要把哪一章都市悬疑改成豆瓣版？默认按“保现实纹理、调查余味与压抑感，不洗空案件骨架”处理。'","false","False","0","0","0","False","","0","4","分节级补救映射与详细规则回填.md;平台研究补充.md;题材边界与来源.md;执行细则与题材补丁.md","False","0","False","True","True","False"
"都市悬疑\skills\都市悬疑-输出起点中文网版\SKILL.md","GenreWrapper","都市悬疑-输出起点中文网版","48","6","都市悬疑-输出起点中文网版","都市悬疑题材的起点中文网版输出包装层。路由到 通用-输出起点中文网版，并叠加都市悬疑题材专项补丁与禁行项。","要把哪一章输出为起点中文网版（都市悬疑）？默认执行：加载通用-输出起点中文网版 + 题材补丁。","false","False","0","0","0","False","","0","0","","False","0","False","True","True","False"
"都市职场\skills\都市职场-分析竞对作品\SKILL.md","GenreWrapper","都市职场-分析竞对作品","99","11","都市职场-分析竞对作品","""用于【都市职场】题材下搜索起点中文网等目标平台的同题材 TopN 候选池，先锁定榜单与样本池，再从中收束 3–5 本主样本做四层深拆式竞对分析。作为题材包装层与路由层，负责保留都市职场标准入口名，补充都市职业、现实针脚、证据/程序链、长线供血等题材维度，并明确要求优先强制加载并使用 `通用-分析竞对作品`。关键词：都市职场竞对分析、都市职场竞品分析、起点都市职场榜单、标杆作品拆解、职业标杆报告。""","""请输入要服务的都市职场项目、目标平台、TopN 的 N 值（默认 10）以及报告落盘目录；若未指定，默认以起点中文网为主，并先锁定 Top10 候选池，再收束 3–5 本主样本写入当前工作目录或 `都市职场/竞对分析/`。""","false","False","0","0","0","False","","0","1","都市职场竞对分析补充维度.md","False","0","False","True","True","False"
"都市职场\skills\都市职场-创建小说正文\SKILL.md","GenreWrapper","都市职场-创建小说正文","93","16","都市职场-创建小说正文","'用于【都市职场】题材下的章节正文创作。作为题材包装层、兼容入口与路由层，负责保留都市职场入口名，补充起点追读、证据程序、真实编号、城市压迫感与文件写回要求，并要求生成的 `","'要写哪一章都市职场正文？默认按“章纲 / 控制卡 / 场景施工 / 回报与钩子兑现”处理。'","false","False","0","0","0","False","","0","2","控制卡落正文与镜头化桥接.md;题材正文创作补充规则.md","False","0","False","True","True","False"
"都市职场\skills\都市职场-去AI味重写\SKILL.md","GenreWrapper","都市职场-去AI味重写","64","6","都市职场-去AI味重写","'用于【都市职场】题材下的去 AI 味重写。作为题材包装层、兼容入口与路由层，负责保留都市职场标准入口名、补充程序 / 证据口径、数值双轨与冷压迫来源保护边界，并明确要求优先强制加载并使用 `通用-去AI味重写`。关键词：都市职场去AI味、模板腔、证据口径、冷压迫。'","'要处理哪一章或哪一段都市职场正文的 AI 味？默认按“保信息、保结构、保护证据与冷压迫来源”处理。'","false","False","0","0","0","False","","0","9","都市冷压迫来源保护清单.md;去AI味执行清单.md;三级改造与工具包.md;实战自检与陷阱.md;数值双轨与视角保护.md;通用风格与排版补充.md;与控制卡_正文润色_审阅章节正文的桥接规则.md;AI味识别雷达.md;AI味识别与改写工具包.md","False","0","False","True","True","False"
"都市职场\skills\都市职场-多平台小说适配\SKILL.md","GenreWrapper","都市职场-多平台小说适配","58","7","都市职场-多平台小说适配","'用于【都市职场】题材下的多平台适配策略。作为题材包装层与兼容入口，负责保留都市职场入口名、补充异常证据、程序摩擦、城市压迫感与长期内幕在各平台的保真边界，并明确要求优先强制加载并使用 `通用-多平台小说适配`。关键词：都市职场多平台适配、平台差异、改写前推演、平台保真。'","'要把哪一章都市职场适配到哪些平台？默认按“先做平台差异推演，再按题材保真边界拉开版本”处理。'","false","False","0","0","0","False","","0","1","都市职场平台适配优先级矩阵.md","False","0","False","True","True","False"
"都市职场\skills\都市职场-多平台输出编排\SKILL.md","GenreWrapper","都市职场-多平台输出编排","65","7","都市职场-多平台输出编排","'用于【都市职场】题材下的多平台输出 SOP 编排。作为题材包装层、兼容入口与路由层，负责保留都市职场入口名，并明确要求优先强制加载并使用 `通用-多平台输出编排`，同时在多平台分发前先锁定母稿底盘与题材差异。'","'要把哪一章或哪几章分发到多个平台？默认按“母稿提纯 → 平台适配 → 分平台落盘 → 质检摘要”处理。'","false","False","0","0","0","False","","0","2","题材多平台输出保真规则.md;README.md","False","0","False","True","True","False"
"都市职场\skills\都市职场-大纲审阅优化闭环\SKILL.md","GenreWrapper","都市职场-大纲审阅优化闭环","56","7","都市职场-大纲审阅优化闭环","'用于【都市职场】题材下的提纲审阅优化 SOP 编排。作为题材包装层、兼容入口与路由层，负责保留都市职场入口名，并明确要求优先强制加载并使用 `通用-大纲审阅优化闭环`，同时按总纲 / 分卷对象分流到对应题材审阅与设计 Skill。'","'要把哪份都市职场大纲反复审改到过线？默认按“审阅 → 回写 → 复审”持续覆盖同一份主报告。'","false","False","0","0","0","False","","0","2","题材大纲闭环补充规则.md;总纲分卷审改轮次与回写策略.md","False","0","False","True","True","False"
"都市职场\skills\都市职场-审阅人物传记\SKILL.md","GenreWrapper","都市职场-审阅人物传记","85","9","都市职场-审阅人物传记","'用于审阅都市职场人物传记。作为题材包装层与兼容入口，负责补充可证据化秘密、事件性关系网与镜头抓手等题材裁判口径，并明确要求优先强制加载并使用 `通用-审阅人物传记`。关键词：都市职场人物审阅、可证据化秘密、关系网、心理弧线。'","'要审哪份都市职场人物传记？默认按“身份、动机、边界、关系、抓手、弧线、索引”从严体检。'","false","False","0","0","0","False","","0","4","人物传记审阅报告增补.md;人物传记审阅检查清单.md;审阅维度说明.md;题材人物审阅模板补充.md","False","0","False","True","True","False"
"都市职场\skills\都市职场-审阅分卷大纲\SKILL.md","GenreWrapper","都市职场-审阅分卷大纲","104","13","都市职场-审阅分卷大纲","'审阅都市职场小说分部大纲、分卷大纲、章清单与单元事件执行版。核心要求是：分部/分卷大纲必须把上一级分配给本层的内容切实、全量、保质落地。分部审阅要核查总纲层文件组分配给本部的全部内容是否已落地；分卷审阅要按是否存在分部，分别核查其是否完整落地总纲层或分部层分配内容。关键词：分部审阅、分卷审阅、单元事件审阅、节奏布点、钩子策略、章清单审阅。'","'要审哪份都市职场分部 / 分卷文件？默认按“上游全量落地、卷级节奏、章中回报与单元闭环”处理。'","false","False","0","0","0","False","","0","4","分部与分卷审阅报告增补.md;分部与分卷审阅专属检查清单.md;首卷留存章中回报与平台节奏诊断.md;题材分卷审阅模板补充.md","False","0","False","True","True","False"
"都市职场\skills\都市职场-审阅总大纲\SKILL.md","GenreWrapper","都市职场-审阅总大纲","106","13","都市职场-审阅总大纲","'审阅都市职场小说总大纲、全书总纲、故事多面体、主线核心冲突与单元事件矩阵。这里的“总大纲”默认指总纲层文件组，而非单一文件；至少包括 `小说总大纲.md`、`故事面/`、`伏笔与回收总纲.md`、`故事多面体大纲.md`，以及其它相关总表级大纲文件。用于审阅总纲层 Canon 文件及其联动关系。关键词：总纲审阅、总大纲、全书审阅、机制递进、单元事件矩阵、总纲报告。'","'要审哪组都市职场总纲层文件？默认按“总纲层文件组联动、主线供血、机制递进与可回写性”处理。'","false","False","0","0","0","False","","0","4","题材总纲审阅模板补充.md;总纲断供诊断与回写补丁.md;总纲审阅报告增补.md;总纲审阅专属检查清单.md","False","0","False","True","True","False"
"都市职场\skills\都市职场-审阅故事设定\SKILL.md","GenreWrapper","都市职场-审阅故事设定","120","11","都市职场-审阅故事设定","'用于审阅都市职场故事设定、手法、程序链与证据载体文档。作为题材包装层与兼容入口，负责补充异常证据、程序摩擦与现实代价等题材裁判口径，并明确要求优先强制加载并使用 `通用-审阅故事设定`。关键词：都市职场设定审阅、程序链、证据载体、规则代价。'","'要审哪份都市职场故事设定文件？默认按“可执行、可证据化、可叙事化、可承受代价”处理。'","false","False","0","0","0","False","","0","1","题材技术审阅模板补充.md","False","0","False","True","True","False"
"都市职场\skills\都市职场-审阅章节正文\SKILL.md","GenreWrapper","都市职场-审阅章节正文","95","12","都市职场-审阅章节正文","'审阅都市职场章节正文。用于检查章内追读驱动、中段回报、章末钩子、人物传记一致性、因果闭环、证据链、时间表达与作者管理编号出戏风险，并输出可落库、可回写的章节审阅报告。'","'要审哪一章都市职场正文？默认按“追读驱动、中段回报、章末钩子、因果闭环与证据链”处理。'","false","False","0","0","0","False","","0","6","都市现实针脚与回炉优先级.md;控制卡_正文_审阅_回炉桥.md;题材章节正文审阅模板补充.md;章节审阅核心点.md;章节正文审阅报告增补.md;章节正文审阅检查清单.md","False","0","False","True","True","False"
"都市职场\skills\都市职场-小说项目初始化\SKILL.md","GenreWrapper","都市职场-小说项目初始化","121","9","都市职场-小说项目初始化","'用于【都市职场】题材下的项目级战略初始化——在选定平台后、设计大纲之前，补充都市职场特有的行业切口、阶层突破机制、职业细节可信度、商战博弈逻辑与平台适配偏好。作为题材包装层与路由层，强制加载并使用 `通用-小说项目初始化`。'","'--platform 七猫 --genre 都市职场。初始化哪本都市职场新书？'","false","False","1","0","0","True","","0","0","","False","0","False","True","True","False"
"都市职场\skills\都市职场-平台签约评估框架\SKILL.md","GenreWrapper","都市职场-平台签约评估框架","125","13","都市职场-平台签约评估框架","'用于【都市职场】题材下以默认极严、保守、负面证据优先的口径评估作品在{目标平台}的签约、过稿与连载潜力。作为题材包装层与路由层，负责保留都市职场标准入口名，并明确要求优先强制加载并使用 `通用-平台签约评估框架`。关键词：都市职场签约评估、极严评估、签约概率评估、过稿潜力、总纲闸门预评估、分卷闸门预评估、正文准入评估、竞品威胁评估。'","'要评估哪部都市职场作品在哪个目标平台（起点/七猫/番茄/晋江等）的签约或过稿潜力，当前材料位于总纲、分卷还是正文阶段？本 Skill 默认即采用极严保守口径（继承自通用-平台签约评估框架），并强制回答""当前层是否适合推进下一层""；重点按""赛道归类、黄金三章、主角抓手、长线供血与投稿准备""处理。'","false","False","0","0","0","False","","0","3","起点都市职场审核锚点与红线.md;起点签约概率评估报告模板.md;起点签约概率评估检查清单.md","False","0","False","True","True","False"
"都市职场\skills\都市职场-强化章末钩子\SKILL.md","GenreWrapper","都市职场-强化章末钩子","56","6","都市职场-强化章末钩子","'用于【都市职场】题材下的章末钩子强化。作为题材包装层与兼容入口，负责保留都市职场入口名、补充未完成动作、新变量入场、更糟后果与订阅级驱动口感，并明确要求优先强制加载并使用 `通用-强化章末钩子`。关键词：都市职场章末钩子、转折、揭露、危机、下一章驱动。'","'要强化哪一章都市职场结尾？默认按“转折、揭露、危机、未完成动作与更糟后果”处理。'","false","False","0","0","0","False","","0","0","","False","0","False","True","True","False"
"都市职场\skills\都市职场-强化章节开头\SKILL.md","GenreWrapper","都市职场-强化章节开头","61","6","都市职场-强化章节开头","'用于【都市职场】题材下的章节开头强化。作为题材包装层与兼容入口，负责保留都市职场入口名、补充冷开场、异常触发、现实针脚与即时动作压力口感，并明确要求优先强制加载并使用 `通用-强化章节开头`。关键词：都市职场开头强化、冷开场、异常触发、首屏留存。'","'要强化哪一章都市职场开头？默认按“异常、冲突、困境、悬念缺口与即时动作压力”处理。'","false","False","0","0","0","False","","0","0","","False","0","False","True","True","False"
"都市职场\skills\都市职场-执行场景单元\SKILL.md","GenreWrapper","都市职场-执行场景单元","69","8","都市职场-执行场景单元","'用于【都市职场】题材下的场景单元施工、章节微型剧本与抓眼开场。作为题材包装层、兼容入口与路由层，负责保留都市职场标准入口名、补充城市空间压迫、程序阻力与证据入场口感，并明确要求优先强制加载并使用 `通用-执行场景单元`。关键词：都市职场场景单元、楼道、电梯、值班室、地下车库、日常异化。'","'要处理哪一章、哪一场景或哪类城市微空间？默认同时考虑抓眼入口、现实针脚、程序阻力、证据入场与章尾推动。'","false","False","0","0","0","False","","0","3","都市日常异化与场景压迫补丁.md;控制卡到场景单元桥接模板.md;README.md","False","0","False","True","True","False"
"都市职场\skills\都市职场-执行对话冲突\SKILL.md","GenreWrapper","都市职场-执行对话冲突","71","8","都市职场-执行对话冲突","'用于【都市职场】题材下的问责约谈、试探、争执、谈判与规则对峙场景。作为题材包装层、兼容入口与路由层，负责保留都市职场入口名、补充职业语体与程序压迫，并明确要求优先强制加载并使用 `通用-执行对话冲突`。'","'要处理哪段都市职场关键对话？默认按“职业压迫感、潜台词、误导与风险升级”处理。'","false","False","0","0","0","False","","0","3","都市职业话术与问责约谈压迫补充.md;控制卡回报点与对话施压桥.md;README.md","False","0","False","True","True","False"
"都市职场\skills\都市职场-执行微空间受限场景\SKILL.md","GenreWrapper","都市职场-执行微空间受限场景","70","8","都市职场-执行微空间受限场景","'用于【都市职场】题材下的微空间或受限空间场景施工。作为题材包装层、兼容入口与路由层，负责保留都市职场标准入口名、补充城市受限空间、现实针脚、规则代价与证据回收口径，并明确要求优先强制加载并使用 `通用-执行微空间受限场景`。关键词：都市职场微空间、楼道、电梯、值班室、地下车库、贴脸压迫。'","'要处理哪一章、哪一场微空间，或哪种受限环境？默认同时考虑现实功能、微反常升级、规则代价、证据入场与章尾余震。'","false","False","0","0","0","False","","0","3","都市微空间异化手法与禁行项.md;控制卡压进微空间镜头的施工桥.md;README.md","False","0","False","True","True","False"
"都市职场\skills\都市职场-提纯多平台母稿\SKILL.md","GenreWrapper","都市职场-提纯多平台母稿","54","6","都市职场-提纯多平台母稿","'用于【都市职场】题材下的多平台母稿提纯。作为题材包装层与兼容入口，负责保留都市职场入口名、补充异常证据、程序摩擦、城市压迫感与长期内幕的底盘保真，并明确要求优先强制加载并使用 `通用-提纯多平台母稿`。关键词：都市职场母稿提纯、多平台底稿、证据链、平台可分化。'","'要把哪一章都市职场母稿提纯到可供多平台改写？默认按“保底盘、保事件链、保异常证据与追读链”处理。'","false","False","0","0","0","False","","0","0","","False","0","False","True","True","False"
"都市职场\skills\都市职场-撰写书评\SKILL.md","GenreWrapper","都市职场-撰写书评","56","6","都市职场-撰写书评","'用于【都市职场】题材下的全书 / 分部 / 分卷 / 分章书评撰写、重写与审计。作为题材包装层、兼容入口与路由层，负责保留都市职场入口名、补充城市现实压迫、异常证据与人性代价的推荐话术，并明确要求优先强制加载并使用 `通用-撰写书评`。'","'要给哪部都市职场作品写书评？默认按“城市现实压迫、异常证据、人性代价与不剧透安利”处理。'","false","False","0","0","0","False","","0","3","都市职场按平台推荐书评模板组.md;普通读者都市职场书评切口库.md;题材书评补充规则.md","False","0","False","True","True","False"
"都市职场\skills\都市职场-撰写内容简介\SKILL.md","GenreWrapper","都市职场-撰写内容简介","51","6","都市职场-撰写内容简介","'用于【都市职场】题材下的内容简介撰写、压缩与适配。作为题材包装层、兼容入口与路由层，负责保留都市职场入口名、补充题材卖点与持续承诺，并明确要求优先强制加载并使用 `通用-撰写内容简介`。'","'要写哪部都市职场作品的内容简介？默认按“异常证据、现实代价、长期内幕与平台勾连”处理。'","false","False","0","0","0","False","","0","1","题材简介补充规则.md","False","0","False","True","True","False"
"都市职场\skills\都市职场-正文润色\SKILL.md","GenreWrapper","都市职场-正文润色","64","9","都市职场-正文润色","'用于【都市职场】题材下的正文润色。作为题材包装层、兼容入口与路由层，负责保留都市职场标准入口名、补充有限视角、证据链、程序阻力与城市压迫感裁判边界，并明确要求优先强制加载并使用 `通用-正文润色`。关键词：都市职场正文润色、有限视角、证据链、程序阻力、代入感。'","'要润哪一章都市职场正文？默认按“保信息、保证据链、保中段回报与章末钩子”处理。'","false","False","0","0","0","False","","0","6","章节正文润色检查清单.md;章节正文润色流程.md;正文润色数值双轨禁忌与沉浸控制.md;正文润色增强技法与读者机制.md;正文润色执行流程与输出规范.md;正文润色总裁判与交付规则.md","False","0","False","True","True","False"
"都市职场\skills\都市职场-润色作者有话说\SKILL.md","GenreWrapper","都市职场-润色作者有话说","72","10","都市职场-润色作者有话说","'用于【都市职场】题材下的作者有话说润色。作为题材包装层与兼容入口，负责保留都市职场入口名，补充“一粒城市微细节 + 一点后怕或冷笑 + 一个轻追问”的章后口感，并明确要求优先强制加载并使用 `通用-润色作者有话说`。关键词：都市职场作者有话说、读者向小剧场、余波、轻悬念。'","'要润色哪一章都市职场的作者有话说？默认按“城市微细节切入、轻余波、轻互动、不剧透、不讲案件解析”处理。'","false","False","0","0","0","False","","0","2","题材作者有话说补充规则.md;作者有话说与读者侧产物协同.md","False","0","False","True","True","False"
"都市职场\skills\都市职场-生成章节控制卡\SKILL.md","GenreWrapper","都市职场-生成章节控制卡","67","8","都市职场-生成章节控制卡","'用于【都市职场】题材下的章节控制卡生成。作为题材包装层、兼容入口与路由层，负责保留都市职场入口名、补充主线推进、证据入场、程序阻力与危险升级口径，并明确要求优先强制加载并使用 `通用-生成章节控制卡`。关键词：都市职场控制卡、主线推进、证据入场、中段回报、危险升级。'","'要为哪一章都市职场生成控制卡？默认按“主线推进、证据入场、中段回报、章末钩子与危险升级”处理。'","false","False","0","0","0","False","","0","4","卷首_中段_卷尾分型模板卡.md;可直接复制填写的都市职场控制卡模板.md;控制卡标题段落与作者有话说策略.md;题材控制卡补充规则.md","False","0","False","True","True","False"
"都市职场\skills\都市职场-章节创作闭环\SKILL.md","GenreWrapper","都市职场-章节创作闭环","80","8","都市职场-章节创作闭环","'用于【都市职场】题材下的章节创作 SOP 编排。作为题材包装层、兼容入口与路由层，负责保留都市职场入口名，并明确要求优先强制加载并使用 `通用-章节创作闭环`，同时锁定题材写作链、程序证据连续性、城市压迫感与批量回炉护栏。'","'要按都市职场口径连续跑几章闭环？默认按“正文 → 润色 → 去AI味 → 审阅回炉 → 读者产物”完整续跑。'","false","False","0","0","0","False","","0","4","读者侧产物接线规则.md;控制卡入正文施工与回炉桥.md;题材章节创作闭环补充规则.md;阅读笔记与分章书评路径约定补充.md","False","0","False","True","True","False"
"都市职场\skills\都市职场-管理连续性冷热线\SKILL.md","GenreWrapper","都市职场-管理连续性冷热线","52","6","都市职场-管理连续性冷热线","'用于【都市职场】题材下的连续性、旧线回收与冷热线管理。作为题材包装层、兼容入口与路由层，负责保留都市职场入口名、补充历史留痕回声、关系余波、证据链不断点与回归压力判断，并明确要求优先强制加载并使用 `通用-管理连续性冷热线`。关键词：都市职场连续性、旧线回收、冷热线、回归窗口、证据链不断点。'","'要梳理哪几章都市职场连续性与旧线回收？默认按“回归窗口、人物压力、证据链不断点与下一章承接风险”处理。'","false","False","0","0","0","False","","0","1","题材连续性补充规则.md","False","0","False","True","True","False"
"都市职场\skills\都市职场-组包投稿材料\SKILL.md","GenreWrapper","都市职场-组包投稿材料","101","11","都市职场-组包投稿材料","'用于【都市职场】题材下的投稿材料组包、起点内投整包与补件审计。作为题材包装层、兼容入口与路由层，负责保留都市职场入口名，补充职业抓手、证据异常、现实摩擦、长期内幕与起点男频裁判口径，并明确要求优先强制加载并使用 `通用-组包投稿材料`。'","'要把哪部都市职场作品组装成投稿包？默认按“起点评估结果、书名简介、30000字连续正文、总大纲/第1卷卷纲与最弱一环”处理。'","false","False","0","0","0","False","","0","2","起点内投材料落盘模板.md;题材投稿包补充规则.md","False","0","False","True","True","False"
"都市职场\skills\都市职场-设计事件案件引擎\SKILL.md","GenreWrapper","都市职场-设计事件案件引擎","67","7","都市职场-设计事件案件引擎","'用于【都市职场】题材下的单元事件、事件母板与制度冲突供血设计。作为题材包装层与路由层，负责保留都市职场标准入口名，并明确要求优先强制加载并使用 `通用-设计事件案件引擎`。'","'要设计哪个都市职场单元事件或事件母板？默认按“异常信号、证据链、误导反证、代价与主线供血”处理。'","false","False","0","0","0","False","","0","2","都市现实摩擦与单元事件供血规则.md;README.md","False","0","False","True","True","False"
"都市职场\skills\都市职场-设计人物传记\SKILL.md","GenreWrapper","都市职场-设计人物传记","98","9","都市职场-设计人物传记","'用于【都市职场】题材下的人物传记设计与重写。作为题材包装层、兼容入口与路由层，负责保留都市职场入口名、补充可证据化秘密、镜头抓手、风险边界与程序口径，并明确要求优先强制加载并使用 `通用-设计人物传记`。关键词：都市职场人物传记、可证据化秘密、镜头抓手、人物裁判源。'","'要设计或重写哪份都市职场人物传记？默认按“身份、动机、边界、关系、抓手、心理弧线、索引”完整落地。'","false","False","0","0","0","False","","0","8","创新人物设计与心理弧线规范.md;创新性人物设计要点.md;内容一致性与风险校验.md;人物传记模板与写作抓手.md;三级大纲索引模板.md;三级大纲索引示例.md;心理弧线与索引规则.md;质量控制与验证流程.md","False","0","False","True","True","False"
"都市职场\skills\都市职场-设计分卷大纲\SKILL.md","GenreWrapper","都市职场-设计分卷大纲","96","12","都市职场-设计分卷大纲","'设计都市职场小说分部大纲、分卷大纲、卷纲、章清单与章节微型剧本。核心要求是：分部/分卷大纲必须把上一级大纲分配给本层的内容切实、全量、保质落地。分部大纲要承接总纲层文件组分配给本部的全部内容；分卷大纲在无分部小说中按分部口径承接总纲层分配内容，在有分部小说中承接本部分配给本卷的全部内容。覆盖：分部、分卷、卷纲、章纲、章清单、故事线、情节块、故事点、卷级启动表、爽点布点表、章节钩子链、反AI味、现实锚点、移动端可读性。'","'要处理哪份都市职场分部 / 分卷文件？默认按“上级全量落地、卷级任务拆解、章清单与微型剧本”处理。'","false","False","0","0","0","False","","0","4","分部模板.md;分部与分卷专属设计规则.md;分卷模板与章节工件.md;故事面供血分卷落地与首卷抓手.md","False","0","False","True","True","False"
"都市职场\skills\都市职场-设计封面生图提示词\SKILL.md","GenreWrapper","都市职场-设计封面生图提示词","78","11","都市职场-设计封面生图提示词","'用于【都市职场】题材下的封面生图提示词设计。作为题材包装层、兼容入口与路由层，负责保留都市职场入口名、补充城市压迫感、异常证据、人物危险感与平台展示边界，并明确要求优先强制加载并使用 `通用-设计封面生图提示词`。关键词：都市职场封面提示词、城市压迫、异常证据、平台展示。'","'要为哪部都市职场作品设计封面生图提示词？默认按“城市压迫感、异常证据、人物危险感与平台展示需求”处理。'","false","False","0","0","0","False","","0","0","","False","0","False","True","True","False"
"都市职场\skills\都市职场-设计总大纲\SKILL.md","GenreWrapper","都市职场-设计总大纲","101","12","都市职场-设计总大纲","'设计都市职场小说总大纲、全书总纲、故事多面体、主线内幕面与单元事件矩阵。这里的“总大纲”默认指总纲层文件组，而非单一文件；至少包括 `小说总大纲.md`、`故事面/`、`伏笔与回收总纲.md`、`故事多面体大纲.md`，以及其它相关总表级大纲文件。用于创建、重写、修改总纲层 Canon 文件及其联动关系。覆盖：总大纲、总纲、全书、故事面、M0、X01、单元事件矩阵、钩子链、反AI味、现实锚点、缺陷型主角、总纲模板、总纲审计。'","'要处理哪组都市职场总纲层文件？默认按“总纲层文件组联动、M0 / X / C、证据链与平台口径”处理。'","false","False","0","0","0","False","","0","3","故事面联动首卷承诺与平台闭环.md;总纲模板与验收.md;总纲专属设计规则.md","False","0","False","True","True","False"
"都市职场\skills\都市职场-设计故事设定\SKILL.md","GenreWrapper","都市职场-设计故事设定","129","9","都市职场-设计故事设定","'用于【都市职场】题材下的故事设定、手法、程序链与证据载体设计。作为题材包装层、兼容入口与路由层，负责保留都市职场入口名、补充都市程序摩擦、异常证据与现实代价边界，并明确要求优先强制加载并使用 `通用-设计故事设定`。关键词：都市职场故事设定、程序链、证据载体、规则代价。'","'要设计或重写哪份都市职场故事设定文件？默认按“规则条款、证据映射、程序摩擦、镜头包、验证流程”处理。'","false","False","1","0","0","True","","0","3","创新性要素库.md;都市职场程序证据载体与权限校验补丁.md;示例格式与验证流程.md","False","0","False","True","True","False"
"都市职场\skills\都市职场-设计故事面\SKILL.md","GenreWrapper","都市职场-设计故事面","59","7","都市职场-设计故事面","'用于【都市职场】题材下的故事面设计、重写与审计。作为题材包装层与兼容入口，负责保留都市职场入口名、补充社会议题、异常证据与人物后果耦合口径，并明确要求优先强制加载并使用 `通用-设计故事面`。关键词：都市职场故事面、M0、X线、供血锚点、卷级推进。'","'要设计或重写哪个都市职场故事面？默认按“谜面、供血锚点、跨卷交接与正文可调用性”处理。'","false","False","0","0","0","False","","0","1","都市议题与职业处境耦合清单.md","False","0","False","True","True","False"
"都市职场\skills\都市职场-设计标题\SKILL.md","GenreWrapper","都市职场-设计标题","77","9","都市职场-设计标题","'用于【都市职场】题材下的书名设计、筛选、重排与多平台适配。作为题材包装层、兼容入口与路由层，负责保留都市职场入口名，补充都市现实压迫、证据异常、职业切口与系统性危险感，并明确要求优先强制加载并使用 `通用-设计标题`。'","'要为哪部都市职场作品设计标题？默认按“城市现实感、异常感、证据感与平台辨识度”生成候选并筛选。'","false","False","0","0","0","False","","0","2","各平台题材化书名补丁.md;题材书名补充规则.md","False","0","False","True","True","False"
"都市职场\skills\都市职场-设计线索伏笔与回收台账\SKILL.md","GenreWrapper","都市职场-设计线索伏笔与回收台账","72","9","都市职场-设计线索伏笔与回收台账","'用于【都市职场】题材下的线索、伏笔、误导与回收台账设计。作为题材包装层、兼容入口与路由层，负责保留都市职场入口名、补充历史留痕、城市接口、因果自证与证据口径，并明确要求优先强制加载并使用 `通用-设计线索伏笔与回收台账`。'","'要建立或重写哪份都市职场线索 / 伏笔台账？默认按“线索、证据、误导、回收窗口与余波”一并处理。'","false","False","0","0","0","False","","0","1","README.md","False","0","False","True","True","False"
"都市职场\skills\都市职场-设计题材定位框架\SKILL.md","GenreWrapper","都市职场-设计题材定位框架","70","8","都市职场-设计题材定位框架","'用于【都市职场】题材下的题材定位、卖点校准与入口判断。作为题材包装层与路由层，负责保留都市职场入口名、补充职业抓手、异常证据、程序摩擦、现实代价与平台主口径，并明确要求优先强制加载并使用 `通用-设计题材定位框架`。'","'要校准哪部都市职场作品的题材定位？默认按“主卖点、职业抓手、异常证据、平台主口径与创新组合”处理。'","false","False","0","0","0","False","","0","2","都市职场定位与项目裁判源.md;题材边界与入口说明.md","False","0","False","True","True","False"
"都市职场\skills\都市职场-输出GoodNovel版\SKILL.md","GenreWrapper","都市职场-输出GoodNovel版","70","8","都市职场-输出GoodNovel版","'用于【都市职场】题材下的 GoodNovel 平台输出任务。作为题材包装层、兼容入口与路由层，负责保留都市职场入口、补充关系张力与现实调查边界，并明确要求优先强制加载并使用 `通用-输出GoodNovel版`。关键词：都市职场GoodNovel版、英文平台、关系张力、调查悬疑。'","'要把哪一章都市职场改成 GoodNovel 版？默认按“保调查压力、人物拉扯与英文情绪张力”处理。'","false","False","0","0","0","False","","0","4","分节级补救映射与详细规则回填.md;平台研究补充.md;题材边界与来源.md;执行细则与题材补丁.md","False","0","False","True","True","False"
"都市职场\skills\都市职场-输出My Fiction版\SKILL.md","GenreWrapper","都市职场-输出My Fiction版","70","8","都市职场-输出My Fiction版","'用于【都市职场】题材下的 My Fiction 平台输出任务。作为题材包装层、兼容入口与路由层，负责保留都市职场入口、补充关系黏性与调查驱动边界，并明确要求优先强制加载并使用 `通用-输出My Fiction版`。关键词：都市职场My Fiction版、英文追更、关系张力。'","'要把哪一章都市职场改成 My Fiction 版？默认按“保案件推进、关系拉力与英文追更感”处理。'","false","False","0","0","0","False","","0","4","分节级补救映射与详细规则回填.md;平台研究补充.md;题材边界与来源.md;执行细则与题材补丁.md","False","0","False","True","True","False"
"都市职场\skills\都市职场-输出WebNovel版\SKILL.md","GenreWrapper","都市职场-输出WebNovel版","70","8","都市职场-输出WebNovel版","'用于【都市职场】题材下的 WebNovel 平台输出任务。作为题材包装层、兼容入口与路由层，负责保留都市职场入口、补充调查逻辑与跨文化可读边界，并明确要求优先强制加载并使用 `通用-输出WebNovel版`。关键词：都市职场WebNovel版、跨文化悬疑、英文连载。'","'要把哪一章都市职场改成 WebNovel 版？默认按“保证据-因果链、压迫感与跨文化可读性”处理。'","false","False","0","0","0","False","","0","4","分节级补救映射与详细规则回填.md;平台研究补充.md;题材边界与来源.md;执行细则与题材补丁.md","False","0","False","True","True","False"
"都市职场\skills\都市职场-输出出版社版\SKILL.md","GenreWrapper","都市职场-输出出版社版","70","8","都市职场-输出出版社版","'用于【都市职场】题材下的出版社平台输出任务。作为题材包装层、兼容入口与路由层，负责保留都市职场入口、补充出版审读友好度与现实调查质感边界，并明确要求优先强制加载并使用 `通用-输出出版社版`。关键词：都市职场出版社版、传统出版、审稿友好、现实调查。'","'要把哪一章都市职场改成出版社版？默认按“保现实调查厚度、证据链与审读友好度”处理。'","false","False","0","0","0","False","","0","4","分节级补救映射与详细规则回填.md;平台研究补充.md;题材边界与来源.md;执行细则与题材补丁.md","False","0","False","True","True","False"
"都市职场\skills\都市职场-输出微信订阅号版\SKILL.md","GenreWrapper","都市职场-输出微信订阅号版","70","8","都市职场-输出微信订阅号版","'用于【都市职场】题材下的微信订阅号平台输出任务。作为题材包装层、兼容入口与路由层，负责保留都市职场入口、补充连续追更与社交传播边界，并明确要求优先强制加载并使用 `通用-输出微信订阅号版`。关键词：都市职场微信订阅号版、公众号连载、微钩子、持续关注。'","'要把哪一章都市职场改成微信订阅号版？默认按“保连续追更动力、证据递进与社交传播顺滑度”处理。'","false","False","0","0","0","False","","0","4","分节级补救映射与详细规则回填.md;平台研究补充.md;题材边界与来源.md;执行细则与题材补丁.md","False","0","False","True","True","False"
"都市职场\skills\都市职场-输出番茄版\SKILL.md","GenreWrapper","都市职场-输出番茄版","71","8","都市职场-输出番茄版","'用于【都市职场】题材下的番茄平台输出任务。作为题材包装层、兼容入口与路由层，负责保留都市职场入口、补充证据链与压迫感边界，并明确要求优先强制加载并使用 `通用-输出番茄版`。关键词：都市职场番茄版、番茄平台、强钩子、免费阅读。'","'要把哪一章都市职场改成番茄版？默认按“保案件链、压迫感与章末硬钩子，强化追读节奏”处理。'","false","False","0","0","0","False","","0","4","分节级补救映射与详细规则回填.md;平台研究补充.md;题材边界与来源.md;执行细则与题材补丁.md","False","0","False","True","True","False"
"都市职场\skills\都市职场-输出知乎版\SKILL.md","GenreWrapper","都市职场-输出知乎版","71","8","都市职场-输出知乎版","'用于【都市职场】题材下的知乎平台输出任务。作为题材包装层、兼容入口与路由层，负责保留都市职场入口、补充调查逻辑与现实压迫感边界，并明确要求优先强制加载并使用 `通用-输出知乎版`。关键词：都市职场知乎版、知乎盐选、逻辑链、讨论感。'","'要把哪一章都市职场改成知乎版？默认按“保调查逻辑、保证据链、强化讨论感与现实质感”处理。'","false","False","0","0","0","False","","0","4","分节级补救映射与详细规则回填.md;平台研究补充.md;题材边界与来源.md;执行细则与题材补丁.md","False","0","False","True","True","False"
"都市职场\skills\都市职场-输出豆瓣版\SKILL.md","GenreWrapper","都市职场-输出豆瓣版","70","8","都市职场-输出豆瓣版","'用于【都市职场】题材下的豆瓣平台输出任务。作为题材包装层、兼容入口与路由层，负责保留都市职场入口、补充现实纹理与调查氛围边界，并明确要求优先强制加载并使用 `通用-输出豆瓣版`。关键词：都市职场豆瓣版、豆瓣阅读、现实质感、文学性。'","'要把哪一章都市职场改成豆瓣版？默认按“保现实纹理、调查余味与压抑感，不洗空案件骨架”处理。'","false","False","0","0","0","False","","0","4","分节级补救映射与详细规则回填.md;平台研究补充.md;题材边界与来源.md;执行细则与题材补丁.md","False","0","False","True","True","False"
"都市职场\skills\都市职场-输出起点中文网版\SKILL.md","GenreWrapper","都市职场-输出起点中文网版","48","6","都市职场-输出起点中文网版","都市职场题材的起点中文网版输出包装层。路由到 通用-输出起点中文网版，并叠加都市职场题材专项补丁与禁行项。","要把哪一章输出为起点中文网版（都市职场）？默认执行：加载通用-输出起点中文网版 + 题材补丁。","false","False","0","0","0","False","","0","0","","False","0","False","True","True","False"
